#K-Path(1/A) Energy-Level(eV)
# NKPTS & NBANDS: 180  32
# Band-Index:    1
   0.00000    -13.487492
   0.04230    -13.483029
   0.08460    -13.469622
   0.12689    -13.447363
   0.16919    -13.416425
   0.21149    -13.377086
   0.25379    -13.329623
   0.29609    -13.274463
   0.33839    -13.212174
   0.38068    -13.143477
   0.42298    -13.069236
   0.46528    -12.990603
   0.50758    -12.909093
   0.54988    -12.826638
   0.59218    -12.745729
   0.63447    -12.669628
   0.67677    -12.602458
   0.71907    -12.549016
   0.76137    -12.514256
   0.80367    -12.502146
   0.80367    -12.502146
   0.82809    -12.501264
   0.85251    -12.498631
   0.87693    -12.494283
   0.90135    -12.488279
   0.92577    -12.480701
   0.95019    -12.471659
   0.97461    -12.461287
   0.99903    -12.449752
   1.02346    -12.437254
   1.04788    -12.424031
   1.07230    -12.410365
   1.09672    -12.396578
   1.12114    -12.383035
   1.14556    -12.370153
   1.16998    -12.358397
   1.19440    -12.348278
   1.21882    -12.340347
   1.24324    -12.335178
   1.26766    -12.333333
   1.26766    -12.333333
   1.31651    -12.341690
   1.36535    -12.368677
   1.41419    -12.415435
   1.46303    -12.480516
   1.51187    -12.560463
   1.56072    -12.650899
   1.60956    -12.747431
   1.65840    -12.846115
   1.70724    -12.943690
   1.75608    -13.037604
   1.80492    -13.125743
   1.85377    -13.206479
   1.90261    -13.278580
   1.95145    -13.341033
   2.00029    -13.393048
   2.04913    -13.434065
   2.09798    -13.463674
   2.14682    -13.481538
   2.19566    -13.487492
   2.19566    -13.487492
   2.22340    -13.485078
   2.25114    -13.477806
   2.27888    -13.465679
   2.30662    -13.448702
   2.33436    -13.426887
   2.36210    -13.400252
   2.38984    -13.368839
   2.41758    -13.332639
   2.44532    -13.291675
   2.47306    -13.245973
   2.50080    -13.195564
   2.52855    -13.140495
   2.55629    -13.080815
   2.58403    -13.016543
   2.61177    -12.947726
   2.63951    -12.874413
   2.66725    -12.796663
   2.69499    -12.714553
   2.72273    -12.628174
   2.72273    -12.628174
   2.76503    -12.624810
   2.80733    -12.614862
   2.84962    -12.598471
   2.89192    -12.575914
   2.93422    -12.547589
   2.97652    -12.514019
   3.01882    -12.475853
   3.06112    -12.433864
   3.10341    -12.388973
   3.14571    -12.342266
   3.18801    -12.294918
   3.23031    -12.248226
   3.27261    -12.203593
   3.31490    -12.162477
   3.35720    -12.126356
   3.39950    -12.096596
   3.44180    -12.074372
   3.48410    -12.060624
   3.52640    -12.055964
   3.52640    -12.055964
   3.55082    -12.054800
   3.57524    -12.051318
   3.59966    -12.045546
   3.62408    -12.037535
   3.64850    -12.027355
   3.67292    -12.015100
   3.69734    -12.000892
   3.72176    -11.984878
   3.74618    -11.967233
   3.77061    -11.948166
   3.79503    -11.927923
   3.81945    -11.906793
   3.84387    -11.885111
   3.86829    -11.863256
   3.89271    -11.841663
   3.91713    -11.820816
   3.94155    -11.801250
   3.96597    -11.783530
   3.99039    -11.768271
   3.99039    -11.768271
   4.03924    -11.799353
   4.08808    -11.837330
   4.13692    -11.882072
   4.18576    -11.933081
   4.23460    -11.989476
   4.28344    -12.050129
   4.33229    -12.113722
   4.38113    -12.178785
   4.42997    -12.243814
   4.47881    -12.307339
   4.52765    -12.367963
   4.57650    -12.424443
   4.62534    -12.475638
   4.67418    -12.520582
   4.72302    -12.558441
   4.77186    -12.588555
   4.82070    -12.610422
   4.86955    -12.623688
   4.91839    -12.628174
   4.91839    -12.055964
   4.94613    -12.063828
   4.97387    -12.085255
   5.00161    -12.115706
   5.02935    -12.151081
   5.05709    -12.188571
   5.08483    -12.226396
   5.11257    -12.263426
   5.14031    -12.298912
   5.16805    -12.332337
   5.19579    -12.363328
   5.22353    -12.391608
   5.25127    -12.416962
   5.27901    -12.439220
   5.30676    -12.458252
   5.33450    -12.473953
   5.36224    -12.486245
   5.38998    -12.495064
   5.41772    -12.500372
   5.44546    -12.502146
   5.44546    -11.768271
   5.47320    -11.820838
   5.50094    -11.871694
   5.52868    -11.920641
   5.55642    -11.967504
   5.58416    -12.012122
   5.61190    -12.054340
   5.63964    -12.094009
   5.66738    -12.130996
   5.69512    -12.165184
   5.72286    -12.196456
   5.75060    -12.224706
   5.77834    -12.249842
   5.80609    -12.271785
   5.83383    -12.290469
   5.86157    -12.305836
   5.88931    -12.317836
   5.91705    -12.326437
   5.94479    -12.331607
   5.97253    -12.333333
 
# Band-Index:    2
   5.97253    -10.691180
   5.94479    -10.742366
   5.91705    -10.794855
   5.88931    -10.848550
   5.86157    -10.903362
   5.83383    -10.959190
   5.80609    -11.015938
   5.77834    -11.073483
   5.75060    -11.131690
   5.72286    -11.190418
   5.69512    -11.249515
   5.66738    -11.308817
   5.63964    -11.368152
   5.61190    -11.427332
   5.58416    -11.486166
   5.55642    -11.544469
   5.52868    -11.602033
   5.50094    -11.658653
   5.47320    -11.714127
   5.44546    -11.768236
   5.44546    -11.038261
   5.41772    -11.041650
   5.38998    -11.051752
   5.36224    -11.068343
   5.33450    -11.091075
   5.30676    -11.119499
   5.27901    -11.153087
   5.25127    -11.191256
   5.22353    -11.233377
   5.19579    -11.278798
   5.16805    -11.326846
   5.14031    -11.376787
   5.11257    -11.427842
   5.08483    -11.479126
   5.05709    -11.529567
   5.02935    -11.577757
   5.00161    -11.621690
   4.97387    -11.658376
   4.94613    -11.683588
   4.91839    -11.692726
   4.91839    -12.628135
   4.86955    -12.622596
   4.82070    -12.605937
   4.77186    -12.578425
   4.72302    -12.540433
   4.67418    -12.492514
   4.62534    -12.435424
   4.57650    -12.370160
   4.52765    -12.297984
   4.47881    -12.220507
   4.42997    -12.139696
   4.38113    -12.058025
   4.33229    -11.978492
   4.28344    -11.904651
   4.23460    -11.840488
   4.18576    -11.790039
   4.13692    -11.756756
   4.08808    -11.742624
   4.03924    -11.747335
   3.99039    -11.768236
   3.99039    -11.768236
   3.96597    -11.755213
   3.94155    -11.743763
   3.91713    -11.733835
   3.89271    -11.725342
   3.86829    -11.718174
   3.84387    -11.712213
   3.81945    -11.707338
   3.79503    -11.703424
   3.77061    -11.700347
   3.74618    -11.697985
   3.72176    -11.696224
   3.69734    -11.694955
   3.67292    -11.694075
   3.64850    -11.693495
   3.62408    -11.693130
   3.59966    -11.692915
   3.57524    -11.692798
   3.55082    -11.692741
   3.52640    -11.692726
   3.52640    -11.692726
   3.48410    -11.704387
   3.44180    -11.737862
   3.39950    -11.789292
   3.35720    -11.853827
   3.31490    -11.926783
   3.27261    -12.004170
   3.23031    -12.082822
   3.18801    -12.160330
   3.14571    -12.234872
   3.10341    -12.305074
   3.06112    -12.369907
   3.01882    -12.428538
   2.97652    -12.480348
   2.93422    -12.524863
   2.89192    -12.561721
   2.84962    -12.590649
   2.80733    -12.611447
   2.76503    -12.623977
   2.72273    -12.628135
   2.72273    -12.628135
   2.69499    -12.537522
   2.66725    -12.442735
   2.63951    -12.343882
   2.61177    -12.241061
   2.58403    -12.134394
   2.55629    -12.023991
   2.52855    -11.909960
   2.50080    -11.792432
   2.47306    -11.671557
   2.44532    -11.547497
   2.41758    -11.420452
   2.38984    -11.290597
   2.36210    -11.158131
   2.33436    -11.023278
   2.30662    -10.886296
   2.27888    -10.747461
   2.25114    -10.607106
   2.22340    -10.465548
   2.19566    -10.323157
   2.19566    -10.323157
   2.14682    -10.324990
   2.09798    -10.330594
   2.04913    -10.340288
   2.00029    -10.354576
   1.95145    -10.374041
   1.90261    -10.399224
   1.85377    -10.430510
   1.80492    -10.467973
   1.75608    -10.511187
   1.70724    -10.559077
   1.65840    -10.609794
   1.60956    -10.660655
   1.56072    -10.708142
   1.51187    -10.747925
   1.46303    -10.775214
   1.41419    -10.785390
   1.36535    -10.775038
   1.31651    -10.743052
   1.26766    -10.691180
   1.26766    -10.691180
   1.24324    -10.721289
   1.21882    -10.750937
   1.19440    -10.779924
   1.16998    -10.808067
   1.14556    -10.835190
   1.12114    -10.861130
   1.09672    -10.885735
   1.07230    -10.908867
   1.04788    -10.930401
   1.02346    -10.950222
   0.99903    -10.968225
   0.97461    -10.984318
   0.95019    -10.998425
   0.92577    -11.010476
   0.90135    -11.020416
   0.87693    -11.028195
   0.85251    -11.033777
   0.82809    -11.037138
   0.80367    -11.038261
   0.80367    -11.038261
   0.76137    -11.026586
   0.71907    -10.993193
   0.67677    -10.942338
   0.63447    -10.879472
   0.59218    -10.810004
   0.54988    -10.738557
   0.50758    -10.668830
   0.46528    -10.603585
   0.42298    -10.544731
   0.38068    -10.493357
   0.33839    -10.449890
   0.29609    -10.414230
   0.25379    -10.385877
   0.21149    -10.364044
   0.16919    -10.347835
   0.12689    -10.336358
   0.08460    -10.328803
   0.04230    -10.324534
   0.00000    -10.323157
 
# Band-Index:    3
   0.00000    -10.323152
   0.04230    -10.322129
   0.08460    -10.319065
   0.12689    -10.313982
   0.16919    -10.306933
   0.21149    -10.298016
   0.25379    -10.287366
   0.29609    -10.275175
   0.33839    -10.261698
   0.38068    -10.247252
   0.42298    -10.232207
   0.46528    -10.216986
   0.50758    -10.202028
   0.54988    -10.187800
   0.59218    -10.174771
   0.63447    -10.163400
   0.67677    -10.154081
   0.71907    -10.147157
   0.76137    -10.142887
   0.80367    -10.141449
   0.80367    -10.141449
   0.82809    -10.143691
   0.85251    -10.150396
   0.87693    -10.161496
   0.90135    -10.176881
   0.92577    -10.196388
   0.95019    -10.219796
   0.97461    -10.246843
   0.99903    -10.277220
   1.02346    -10.310561
   1.04788    -10.346458
   1.07230    -10.384454
   1.09672    -10.424024
   1.12114    -10.464590
   1.14556    -10.505526
   1.16998    -10.546161
   1.19440    -10.585782
   1.21882    -10.623653
   1.24324    -10.659031
   1.26766    -10.691163
   1.26766    -10.691163
   1.31651    -10.630365
   1.36535    -10.570244
   1.41419    -10.512572
   1.46303    -10.459060
   1.51187    -10.411241
   1.56072    -10.370362
   1.60956    -10.337264
   1.65840    -10.312318
   1.70724    -10.295338
   1.75608    -10.285680
   1.80492    -10.282321
   1.85377    -10.283949
   1.90261    -10.289112
   1.95145    -10.296353
   2.00029    -10.304311
   2.04913    -10.311809
   2.09798    -10.317876
   2.14682    -10.321798
   2.19566    -10.323152
   2.19566    -10.323152
   2.22340    -10.180335
   2.25114    -10.037555
   2.27888     -9.895327
   2.30662     -9.754242
   2.33436     -9.614916
   2.36210     -9.478048
   2.38984     -9.344428
   2.41758     -9.214936
   2.44532     -9.090543
   2.47306     -8.972336
   2.50080     -8.861451
   2.52855     -8.759131
   2.55629     -8.666677
   2.58403     -8.585430
   2.61177     -8.516710
   2.63951     -8.461760
   2.66725     -8.421649
   2.69499     -8.397223
   2.72273     -8.389021
   2.72273     -8.389021
   2.76503     -8.398673
   2.80733     -8.427387
   2.84962     -8.474432
   2.89192     -8.538636
   2.93422     -8.618462
   2.97652     -8.712099
   3.01882     -8.817530
   3.06112     -8.932565
   3.10341     -9.054913
   3.14571     -9.182183
   3.18801     -9.311864
   3.23031     -9.441204
   3.27261     -9.567183
   3.31490     -9.686350
   3.35720     -9.794704
   3.39950     -9.887526
   3.44180     -9.959546
   3.48410    -10.005513
   3.52640    -10.021356
   3.52640    -10.021356
   3.55082    -10.021763
   3.57524    -10.022990
   3.59966    -10.025037
   3.62408    -10.027916
   3.64850    -10.031630
   3.67292    -10.036185
   3.69734    -10.041578
   3.72176    -10.047786
   3.74618    -10.054767
   3.77061    -10.062444
   3.79503    -10.070700
   3.81945    -10.079372
   3.84387    -10.088239
   3.86829    -10.097016
   3.89271    -10.105343
   3.91713    -10.112789
   3.94155    -10.118850
   3.96597    -10.122948
   3.99039    -10.124457
   3.99039    -10.124457
   4.03924    -10.117125
   4.08808    -10.091979
   4.13692    -10.045484
   4.18576     -9.976331
   4.23460     -9.885502
   4.28344     -9.775765
   4.33229     -9.650833
   4.38113     -9.514766
   4.42997     -9.371675
   4.47881     -9.225591
   4.52765     -9.080447
   4.57650     -8.940149
   4.62534     -8.808540
   4.67418     -8.689391
   4.72302     -8.586201
   4.77186     -8.502172
   4.82070     -8.440030
   4.86955     -8.401882
   4.91839     -8.389021
   4.91839    -10.021356
   4.94613    -10.022126
   4.97387    -10.024421
   5.00161    -10.028175
   5.02935    -10.033296
   5.05709    -10.039653
   5.08483    -10.047091
   5.11257    -10.055433
   5.14031    -10.064473
   5.16805    -10.073991
   5.19579    -10.083756
   5.22353    -10.093531
   5.25127    -10.103054
   5.27901    -10.112065
   5.30676    -10.120308
   5.33450    -10.127509
   5.36224    -10.133419
   5.38998    -10.137817
   5.41772    -10.140529
   5.44546    -10.141449
   5.44546    -10.124457
   5.47320    -10.126401
   5.50094    -10.132213
   5.52868    -10.141840
   5.55642    -10.155182
   5.58416    -10.172119
   5.61190    -10.192499
   5.63964    -10.216147
   5.66738    -10.242880
   5.69512    -10.272513
   5.72286    -10.304861
   5.75060    -10.339731
   5.77834    -10.376948
   5.80609    -10.416349
   5.83383    -10.457785
   5.86157    -10.501121
   5.88931    -10.546231
   5.91705    -10.593012
   5.94479    -10.641357
   5.97253    -10.691163
 
# Band-Index:    4
   5.97253     -4.409568
   5.94479     -4.482807
   5.91705     -4.560113
   5.88931     -4.637102
   5.86157     -4.710910
   5.83383     -4.779668
   5.80609     -4.842127
   5.77834     -4.897446
   5.75060     -4.945044
   5.72286     -4.984544
   5.69512     -5.015681
   5.66738     -5.038307
   5.63964     -5.052347
   5.61190     -5.057774
   5.58416     -5.054611
   5.55642     -5.042933
   5.52868     -5.029944
   5.50094     -5.053848
   5.47320     -5.068292
   5.44546     -5.073130
   5.44546     -4.745527
   5.41772     -4.742081
   5.38998     -4.732354
   5.36224     -4.719102
   5.33450     -4.713401
   5.30676     -4.747539
   5.27901     -4.824773
   5.25127     -4.915001
   5.22353     -5.006029
   5.19579     -5.093697
   5.16805     -5.176036
   5.14031     -5.251825
   5.11257     -5.320235
   5.08483     -5.380626
   5.05709     -5.432500
   5.02935     -5.475466
   5.00161     -5.509201
   4.97387     -5.533467
   4.94613     -5.548088
   4.91839     -5.552973
   4.91839     -3.892979
   4.86955     -3.895431
   4.82070     -3.903766
   4.77186     -3.920909
   4.72302     -3.951622
   4.67418     -4.001883
   4.62534     -4.077233
   4.57650     -4.179968
   4.52765     -4.306596
   4.47881     -4.448348
   4.42997     -4.594302
   4.38113     -4.734419
   4.33229     -4.860693
   4.28344     -4.967138
   4.23460     -5.049441
   4.18576     -5.104606
   4.13692     -5.130901
   4.08808     -5.128234
   4.03924     -5.100452
   3.99039     -5.073130
   3.99039     -5.073130
   3.96597     -5.086126
   3.94155     -5.119269
   3.91713     -5.160379
   3.89271     -5.203194
   3.86829     -5.245313
   3.84387     -5.285705
   3.81945     -5.323861
   3.79503     -5.359483
   3.77061     -5.392377
   3.74618     -5.422415
   3.72176     -5.449493
   3.69734     -5.473532
   3.67292     -5.494476
   3.64850     -5.512274
   3.62408     -5.526890
   3.59966     -5.538283
   3.57524     -5.546443
   3.55082     -5.551342
   3.52640     -5.552973
   3.52640     -5.552973
   3.48410     -5.537944
   3.44180     -5.493186
   3.39950     -5.419689
   3.35720     -5.319170
   3.31490     -5.194043
   3.27261     -5.047552
   3.23031     -4.884027
   3.18801     -4.709452
   3.14571     -4.532196
   3.10341     -4.363667
   3.06112     -4.217071
   3.01882     -4.102453
   2.97652     -4.021258
   2.93422     -3.967523
   2.89192     -3.933474
   2.84962     -3.912738
   2.80733     -3.900830
   2.76503     -3.894803
   2.72273     -3.892979
   2.72273     -3.892979
   2.69499     -3.887160
   2.66725     -3.869896
   2.63951     -3.841721
   2.61177     -3.803507
   2.58403     -3.756353
   2.55629     -3.701506
   2.52855     -3.640284
   2.50080     -3.574045
   2.47306     -3.504070
   2.44532     -3.431588
   2.41758     -3.357735
   2.38984     -3.283495
   2.36210     -3.209781
   2.33436     -3.137390
   2.30662     -3.067059
   2.27888     -3.066392
   2.25114     -3.073548
   2.22340     -3.077865
   2.19566     -3.079312
   2.19566     -3.079312
   2.14682     -3.140905
   2.09798     -3.298223
   2.04913     -3.500101
   2.00029     -3.711631
   1.95145     -3.914520
   1.90261     -4.098771
   1.85377     -4.258482
   1.80492     -4.390046
   1.75608     -4.491435
   1.70724     -4.562044
   1.65840     -4.602535
   1.60956     -4.615016
   1.56072     -4.603168
   1.51187     -4.572476
   1.46303     -4.530432
   1.41419     -4.486090
   1.36535     -4.448322
   1.31651     -4.422698
   1.26766     -4.409568
   1.26766     -4.409568
   1.24324     -4.416588
   1.21882     -4.429356
   1.19440     -4.447073
   1.16998     -4.468725
   1.14556     -4.493222
   1.12114     -4.519512
   1.09672     -4.546653
   1.07230     -4.573824
   1.04788     -4.600345
   1.02346     -4.625651
   0.99903     -4.649274
   0.97461     -4.670833
   0.95019     -4.690039
   0.92577     -4.706645
   0.90135     -4.720465
   0.87693     -4.731356
   0.85251     -4.739205
   0.82809     -4.743942
   0.80367     -4.745527
   0.80367     -4.745527
   0.76137     -4.747873
   0.71907     -4.754300
   0.67677     -4.762451
   0.63447     -4.767844
   0.59218     -4.764678
   0.54988     -4.747264
   0.50758     -4.710985
   0.46528     -4.652642
   0.42298     -4.570402
   0.38068     -4.463632
   0.33839     -4.332843
   0.29609     -4.179640
   0.25379     -4.006821
   0.21149     -3.818642
   0.16919     -3.621696
   0.12689     -3.426770
   0.08460     -3.252154
   0.04230     -3.126085
   0.00000     -3.079312
 
# Band-Index:    5
   0.00000     -2.818338
   0.04230     -2.855566
   0.08460     -2.945092
   0.12689     -3.057553
   0.16919     -3.180299
   0.21149     -3.307832
   0.25379     -3.436434
   0.29609     -3.563203
   0.33839     -3.685793
   0.38068     -3.802266
   0.42298     -3.910960
   0.46528     -4.010348
   0.50758     -4.099005
   0.54988     -4.175525
   0.59218     -4.238545
   0.63447     -4.286918
   0.67677     -4.320172
   0.71907     -4.339459
   0.76137     -4.348118
   0.80367     -4.350349
   0.80367     -4.350349
   0.82809     -4.351108
   0.85251     -4.353335
   0.87693     -4.356883
   0.90135     -4.361514
   0.92577     -4.366943
   0.95019     -4.372835
   0.97461     -4.378844
   0.99903     -4.384656
   1.02346     -4.389968
   1.04788     -4.394556
   1.07230     -4.398263
   1.09672     -4.401013
   1.12114     -4.402821
   1.14556     -4.403830
   1.16998     -4.404285
   1.19440     -4.404555
   1.21882     -4.405128
   1.24324     -4.406582
   1.26766     -4.409567
   1.26766     -4.409567
   1.31651     -4.413841
   1.36535     -4.438987
   1.41419     -4.474819
   1.46303     -4.508896
   1.51187     -4.530417
   1.56072     -4.531572
   1.60956     -4.507342
   1.65840     -4.454991
   1.70724     -4.373543
   1.75608     -4.263485
   1.80492     -4.126562
   1.85377     -3.965569
   1.90261     -3.784453
   1.95145     -3.588468
   2.00029     -3.384848
   2.04913     -3.184236
   2.09798     -3.003423
   2.14682     -2.869527
   2.19566     -2.818338
   2.19566     -2.818338
   2.22340     -2.874515
   2.25114     -2.935049
   2.27888     -2.999415
   2.30662     -3.056464
   2.33436     -3.043856
   2.36210     -3.028687
   2.38984     -3.011102
   2.41758     -2.991273
   2.44532     -2.969401
   2.47306     -2.945719
   2.50080     -2.920484
   2.52855     -2.893956
   2.55629     -2.866440
   2.58403     -2.838254
   2.61177     -2.809738
   2.63951     -2.781220
   2.66725     -2.753071
   2.69499     -2.725625
   2.72273     -2.699244
   2.72273     -2.699244
   2.76503     -2.707594
   2.80733     -2.733266
   2.84962     -2.778672
   2.89192     -2.849903
   2.93422     -2.954326
   2.97652     -3.088000
   3.01882     -3.230488
   3.06112     -3.358432
   3.10341     -3.459165
   3.14571     -3.532825
   3.18801     -3.585482
   3.23031     -3.623023
   3.27261     -3.649350
   3.31490     -3.666659
   3.35720     -3.676112
   3.39950     -3.678275
   3.44180     -3.673520
   3.48410     -3.662652
   3.52640     -3.652663
   3.52640     -3.652663
   3.55082     -3.664684
   3.57524     -3.699474
   3.59966     -3.769524
   3.62408     -3.858839
   3.64850     -3.956251
   3.67292     -4.056966
   3.69734     -4.157705
   3.72176     -4.256196
   3.74618     -4.350817
   3.77061     -4.440351
   3.79503     -4.523867
   3.81945     -4.600630
   3.84387     -4.670064
   3.86829     -4.731707
   3.89271     -4.785197
   3.91713     -4.830266
   3.94155     -4.876917
   3.96597     -4.909958
   3.99039     -4.913303
   3.99039     -4.913303
   4.03924     -4.924687
   4.08808     -4.901502
   4.13692     -4.845062
   4.18576     -4.757231
   4.23460     -4.640220
   4.28344     -4.496559
   4.33229     -4.329073
   4.38113     -4.140931
   4.42997     -3.935944
   4.47881     -3.718971
   4.52765     -3.496784
   4.57650     -3.310530
   4.62534     -3.162254
   4.67418     -3.021159
   4.72302     -2.899763
   4.77186     -2.807349
   4.82070     -2.745348
   4.86955     -2.710433
   4.91839     -2.699244
   4.91839     -3.652663
   4.94613     -3.705979
   4.97387     -3.778087
   5.00161     -3.855858
   5.02935     -3.936669
   5.05709     -4.018549
   5.08483     -4.099934
   5.11257     -4.179538
   5.14031     -4.256232
   5.16805     -4.329012
   5.19579     -4.396891
   5.22353     -4.458787
   5.25127     -4.513137
   5.27901     -4.556703
   5.30676     -4.578965
   5.33450     -4.552598
   5.36224     -4.485534
   5.38998     -4.417223
   5.41772     -4.368196
   5.44546     -4.350349
   5.44546     -4.913303
   5.47320     -4.957868
   5.50094     -4.994430
   5.52868     -5.022835
   5.55642     -4.996818
   5.58416     -4.954832
   5.61190     -4.904460
   5.63964     -4.846308
   5.66738     -4.781183
   5.69512     -4.710140
   5.72286     -4.634612
   5.75060     -4.556600
   5.77834     -4.479035
   5.80609     -4.406228
   5.83383     -4.344483
   5.86157     -4.302032
   5.88931     -4.287057
   5.91705     -4.303227
   5.94479     -4.346863
   5.97253     -4.409567
 
# Band-Index:    6
   5.97253     -3.048517
   5.94479     -3.137543
   5.91705     -3.194052
   5.88931     -3.277630
   5.86157     -3.419364
   5.83383     -3.558266
   5.80609     -3.693172
   5.77834     -3.823443
   5.75060     -3.948626
   5.72286     -4.068395
   5.69512     -4.182445
   5.66738     -4.290522
   5.63964     -4.392386
   5.61190     -4.487808
   5.58416     -4.576566
   5.55642     -4.658459
   5.52868     -4.733279
   5.50094     -4.800820
   5.47320     -4.860888
   5.44546     -4.913299
   5.44546     -3.562240
   5.41772     -3.592964
   5.38998     -3.629209
   5.36224     -3.649771
   5.33450     -3.656751
   5.30676     -3.653809
   5.27901     -3.643738
   5.25127     -3.628531
   5.22353     -3.609674
   5.19579     -3.588466
   5.16805     -3.566224
   5.14031     -3.544421
   5.11257     -3.524834
   5.08483     -3.509605
   5.05709     -3.501263
   5.02935     -3.502540
   5.00161     -3.515936
   4.97387     -3.543071
   4.94613     -3.583861
   4.91839     -3.626595
   4.91839     -2.699218
   4.86955     -2.703524
   4.82070     -2.718498
   4.77186     -2.751248
   4.72302     -2.814591
   4.67418     -2.923363
   4.62534     -3.082275
   4.57650     -3.279544
   4.52765     -3.457701
   4.47881     -3.601920
   4.42997     -3.744720
   4.38113     -3.887800
   4.33229     -4.031689
   4.28344     -4.175783
   4.23460     -4.318786
   4.18576     -4.459002
   4.13692     -4.594450
   4.08808     -4.722517
   4.03924     -4.837578
   3.99039     -4.913299
   3.99039     -4.913299
   3.96597     -4.894415
   3.94155     -4.866714
   3.91713     -4.826557
   3.89271     -4.765412
   3.86829     -4.696222
   3.84387     -4.620416
   3.81945     -4.539025
   3.79503     -4.452957
   3.77061     -4.363154
   3.74618     -4.270672
   3.72176     -4.176752
   3.69734     -4.082906
   3.67292     -3.990999
   3.64850     -3.903396
   3.62408     -3.823074
   3.59966     -3.753690
   3.57524     -3.695193
   3.55082     -3.644686
   3.52640     -3.626595
   3.52640     -3.626595
   3.48410     -3.609511
   3.44180     -3.577410
   3.39950     -3.537416
   3.35720     -3.490535
   3.31490     -3.437319
   3.27261     -3.378351
   3.23031     -3.314338
   3.18801     -3.246177
   3.14571     -3.174955
   3.10341     -3.101955
   3.06112     -3.028677
   3.01882     -2.956826
   2.97652     -2.888418
   2.93422     -2.826065
   2.89192     -2.773750
   2.84962     -2.735986
   2.80733     -2.713438
   2.76503     -2.702438
   2.72273     -2.699218
   2.72273     -2.699218
   2.69499     -2.674222
   2.66725     -2.650914
   2.63951     -2.629610
   2.61177     -2.610612
   2.58403     -2.594192
   2.55629     -2.580645
   2.52855     -2.570272
   2.50080     -2.563403
   2.47306     -2.560390
   2.44532     -2.561651
   2.41758     -2.567607
   2.38984     -2.578675
   2.36210     -2.595255
   2.33436     -2.617657
   2.30662     -2.646077
   2.27888     -2.680548
   2.25114     -2.720938
   2.22340     -2.766994
   2.19566     -2.818334
   2.19566     -2.818334
   2.14682     -2.824465
   2.09798     -2.835274
   2.04913     -2.847158
   2.00029     -2.861756
   1.95145     -2.880583
   1.90261     -2.904724
   1.85377     -2.934961
   1.80492     -2.971746
   1.75608     -3.015017
   1.70724     -3.064027
   1.65840     -3.117004
   1.60956     -3.170932
   1.56072     -3.221204
   1.51187     -3.261334
   1.46303     -3.282843
   1.41419     -3.275874
   1.36535     -3.231386
   1.31651     -3.145778
   1.26766     -3.048517
   1.26766     -3.048517
   1.24324     -3.069821
   1.21882     -3.103088
   1.19440     -3.149753
   1.16998     -3.195760
   1.14556     -3.239892
   1.12114     -3.281722
   1.09672     -3.321038
   1.07230     -3.357720
   1.04788     -3.391679
   1.02346     -3.422846
   0.99903     -3.451142
   0.97461     -3.476456
   0.95019     -3.498714
   0.92577     -3.517797
   0.90135     -3.533605
   0.87693     -3.546048
   0.85251     -3.555017
   0.82809     -3.560431
   0.80367     -3.562240
   0.80367     -3.562240
   0.76137     -3.600516
   0.71907     -3.640876
   0.67677     -3.658171
   0.63447     -3.653896
   0.59218     -3.631667
   0.54988     -3.594696
   0.50758     -3.545503
   0.46528     -3.486123
   0.42298     -3.418348
   0.38068     -3.343903
   0.33839     -3.264665
   0.29609     -3.182780
   0.25379     -3.100838
   0.21149     -3.022060
   0.16919     -2.950432
   0.12689     -2.890697
   0.08460     -2.847798
   0.04230     -2.824643
   0.00000     -2.818334
 
# Band-Index:    7
   0.00000     -1.718085
   0.04230     -1.700017
   0.08460     -1.650171
   0.12689     -1.578716
   0.16919     -1.496773
   0.21149     -1.413982
   0.25379     -1.339083
   0.29609     -1.285412
   0.33839     -1.301990
   0.38068     -1.464482
   0.42298     -1.696960
   0.46528     -1.945752
   0.50758     -2.195183
   0.54988     -2.437762
   0.59218     -2.668355
   0.63447     -2.882655
   0.67677     -3.076361
   0.71907     -3.244671
   0.76137     -3.380386
   0.80367     -3.451367
   0.80367     -3.451367
   0.82809     -3.449855
   0.85251     -3.445334
   0.87693     -3.437819
   0.90135     -3.427339
   0.92577     -3.413947
   0.95019     -3.397708
   0.97461     -3.378707
   0.99903     -3.357061
   1.02346     -3.332912
   1.04788     -3.306453
   1.07230     -3.277943
   1.09672     -3.247721
   1.12114     -3.216255
   1.14556     -3.184184
   1.16998     -3.152379
   1.19440     -3.121962
   1.21882     -3.094163
   1.24324     -3.060660
   1.26766     -3.048491
   1.26766     -3.048491
   1.31651     -3.004609
   1.36535     -2.938235
   1.41419     -2.838212
   1.46303     -2.707685
   1.51187     -2.555420
   1.56072     -2.392152
   1.60956     -2.229802
   1.65840     -2.079585
   1.70724     -1.948374
   1.75608     -1.837892
   1.80492     -1.747608
   1.85377     -1.676952
   1.90261     -1.626073
   1.95145     -1.596015
   2.00029     -1.588873
   2.04913     -1.606892
   2.09798     -1.647865
   2.14682     -1.695619
   2.19566     -1.718085
   2.19566     -1.718085
   2.22340     -1.720823
   2.25114     -1.718461
   2.27888     -1.710629
   2.30662     -1.697084
   2.33436     -1.677757
   2.36210     -1.652785
   2.38984     -1.622501
   2.41758     -1.587419
   2.44532     -1.548188
   2.47306     -1.516058
   2.50080     -1.489641
   2.52855     -1.464304
   2.55629     -1.440659
   2.58403     -1.419311
   2.61177     -1.400859
   2.63951     -1.385844
   2.66725     -1.374745
   2.69499     -1.367926
   2.72273     -1.365627
   2.72273     -1.365627
   2.76503     -1.400803
   2.80733     -1.505571
   2.84962     -1.657690
   2.89192     -1.808901
   2.93422     -1.920841
   2.97652     -1.982257
   3.01882     -2.006350
   3.06112     -2.019902
   3.10341     -2.052442
   3.14571     -2.108709
   3.18801     -2.172560
   3.23031     -2.234288
   3.27261     -2.290193
   3.31490     -2.338702
   3.35720     -2.379041
   3.39950     -2.410764
   3.44180     -2.433585
   3.48410     -2.447344
   3.52640     -2.451941
   3.52640     -2.451941
   3.55082     -2.430435
   3.57524     -2.369694
   3.59966     -2.278320
   3.62408     -2.165200
   3.64850     -2.037262
   3.67292     -1.899391
   3.69734     -1.754963
   3.72176     -1.606348
   3.74618     -1.500487
   3.77061     -1.413439
   3.79503     -1.331522
   3.81945     -1.256249
   3.84387     -1.188929
   3.86829     -1.130667
   3.89271     -1.082295
   3.91713     -1.044408
   3.94155     -1.017322
   3.96597     -1.001147
   3.99039     -0.995797
   3.99039     -0.995797
   4.03924     -1.016597
   4.08808     -1.076559
   4.13692     -1.170012
   4.18576     -1.288357
   4.23460     -1.421266
   4.28344     -1.558629
   4.33229     -1.691739
   4.38113     -1.813366
   4.42997     -1.917327
   4.47881     -1.998019
   4.52765     -2.050030
   4.57650     -2.067859
   4.62534     -2.045609
   4.67418     -1.977529
   4.72302     -1.861555
   4.77186     -1.706909
   4.82070     -1.541207
   4.86955     -1.412254
   4.91839     -1.365627
   4.91839     -2.451941
   4.94613     -2.443493
   4.97387     -2.417912
   5.00161     -2.374895
   5.02935     -2.314818
   5.05709     -2.239060
   5.08483     -2.149793
   5.11257     -2.049516
   5.14031     -1.940981
   5.16805     -1.991776
   5.19579     -2.146530
   5.22353     -2.319406
   5.25127     -2.495913
   5.27901     -2.670210
   5.30676     -2.839074
   5.33450     -2.999813
   5.36224     -3.149407
   5.38998     -3.283574
   5.41772     -3.394424
   5.44546     -3.451367
   5.44546     -0.995797
   5.47320     -1.039568
   5.50094     -1.153838
   5.52868     -1.309018
   5.55642     -1.484549
   5.58416     -1.669210
   5.61190     -1.856798
   5.63964     -2.043538
   5.66738     -2.226785
   5.69512     -2.404345
   5.72286     -2.574068
   5.75060     -2.733442
   5.77834     -2.879241
   5.80609     -3.006918
   5.83383     -3.110057
   5.86157     -3.180336
   5.88931     -3.209557
   5.91705     -3.135828
   5.94479     -3.003808
   5.97253     -3.048491
 
# Band-Index:    8
   5.97253     -2.932265
   5.94479     -2.935566
   5.91705     -2.805353
   5.88931     -2.662431
   5.86157     -2.509897
   5.83383     -2.349893
   5.80609     -2.184002
   5.77834     -2.013470
   5.75060     -1.839336
   5.72286     -1.662564
   5.69512     -1.484083
   5.66738     -1.304909
   5.63964     -1.126161
   5.61190     -0.949222
   5.58416     -0.775908
   5.55642     -0.608764
   5.52868     -0.451557
   5.50094     -0.310045
   5.47320     -0.193010
   5.44546     -0.112547
   5.44546     -1.080721
   5.41772     -1.087261
   5.38998     -1.106732
   5.36224     -1.138823
   5.33450     -1.184109
   5.30676     -1.249772
   5.27901     -1.348273
   5.25127     -1.463892
   5.22353     -1.584525
   5.19579     -1.705830
   5.16805     -1.825108
   5.14031     -1.889606
   5.11257     -1.871360
   5.08483     -1.903783
   5.05709     -1.952510
   5.02935     -2.002836
   5.00161     -2.047925
   4.97387     -2.083469
   4.94613     -2.106256
   4.91839     -2.114113
   4.91839     -1.105962
   4.86955     -1.169617
   4.82070     -1.326869
   4.77186     -1.517955
   4.72302     -1.694819
   4.67418     -1.823201
   4.62534     -1.887154
   4.57650     -1.891398
   4.52765     -1.849281
   4.47881     -1.772223
   4.42997     -1.667593
   4.38113     -1.540068
   4.33229     -1.392730
   4.28344     -1.228003
   4.23460     -1.048111
   4.18576     -0.855434
   4.13692     -0.652845
   4.08808     -0.444603
   4.03924     -0.240024
   3.99039     -0.112547
   3.99039     -0.112547
   3.96597     -0.180647
   3.94155     -0.295881
   3.91713     -0.425558
   3.89271     -0.562746
   3.86829     -0.705081
   3.84387     -0.851233
   3.81945     -1.000243
   3.79503     -1.151204
   3.77061     -1.303219
   3.74618     -1.455308
   3.72176     -1.590954
   3.69734     -1.682875
   3.67292     -1.773962
   3.64850     -1.861498
   3.62408     -1.942180
   3.59966     -2.012091
   3.57524     -2.066822
   3.55082     -2.101963
   3.52640     -2.114113
   3.52640     -2.114113
   3.48410     -2.110885
   3.44180     -2.101276
   3.39950     -2.085521
   3.35720     -2.064062
   3.31490     -2.037640
   3.27261     -2.007454
   3.23031     -1.975391
   3.18801     -1.944201
   3.14571     -1.916314
   3.10341     -1.887580
   3.06112     -1.839984
   3.01882     -1.765130
   2.97652     -1.673438
   2.93422     -1.573189
   2.89192     -1.468779
   2.84962     -1.362336
   2.80733     -1.253565
   2.76503     -1.152164
   2.72273     -1.105962
   2.72273     -1.105962
   2.69499     -1.142312
   2.66725     -1.182252
   2.63951     -1.225255
   2.61177     -1.270672
   2.58403     -1.317724
   2.55629     -1.365593
   2.52855     -1.413426
   2.50080     -1.460371
   2.47306     -1.505570
   2.44532     -1.542956
   2.41758     -1.569770
   2.38984     -1.595938
   2.36210     -1.620931
   2.33436     -1.644237
   2.30662     -1.665365
   2.27888     -1.683811
   2.25114     -1.699079
   2.22340     -1.710667
   2.19566     -1.718074
   2.19566     -1.718074
   2.14682     -1.645320
   2.09798     -1.464763
   2.04913     -1.240635
   2.00029     -1.027438
   1.95145     -0.880628
   1.90261     -0.849848
   1.85377     -0.935289
   1.80492     -1.093689
   1.75608     -1.287108
   1.70724     -1.490942
   1.65840     -1.695881
   1.60956     -1.894734
   1.56072     -2.084043
   1.51187     -2.262076
   1.46303     -2.428084
   1.41419     -2.581807
   1.36535     -2.722963
   1.31651     -2.849525
   1.26766     -2.932265
   1.26766     -2.932265
   1.24324     -2.893510
   1.21882     -2.812760
   1.19440     -2.717010
   1.16998     -2.612156
   1.14556     -2.500375
   1.12114     -2.383051
   1.09672     -2.261351
   1.07230     -2.136404
   1.04788     -2.009370
   1.02346     -1.881534
   0.99903     -1.754359
   0.97461     -1.629590
   0.95019     -1.509394
   0.92577     -1.396461
   0.90135     -1.294180
   0.87693     -1.206727
   0.85251     -1.138911
   0.82809     -1.095635
   0.80367     -1.080721
   0.80367     -1.080721
   0.76137     -1.078449
   0.71907     -1.071913
   0.67677     -1.061978
   0.63447     -1.050175
   0.59218     -1.038796
   0.54988     -1.030883
   0.50758     -1.029722
   0.46528     -1.037689
   0.42298     -1.054412
   0.38068     -1.071982
   0.33839     -1.047402
   0.29609     -0.958021
   0.25379     -1.016426
   0.21149     -1.102520
   0.16919     -1.220584
   0.12689     -1.369162
   0.08460     -1.529753
   0.04230     -1.663560
   0.00000     -1.718074
 
# Band-Index:    9
   0.00000     -0.909213
   0.04230     -0.896470
   0.08460     -0.859695
   0.12689     -0.804980
   0.16919     -0.750136
   0.21149     -0.732784
   0.25379     -0.791043
   0.29609     -0.918262
   0.33839     -0.916317
   0.38068     -0.893261
   0.42298     -0.881891
   0.46528     -0.878128
   0.50758     -0.878148
   0.54988     -0.879299
   0.59218     -0.880487
   0.63447     -0.881587
   0.67677     -0.882647
   0.71907     -0.883593
   0.76137     -0.884260
   0.80367     -0.884502
   0.80367     -0.884502
   0.82809     -0.905048
   0.85251     -0.963479
   0.87693     -1.052043
   0.90135     -1.161948
   0.92577     -1.285671
   0.95019     -1.417472
   0.97461     -1.553131
   0.99903     -1.689522
   1.02346     -1.824199
   1.04788     -1.955161
   1.07230     -2.080620
   1.09672     -2.198847
   1.12114     -2.308061
   1.14556     -2.406309
   1.16998     -2.491375
   1.19440     -2.560779
   1.21882     -2.611940
   1.24324     -2.642785
   1.26766     -2.652799
   1.26766     -2.652799
   1.31651     -2.619134
   1.36535     -2.537853
   1.41419     -2.430500
   1.46303     -2.307341
   1.51187     -2.172154
   1.56072     -2.024911
   1.60956     -1.862944
   1.65840     -1.683647
   1.70724     -1.488950
   1.75608     -1.286279
   1.80492     -1.091134
   1.85377     -0.918120
   1.90261     -0.789299
   1.95145     -0.724802
   2.00029     -0.729039
   2.04913     -0.780735
   2.09798     -0.844781
   2.14682     -0.892283
   2.19566     -0.909213
   2.19566     -0.909213
   2.22340     -0.909422
   2.25114     -0.910063
   2.27888     -0.911161
   2.30662     -0.912755
   2.33436     -0.914894
   2.36210     -0.917665
   2.38984     -0.921162
   2.41758     -0.925523
   2.44532     -0.930910
   2.47306     -0.937536
   2.50080     -0.945654
   2.52855     -0.955559
   2.55629     -0.967601
   2.58403     -0.982164
   2.61177     -0.999664
   2.63951     -1.020503
   2.66725     -1.045032
   2.69499     -1.073485
   2.72273     -1.105941
   2.72273     -1.105941
   2.76503     -1.116625
   2.80733     -1.147467
   2.84962     -1.194621
   2.89192     -1.252089
   2.93422     -1.313207
   2.97652     -1.371190
   3.01882     -1.418451
   3.06112     -1.445309
   3.10341     -1.440174
   3.14571     -1.394925
   3.18801     -1.311035
   3.23031     -1.196576
   3.27261     -1.060002
   3.31490     -0.908249
   3.35720     -0.747680
   3.39950     -0.585945
   3.44180     -0.435314
   3.48410     -0.318594
   3.52640     -0.272093
   3.52640     -0.272093
   3.55082     -0.271278
   3.57524     -0.268832
   3.59966     -0.264756
   3.62408     -0.259065
   3.64850     -0.251762
   3.67292     -0.242869
   3.69734     -0.232395
   3.72176     -0.220367
   3.74618     -0.206834
   3.77061     -0.191909
   3.79503     -0.175799
   3.81945     -0.158880
   3.84387     -0.141777
   3.86829     -0.125463
   3.89271     -0.111311
   3.91713     -0.101088
   3.94155     -0.096761
   3.96597     -0.100172
   3.99039     -0.112540
   3.99039     -0.112540
   4.03924     -0.163989
   4.08808     -0.241686
   4.13692     -0.330561
   4.18576     -0.420183
   4.23460     -0.506427
   4.28344     -0.588647
   4.33229     -0.667061
   4.38113     -0.741685
   4.42997     -0.812072
   4.47881     -0.877491
   4.52765     -0.937064
   4.57650     -0.989937
   4.62534     -1.035354
   4.67418     -1.072668
   4.72302     -1.101206
   4.77186     -1.119824
   4.82070     -1.125942
   4.86955     -1.116607
   4.91839     -1.105941
   4.91839     -0.272093
   4.94613     -0.324483
   4.97387     -0.455979
   5.00161     -0.627392
   5.02935     -0.815420
   5.05709     -1.007573
   5.08483     -1.194043
   5.11257     -1.359261
   5.14031     -1.468578
   5.16805     -1.490507
   5.19579     -1.455180
   5.22353     -1.398465
   5.25127     -1.335027
   5.27901     -1.269452
   5.30676     -1.196271
   5.33450     -1.106072
   5.36224     -1.018127
   5.38998     -0.947010
   5.41772     -0.900648
   5.44546     -0.884502
   5.44546     -0.112540
   5.47320     -0.081200
   5.50094     -0.104668
   5.52868     -0.177119
   5.55642     -0.286066
   5.58416     -0.419641
   5.61190     -0.569275
   5.63964     -0.729347
   5.66738     -0.896195
   5.69512     -1.067353
   5.72286     -1.241085
   5.75060     -1.416058
   5.77834     -1.591232
   5.80609     -1.765691
   5.83383     -1.938587
   5.86157     -2.108948
   5.88931     -2.275381
   5.91705     -2.434953
   5.94479     -2.577678
   5.97253     -2.652799
 
# Band-Index:   10
   5.97253      2.655513
   5.94479      2.617168
   5.91705      2.561655
   5.88931      2.488808
   5.86157      2.398690
   5.83383      2.291651
   5.80609      2.168380
   5.77834      2.029905
   5.75060      1.877574
   5.72286      1.712971
   5.69512      1.537926
   5.66738      1.354420
   5.63964      1.164640
   5.61190      0.971073
   5.58416      0.776782
   5.55642      0.585949
   5.52868      0.405172
   5.50094      0.246012
   5.47320      0.129239
   5.44546      0.084607
   5.44546      0.737328
   5.41772      0.731561
   5.38998      0.731572
   5.36224      0.745505
   5.33450      0.772760
   5.30676      0.811904
   5.27901      0.861663
   5.25127      0.920870
   5.22353      0.988339
   5.19579      1.062683
   5.16805      1.142036
   5.14031      1.223514
   5.11257      1.301308
   5.08483      1.357998
   5.05709      1.332960
   5.02935      1.194328
   5.00161      1.019366
   4.97387      0.851081
   4.94613      0.720076
   4.91839      0.667681
   4.91839      0.358218
   4.86955      0.362806
   4.82070      0.375048
   4.77186      0.394789
   4.72302      0.421347
   4.67418      0.453727
   4.62534      0.490675
   4.57650      0.530672
   4.52765      0.571911
   4.47881      0.612242
   4.42997      0.649099
   4.38113      0.679360
   4.33229      0.699120
   4.28344      0.703254
   4.23460      0.684793
   4.18576      0.634503
   4.13692      0.542539
   4.08808      0.403940
   4.03924      0.226110
   3.99039      0.084607
   3.99039      0.084607
   3.96597      0.130562
   3.94155      0.212976
   3.91713      0.298226
   3.89271      0.378188
   3.86829      0.449246
   3.84387      0.509297
   3.81945      0.557447
   3.79503      0.594101
   3.77061      0.620677
   3.74618      0.639096
   3.72176      0.651315
   3.69734      0.659041
   3.67292      0.663638
   3.64850      0.666144
   3.62408      0.667325
   3.59966      0.667746
   3.57524      0.667788
   3.55082      0.667720
   3.52640      0.667681
   3.52640      0.667681
   3.48410      0.715971
   3.44180      0.836864
   3.39950      0.989993
   3.35720      1.143373
   3.31490      1.266492
   3.27261      1.328431
   3.23031      1.324283
   3.18801      1.276327
   3.14571      1.202929
   3.10341      1.113300
   3.06112      1.012474
   3.01882      0.904233
   2.97652      0.792359
   2.93422      0.681209
   2.89192      0.576075
   2.84962      0.483502
   2.80733      0.411455
   2.76503      0.368596
   2.72273      0.358218
   2.72273      0.358218
   2.69499      0.341017
   2.66725      0.334115
   2.63951      0.337216
   2.61177      0.349747
   2.58403      0.370938
   2.55629      0.399829
   2.52855      0.435341
   2.50080      0.476270
   2.47306      0.521330
   2.44532      0.569137
   2.41758      0.618237
   2.38984      0.667111
   2.36210      0.714183
   2.33436      0.757872
   2.30662      0.796632
   2.27888      0.829061
   2.25114      0.853942
   2.22340      0.870375
   2.19566      0.877831
   2.19566      0.877831
   2.14682      0.849692
   2.09798      0.772042
   2.04913      0.664754
   2.00029      0.561702
   1.95145      0.513248
   1.90261      0.569405
   1.85377      0.731664
   1.80492      0.957622
   1.75608      1.208815
   1.70724      1.462911
   1.65840      1.600717
   1.60956      1.731362
   1.56072      1.863195
   1.51187      1.998342
   1.46303      2.136674
   1.41419      2.276590
   1.36535      2.415094
   1.31651      2.546591
   1.26766      2.655513
   1.26766      2.655513
   1.24324      2.603946
   1.21882      2.534369
   1.19440      2.448040
   1.16998      2.346860
   1.14556      2.233197
   1.12114      2.109653
   1.09672      1.978869
   1.07230      1.843387
   1.04788      1.705585
   1.02346      1.567654
   0.99903      1.431707
   0.97461      1.299840
   0.95019      1.174280
   0.92577      1.057624
   0.90135      0.952998
   0.87693      0.864236
   0.85251      0.795813
   0.82809      0.752301
   0.80367      0.737328
   0.80367      0.737328
   0.76137      0.736904
   0.71907      0.735787
   0.67677      0.734276
   0.63447      0.732592
   0.59218      0.730858
   0.54988      0.729217
   0.50758      0.727985
   0.46528      0.727694
   0.42298      0.729053
   0.38068      0.732611
   0.33839      0.737198
   0.29609      0.723383
   0.25379      0.642620
   0.21149      0.597986
   0.16919      0.630759
   0.12689      0.711330
   0.08460      0.796420
   0.04230      0.856559
   0.00000      0.877831
 
# Band-Index:   11
   0.00000      0.877837
   0.04230      0.873936
   0.08460      0.862778
   0.12689      0.845904
   0.16919      0.825658
   0.21149      0.805055
   0.25379      0.788735
   0.29609      0.799476
   0.33839      0.875119
   0.38068      0.919818
   0.42298      0.925592
   0.46528      0.913266
   0.50758      0.894027
   0.54988      0.872903
   0.59218      0.852385
   0.63447      0.833885
   0.67677      0.818339
   0.71907      0.806472
   0.76137      0.798953
   0.80367      0.796360
   0.80367      0.796360
   0.82809      0.818498
   0.85251      0.881649
   0.87693      0.977916
   0.90135      1.098320
   0.92577      1.235001
   0.95019      1.381808
   0.97461      1.534037
   0.99903      1.687957
   1.02346      1.840497
   1.04788      1.988943
   1.07230      2.130758
   1.09672      2.263518
   1.12114      2.384728
   1.14556      2.491692
   1.16998      2.581114
   1.19440      2.648215
   1.21882      2.685580
   1.24324      2.686435
   1.26766      2.655516
   1.26766      2.655516
   1.31651      2.703555
   1.36535      2.683182
   1.41419      2.606054
   1.46303      2.484642
   1.51187      2.328666
   1.56072      2.144545
   1.60956      1.936427
   1.65840      1.707767
   1.70724      1.465911
   1.75608      1.320609
   1.80492      1.166779
   1.85377      1.019933
   1.90261      0.902406
   1.95145      0.833786
   2.00029      0.817261
   2.04913      0.833445
   2.09798      0.856641
   2.14682      0.872540
   2.19566      0.877837
   2.19566      0.877837
   2.22340      0.876236
   2.25114      0.865897
   2.27888      0.847538
   2.30662      0.822173
   2.33436      0.791042
   2.36210      0.755453
   2.38984      0.716749
   2.41758      0.676218
   2.44532      0.635066
   2.47306      0.594384
   2.50080      0.555156
   2.52855      0.518271
   2.55629      0.484529
   2.58403      0.454645
   2.61177      0.429248
   2.63951      0.408887
   2.66725      0.394000
   2.69499      0.384931
   2.72273      0.358232
   2.72273      0.358232
   2.76503      0.401183
   2.80733      0.482642
   2.84962      0.597024
   2.89192      0.737220
   2.93422      0.894973
   2.97652      1.062994
   3.01882      1.235044
   3.06112      1.405673
   3.10341      1.570002
   3.14571      1.723312
   3.18801      1.857618
   3.23031      1.882736
   3.27261      1.812898
   3.31490      1.769928
   3.35720      1.764729
   3.39950      1.778424
   3.44180      1.795365
   3.48410      1.807818
   3.52640      1.812307
   3.52640      1.812307
   3.55082      1.807564
   3.57524      1.793429
   3.59966      1.770156
   3.62408      1.738166
   3.64850      1.698139
   3.67292      1.650992
   3.69734      1.598011
   3.72176      1.540841
   3.74618      1.481553
   3.77061      1.422642
   3.79503      1.366903
   3.81945      1.317169
   3.84387      1.275794
   3.86829      1.244168
   3.89271      1.222536
   3.91713      1.210227
   3.94155      1.206166
   3.96597      1.209269
   3.99039      1.218730
   3.99039      1.218730
   4.03924      1.227978
   4.08808      1.296429
   4.13692      1.402496
   4.18576      1.512507
   4.23460      1.635117
   4.28344      1.755164
   4.33229      1.857787
   4.38113      1.930020
   4.42997      1.961080
   4.47881      1.942788
   4.52765      1.870671
   4.57650      1.744778
   4.62534      1.570027
   4.67418      1.355746
   4.72302      1.115158
   4.77186      0.865635
   4.82070      0.631674
   4.86955      0.434928
   4.91839      0.358232
   4.91839      1.812307
   4.94613      1.800009
   4.97387      1.765331
   5.00161      1.714611
   5.02935      1.660147
   5.05709      1.636844
   5.08483      1.713992
   5.11257      1.833256
   5.14031      1.860735
   5.16805      1.790547
   5.19579      1.685579
   5.22353      1.567154
   5.25127      1.442885
   5.27901      1.317419
   5.30676      1.194812
   5.33450      1.079272
   5.36224      0.975421
   5.38998      0.888379
   5.41772      0.824213
   5.44546      0.796360
   5.44546      1.218730
   5.47320      1.201451
   5.50094      1.233822
   5.52868      1.309985
   5.55642      1.417398
   5.58416      1.544040
   5.61190      1.681131
   5.63964      1.822772
   5.66738      1.964900
   5.69512      2.104548
   5.72286      2.239355
   5.75060      2.367280
   5.77834      2.481121
   5.80609      2.549362
   5.83383      2.604345
   5.86157      2.645253
   5.88931      2.671398
   5.91705      2.682179
   5.94479      2.677047
   5.97253      2.655516
 
# Band-Index:   12
   5.97253      2.926648
   5.94479      2.916695
   5.91705      2.887111
   5.88931      2.838741
   5.86157      2.772853
   5.83383      2.691006
   5.80609      2.594927
   5.77834      2.486410
   5.75060      2.400575
   5.72286      2.308799
   5.69512      2.207044
   5.66738      2.096690
   5.63964      1.979304
   5.61190      1.856712
   5.58416      1.731164
   5.55642      1.605554
   5.52868      1.483974
   5.50094      1.372455
   5.47320      1.279955
   5.44546      1.218731
   5.44546      2.965129
   5.41772      2.974671
   5.38998      3.002961
   5.36224      3.048927
   5.33450      3.109851
   5.30676      3.135649
   5.27901      3.015788
   5.25127      2.870426
   5.22353      2.710658
   5.19579      2.541339
   5.16805      2.370297
   5.14031      2.219891
   5.11257      2.156704
   5.08483      2.190153
   5.05709      2.245091
   5.02935      2.294173
   5.00161      2.331058
   4.97387      2.355075
   4.94613      2.367925
   4.91839      2.371866
   4.91839      0.381882
   4.86955      0.452077
   4.82070      0.632499
   4.77186      0.893674
   4.72302      1.175315
   4.67418      1.448094
   4.62534      1.689753
   4.57650      1.882680
   4.52765      2.014779
   4.47881      2.081014
   4.42997      2.083964
   4.38113      2.032434
   4.33229      1.938928
   4.28344      1.816893
   4.23460      1.679231
   4.18576      1.538039
   4.13692      1.405660
   4.08808      1.315846
   4.03924      1.255244
   3.99039      1.218731
   3.99039      1.218731
   3.96597      1.239973
   3.94155      1.278294
   3.91713      1.332103
   3.89271      1.399002
   3.86829      1.476212
   3.84387      1.560918
   3.81945      1.650416
   3.79503      1.742206
   3.77061      1.833970
   3.74618      1.923553
   3.72176      2.008981
   3.69734      2.088437
   3.67292      2.160282
   3.64850      2.223115
   3.62408      2.275797
   3.59966      2.317486
   3.57524      2.347593
   3.55082      2.365782
   3.52640      2.371866
   3.52640      2.371866
   3.48410      2.365311
   3.44180      2.345199
   3.39950      2.310384
   3.35720      2.259357
   3.31490      2.190839
   3.27261      2.104480
   3.23031      2.004683
   3.18801      1.979737
   3.14571      2.015141
   3.10341      2.004372
   3.06112      1.933398
   3.01882      1.801043
   2.97652      1.614281
   2.93422      1.385589
   2.89192      1.130788
   2.84962      0.869000
   2.80733      0.626082
   2.76503      0.443481
   2.72273      0.381882
   2.72273      0.381882
   2.69499      0.385761
   2.66725      0.423332
   2.63951      0.470370
   2.61177      0.526035
   2.58403      0.589284
   2.55629      0.658921
   2.52855      0.733655
   2.50080      0.812083
   2.47306      0.892734
   2.44532      0.974041
   2.41758      1.054340
   2.38984      1.131890
   2.36210      1.204826
   2.33436      1.271226
   2.30662      1.329089
   2.27888      1.376533
   2.25114      1.411836
   2.22340      1.433612
   2.19566      1.440964
   2.19566      1.440964
   2.14682      1.428351
   2.09798      1.397674
   2.04913      1.366199
   2.00029      1.350531
   1.95145      1.358435
   1.90261      1.390626
   1.85377      1.446580
   1.80492      1.528039
   1.75608      1.639523
   1.70724      1.783478
   1.65840      1.952794
   1.60956      2.134055
   1.56072      2.315378
   1.51187      2.487581
   1.46303      2.642421
   1.41419      2.771286
   1.36535      2.865043
   1.31651      2.915931
   1.26766      2.926648
   1.26766      2.926648
   1.24324      2.928862
   1.21882      2.944050
   1.19440      2.976781
   1.16998      3.020553
   1.14556      3.068676
   1.12114      3.117489
   1.09672      3.165129
   1.07230      3.210555
   1.04788      3.253136
   1.02346      3.292440
   0.99903      3.328165
   0.97461      3.360093
   0.95019      3.284088
   0.92577      3.190702
   0.90135      3.111711
   0.87693      3.048582
   0.85251      3.002546
   0.82809      2.974533
   0.80367      2.965129
   0.80367      2.965129
   0.76137      2.974663
   0.71907      3.003203
   0.67677      3.050464
   0.63447      3.058302
   0.59218      2.852445
   0.54988      2.617491
   0.50758      2.362824
   0.46528      2.098011
   0.42298      1.835785
   0.38068      1.596753
   0.33839      1.416032
   0.29609      1.324316
   0.25379      1.302463
   0.21149      1.314419
   0.16919      1.341083
   0.12689      1.373761
   0.08460      1.406314
   0.04230      1.431378
   0.00000      1.440964
 
# Band-Index:   13
   0.00000      4.933195
   0.04230      4.925998
   0.08460      4.897613
   0.12689      4.831469
   0.16919      4.720335
   0.21149      4.572423
   0.25379      4.402405
   0.29609      4.223245
   0.33839      4.044121
   0.38068      3.871115
   0.42298      3.708248
   0.46528      3.558240
   0.50758      3.422977
   0.54988      3.303808
   0.59218      3.201758
   0.63447      3.118567
   0.67677      3.231594
   0.71907      3.359850
   0.76137      3.439561
   0.80367      3.466607
   0.80367      3.466607
   0.82809      3.464403
   0.85251      3.457796
   0.87693      3.446810
   0.90135      3.431483
   0.92577      3.411864
   0.95019      3.388032
   0.97461      3.390241
   0.99903      3.507431
   1.02346      3.633881
   1.04788      3.767792
   1.07230      3.907337
   1.09672      4.050590
   1.12114      4.195316
   1.14556      4.338534
   1.16998      4.475639
   1.19440      4.598986
   1.21882      4.696841
   1.24324      4.756717
   1.26766      4.775119
   1.26766      4.775119
   1.31651      4.726940
   1.36535      4.631487
   1.41419      4.525023
   1.46303      4.421228
   1.51187      4.328406
   1.56072      4.253569
   1.60956      4.202675
   1.65840      4.180124
   1.70724      4.188343
   1.75608      4.227636
   1.80492      4.296127
   1.85377      4.389633
   1.90261      4.501271
   1.95145      4.620868
   2.00029      4.734803
   2.04913      4.828203
   2.09798      4.891066
   2.14682      4.923689
   2.19566      4.933195
   2.19566      4.933195
   2.22340      4.885556
   2.25114      4.841074
   2.27888      4.795105
   2.30662      4.744067
   2.33436      4.686386
   2.36210      4.622620
   2.38984      4.554741
   2.41758      4.485234
   2.44532      4.416468
   2.47306      4.350434
   2.50080      4.288683
   2.52855      4.232390
   2.55629      4.182419
   2.58403      4.139394
   2.61177      4.103753
   2.63951      4.075796
   2.66725      4.055711
   2.69499      4.043618
   2.72273      4.039582
   2.72273      4.039582
   2.76503      4.052664
   2.80733      4.091331
   2.84962      4.153542
   2.89192      4.234575
   2.93422      4.323636
   2.97652      4.397994
   3.01882      4.432360
   3.06112      4.433634
   3.10341      4.425763
   3.14571      4.421690
   3.18801      4.425056
   3.23031      4.435292
   3.27261      4.450141
   3.31490      4.466889
   3.35720      4.483076
   3.39950      4.496850
   3.44180      4.507089
   3.48410      4.513305
   3.52640      4.515376
   3.52640      4.515376
   3.55082      4.518303
   3.57524      4.527356
   3.59966      4.543274
   3.62408      4.567108
   3.64850      4.600020
   3.67292      4.643071
   3.69734      4.697076
   3.72176      4.762508
   3.74618      4.839454
   3.77061      4.927590
   3.79503      5.026163
   3.81945      5.133937
   3.84387      5.249056
   3.86829      5.368809
   3.89271      5.489211
   3.91713      5.604246
   3.94155      5.704658
   3.96597      5.776565
   3.99039      5.803299
   3.99039      5.803299
   4.03924      5.710593
   4.08808      5.522916
   4.13692      5.321595
   4.18576      5.132202
   4.23460      4.964291
   4.28344      4.823201
   4.33229      4.712821
   4.38113      4.635927
   4.42997      4.593428
   4.47881      4.583215
   4.52765      4.600112
   4.57650      4.638238
   4.62534      4.590052
   4.67418      4.436935
   4.72302      4.302166
   4.77186      4.191245
   4.82070      4.108378
   4.86955      4.057007
   4.91839      4.039582
   4.91839      4.515376
   4.94613      4.501213
   4.97387      4.460107
   5.00161      4.395478
   5.02935      4.311519
   5.05709      4.212441
   5.08483      4.102201
   5.11257      3.984426
   5.14031      3.862413
   5.16805      3.739155
   5.19579      3.617423
   5.22353      3.499824
   5.25127      3.388919
   5.27901      3.287612
   5.30676      3.206045
   5.33450      3.263791
   5.36224      3.349931
   5.38998      3.414097
   5.41772      3.453388
   5.44546      3.466607
   5.44546      5.803299
   5.47320      5.794106
   5.50094      5.768507
   5.52868      5.731300
   5.55642      5.687952
   5.58416      5.643182
   5.61190      5.600595
   5.63964      5.491190
   5.66738      5.381571
   5.69512      5.280436
   5.72286      5.187972
   5.75060      5.104311
   5.77834      5.029573
   5.80609      4.963905
   5.83383      4.907503
   5.86157      4.860631
   5.88931      4.823613
   5.91705      4.796811
   5.94479      4.780565
   5.97253      4.775119
 
# Band-Index:   14
   5.97253      5.711931
   5.94479      5.674871
   5.91705      5.636192
   5.88931      5.598018
   5.86157      5.562743
   5.83383      5.532658
   5.80609      5.509685
   5.77834      5.495217
   5.75060      5.490091
   5.72286      5.494626
   5.69512      5.508685
   5.66738      5.531723
   5.63964      5.562811
   5.61190      5.608997
   5.58416      5.734492
   5.55642      5.866827
   5.52868      6.004504
   5.50094      6.144779
   5.47320      6.282344
   5.44546      6.406562
   5.44546      7.164347
   5.41772      7.161643
   5.38998      7.151818
   5.36224      7.129573
   5.33450      7.086065
   5.30676      7.011141
   5.27901      6.899162
   5.25127      6.753761
   5.22353      6.585257
   5.19579      6.404733
   5.16805      6.221111
   5.14031      6.041060
   5.11257      5.869709
   5.08483      5.711259
   5.05709      5.569367
   5.02935      5.447298
   5.00161      5.348009
   4.97387      5.274229
   4.94613      5.228517
   4.91839      5.212988
   4.91839      5.188310
   4.86955      5.155638
   4.82070      5.072040
   4.77186      4.966002
   4.72302      4.860583
   4.67418      4.768513
   4.62534      4.694369
   4.57650      4.753882
   4.52765      4.919188
   4.47881      5.078431
   4.42997      5.229952
   4.38113      5.378260
   4.33229      5.529876
   4.28344      5.688937
   4.23460      5.854767
   4.18576      6.020181
   4.13692      6.171823
   4.08808      6.299722
   4.03924      6.396324
   3.99039      6.406562
   3.99039      6.406562
   3.96597      6.343997
   3.94155      6.243029
   3.91713      6.123993
   3.89271      6.001009
   3.86829      5.881604
   3.84387      5.769721
   3.81945      5.667497
   3.79503      5.576102
   3.77061      5.496106
   3.74618      5.427654
   3.72176      5.370542
   3.69734      5.324246
   3.67292      5.287948
   3.64850      5.260575
   3.62408      5.240856
   3.59966      5.227434
   3.57524      5.218990
   3.55082      5.214422
   3.52640      5.212988
   3.52640      5.212988
   3.48410      5.221608
   3.44180      5.246941
   3.39950      5.287212
   3.35720      5.338801
   3.31490      5.395189
   3.27261      5.445165
   3.23031      5.470349
   3.18801      5.445598
   3.14571      5.354104
   3.10341      5.211095
   3.06112      5.054566
   3.01882      4.924117
   2.97652      4.857747
   2.93422      4.867886
   2.89192      4.929018
   2.84962      5.013119
   2.80733      5.098453
   2.76503      5.163583
   2.72273      5.188310
   2.72273      5.188310
   2.69499      5.169041
   2.66725      5.159310
   2.63951      5.159241
   2.61177      5.168925
   2.58403      5.188424
   2.55629      5.217772
   2.52855      5.256974
   2.50080      5.306006
   2.47306      5.364810
   2.44532      5.433297
   2.41758      5.511335
   2.38984      5.598727
   2.36210      5.464043
   2.33436      5.339727
   2.30662      5.229898
   2.27888      5.135069
   2.25114      5.055001
   2.22340      4.988491
   2.19566      4.933198
   2.19566      4.933198
   2.14682      4.926353
   2.09798      4.899665
   2.04913      4.843922
   2.00029      4.761672
   1.95145      4.667157
   1.90261      4.576366
   1.85377      4.501410
   1.80492      4.450025
   1.75608      4.426596
   1.70724      4.433153
   1.65840      4.470135
   1.60956      4.536932
   1.56072      4.632300
   1.51187      4.754636
   1.46303      4.902194
   1.41419      5.073228
   1.36535      5.266097
   1.31651      5.479377
   1.26766      5.711931
   1.26766      5.711931
   1.24324      5.616227
   1.21882      5.575763
   1.19440      5.586865
   1.16998      5.636543
   1.14556      5.712419
   1.12114      5.806206
   1.09672      5.912769
   1.07230      6.028748
   1.04788      6.151693
   1.02346      6.279540
   0.99903      6.410306
   0.97461      6.541847
   0.95019      6.671624
   0.92577      6.796458
   0.90135      6.912217
   0.87693      7.013560
   0.85251      7.093915
   0.82809      7.146151
   0.80367      7.164347
   0.80367      7.164347
   0.76137      7.092771
   0.71907      6.910118
   0.67677      6.670474
   0.63447      6.410693
   0.59218      6.151448
   0.54988      5.904731
   0.50758      5.678118
   0.46528      5.476694
   0.42298      5.303866
   0.38068      5.161660
   0.33839      5.050821
   0.29609      4.970796
   0.25379      4.919679
   0.21149      4.894129
   0.16919      4.889292
   0.12689      4.898728
   0.08460      4.914588
   0.04230      4.928326
   0.00000      4.933198
 
# Band-Index:   15
   0.00000      5.793075
   0.04230      5.813721
   0.08460      5.868221
   0.12689      5.929695
   0.16919      5.972438
   0.21149      6.003252
   0.25379      6.039212
   0.29609      6.093612
   0.33839      6.173893
   0.38068      6.283472
   0.42298      6.423517
   0.46528      6.593880
   0.50758      6.793546
   0.54988      7.020869
   0.59218      7.273595
   0.63447      7.548571
   0.67677      7.840421
   0.71907      8.135311
   0.76137      8.368389
   0.80367      8.418126
   0.80367      8.418126
   0.82809      8.375724
   0.85251      8.268702
   0.87693      8.127496
   0.90135      7.970041
   0.92577      7.805235
   0.95019      7.637687
   0.97461      7.469982
   0.99903      7.303669
   1.02346      7.139742
   1.04788      6.978861
   1.07230      6.821477
   1.09672      6.667905
   1.12114      6.518361
   1.14556      6.373002
   1.16998      6.231936
   1.19440      6.095237
   1.21882      5.962966
   1.24324      5.835179
   1.26766      5.711937
   1.26766      5.711937
   1.31651      6.028102
   1.36535      6.436328
   1.41419      6.877318
   1.46303      7.247950
   1.51187      7.291566
   1.56072      7.157407
   1.60956      7.000624
   1.65840      6.846386
   1.70724      6.700926
   1.75608      6.566773
   1.80492      6.445388
   1.85377      6.337985
   1.90261      6.245725
   1.95145      6.167731
   2.00029      6.088906
   2.04913      5.990718
   2.09798      5.893458
   2.14682      5.820452
   2.19566      5.793075
   2.19566      5.793075
   2.22340      5.805142
   2.25114      5.840653
   2.27888      5.895773
   2.30662      5.903646
   2.33436      5.799538
   2.36210      5.695123
   2.38984      5.601614
   2.41758      5.749264
   2.44532      5.840429
   2.47306      5.753663
   2.50080      5.661016
   2.52855      5.573974
   2.55629      5.493960
   2.58403      5.421642
   2.61177      5.357468
   2.63951      5.301785
   2.66725      5.254877
   2.69499      5.216986
   2.72273      5.188320
   2.72273      5.188320
   2.76503      5.206269
   2.80733      5.259425
   2.84962      5.345525
   2.89192      5.460194
   2.93422      5.595728
   2.97652      5.739105
   3.01882      5.871266
   3.06112      5.976794
   3.10341      6.065194
   3.14571      6.168894
   3.18801      6.320172
   3.23031      6.531694
   3.27261      6.791469
   3.31490      7.079667
   3.35720      7.376154
   3.39950      7.649696
   3.44180      7.807392
   3.48410      7.865743
   3.52640      7.882019
   3.52640      7.882019
   3.55082      7.890291
   3.57524      7.913173
   3.59966      7.943929
   3.62408      7.968300
   3.64850      7.964262
   3.67292      7.916811
   3.69734      7.833089
   3.72176      7.728232
   3.74618      7.611801
   3.77061      7.487737
   3.79503      7.357274
   3.81945      7.221328
   3.84387      7.081810
   3.86829      6.941672
   3.89271      6.804495
   3.91713      6.674629
   3.94155      6.558218
   3.96597      6.464829
   3.99039      6.406586
   3.99039      6.406586
   4.03924      6.396843
   4.08808      6.439823
   4.13692      6.489135
   4.18576      6.467797
   4.23460      6.418413
   4.28344      6.408896
   4.33229      6.426243
   4.38113      6.456053
   4.42997      6.476211
   4.47881      6.449673
   4.52765      6.341814
   4.57650      6.165556
   4.62534      5.958325
   4.67418      5.749171
   4.72302      5.558636
   4.77186      5.400655
   4.82070      5.283716
   4.86955      5.212295
   4.91839      5.188320
   4.91839      7.882019
   4.94613      7.895608
   4.97387      7.934307
   5.00161      7.991603
   5.02935      8.057437
   5.05709      8.123402
   5.08483      8.183839
   5.11257      8.221193
   5.14031      8.192935
   5.16805      8.130618
   5.19579      8.073114
   5.22353      8.032406
   5.25127      8.016787
   5.27901      8.034714
   5.30676      8.091638
   5.33450      8.181963
   5.36224      8.282903
   5.38998      8.362420
   5.41772      8.405435
   5.44546      8.418126
   5.44546      6.406586
   5.47320      6.497676
   5.50094      6.531497
   5.52868      6.504824
   5.55642      6.440464
   5.58416      6.360832
   5.61190      6.278495
   5.63964      6.199630
   5.66738      6.127271
   5.69512      6.062856
   5.72286      6.006890
   5.75060      5.959219
   5.77834      5.919125
   5.80609      5.885386
   5.83383      5.856315
   5.86157      5.829881
   5.88931      5.803911
   5.91705      5.776413
   5.94479      5.745942
   5.97253      5.711937
 
# Band-Index:   16
   5.97253      8.346895
   5.94479      8.353884
   5.91705      8.385769
   5.88931      8.439812
   5.86157      8.511165
   5.83383      8.592136
   5.80609      8.670471
   5.77834      8.665022
   5.75060      8.443480
   5.72286      8.227933
   5.69512      8.022727
   5.66738      7.829142
   5.63964      7.648221
   5.61190      7.481204
   5.58416      7.329782
   5.55642      7.196351
   5.52868      7.084294
   5.50094      6.998151
   5.47320      6.943246
   5.44546      6.924293
   5.44546      8.739803
   5.41772      8.730294
   5.38998      8.696096
   5.36224      8.646167
   5.33450      8.605489
   5.30676      8.576488
   5.27901      8.551956
   5.25127      8.526135
   5.22353      8.495265
   5.19579      8.457420
   5.16805      8.413414
   5.14031      8.371187
   5.11257      8.367468
   5.08483      8.413195
   5.05709      8.312956
   5.02935      8.206759
   5.00161      8.126922
   4.97387      8.074038
   4.94613      8.044099
   4.91839      8.034375
   4.91839      6.998867
   4.86955      7.052840
   4.82070      7.143397
   4.77186      7.052342
   4.72302      6.875174
   4.67418      6.713206
   4.62534      6.600038
   4.57650      6.553504
   4.52765      6.576129
   4.47881      6.647811
   4.42997      6.723999
   4.38113      6.756663
   4.33229      6.733372
   4.28344      6.675924
   4.23460      6.608381
   4.18576      6.544575
   4.13692      6.569634
   4.08808      6.722208
   4.03924      6.880385
   3.99039      6.924293
   3.99039      6.924293
   3.96597      6.935660
   3.94155      6.977098
   3.91713      7.042664
   3.89271      7.123756
   3.86829      7.214980
   3.84387      7.313019
   3.81945      7.415448
   3.79503      7.520057
   3.77061      7.624423
   3.74618      7.725575
   3.72176      7.819704
   3.69734      7.902073
   3.67292      7.967545
   3.64850      8.012246
   3.62408      8.035945
   3.59966      8.043078
   3.57524      8.040889
   3.55082      8.036410
   3.52640      8.034375
   3.52640      8.034375
   3.48410      7.997908
   3.44180      7.879888
   3.39950      7.710332
   3.35720      7.533693
   3.31490      7.323200
   3.27261      7.107249
   3.23031      6.914679
   3.18801      6.767244
   3.14571      6.673666
   3.10341      6.622347
   3.06112      6.597176
   3.01882      6.610767
   2.97652      6.683472
   2.93422      6.809342
   2.89192      6.964828
   2.84962      7.108062
   2.80733      7.128445
   2.76503      7.040130
   2.72273      6.998867
   2.72273      6.998867
   2.69499      7.008928
   2.66725      7.039031
   2.63951      7.088931
   2.61177      7.008455
   2.58403      6.826634
   2.55629      6.640501
   2.52855      6.454037
   2.50080      6.270544
   2.47306      6.093399
   2.44532      5.935398
   2.41758      5.969167
   2.38984      6.072746
   2.36210      6.150226
   2.33436      6.083524
   2.30662      6.002341
   2.27888      6.046416
   2.25114      6.075330
   2.22340      6.130396
   2.19566      6.203424
   2.19566      6.203424
   2.14682      6.195411
   2.09798      6.198717
   2.04913      6.193547
   2.00029      6.219869
   1.95145      6.327729
   1.90261      6.502151
   1.85377      6.725846
   1.80492      6.993894
   1.75608      7.301714
   1.70724      7.640357
   1.65840      7.986983
   1.60956      8.265308
   1.56072      8.277580
   1.51187      8.001321
   1.46303      7.775715
   1.41419      7.854669
   1.36535      8.022650
   1.31651      8.197959
   1.26766      8.346895
   1.26766      8.346895
   1.24324      8.292900
   1.21882      8.255669
   1.19440      8.235686
   1.16998      8.232776
   1.14556      8.246163
   1.12114      8.274538
   1.09672      8.316152
   1.07230      8.368889
   1.04788      8.430338
   1.02346      8.497836
   0.99903      8.568491
   0.97461      8.639195
   0.95019      8.706626
   0.92577      8.767253
   0.90135      8.783290
   0.87693      8.774192
   0.85251      8.759384
   0.82809      8.745500
   0.80367      8.739803
   0.80367      8.739803
   0.76137      8.639183
   0.71907      8.625269
   0.67677      8.468588
   0.63447      8.261995
   0.59218      8.044783
   0.54988      7.821737
   0.50758      7.596382
   0.46528      7.372190
   0.42298      7.152913
   0.38068      6.942714
   0.33839      6.746328
   0.29609      6.569428
   0.25379      6.419259
   0.21149      6.305314
   0.16919      6.236629
   0.12689      6.206287
   0.08460      6.189737
   0.04230      6.196250
   0.00000      6.203424
 
# Band-Index:   17
   0.00000      6.203437
   0.04230      6.210342
   0.08460      6.226937
   0.12689      6.269220
   0.16919      6.394340
   0.21149      6.573861
   0.25379      6.770051
   0.29609      6.975955
   0.33839      7.193818
   0.38068      7.422677
   0.42298      7.658513
   0.46528      7.894958
   0.50758      8.122910
   0.54988      8.329692
   0.59218      8.498624
   0.63447      8.611076
   0.67677      8.654733
   0.71907      8.671699
   0.76137      8.813496
   0.80367      8.863107
   0.80367      8.863107
   0.82809      8.867967
   0.85251      8.869090
   0.87693      8.852465
   0.90135      8.817250
   0.92577      8.783374
   0.95019      8.773982
   0.97461      8.756014
   0.99903      8.730858
   1.02346      8.700153
   1.04788      8.665728
   1.07230      8.629542
   1.09672      8.593527
   1.12114      8.559353
   1.14556      8.528072
   1.16998      8.499624
   1.19440      8.472157
   1.21882      8.441414
   1.24324      8.401289
   1.26766      8.346897
   1.26766      8.346897
   1.31651      8.499916
   1.36535      8.697531
   1.41419      8.910830
   1.46303      9.092428
   1.51187      9.167700
   1.56072      9.085439
   1.60956      8.882002
   1.65840      8.593197
   1.70724      8.236813
   1.75608      7.853760
   1.80492      7.480584
   1.85377      7.136667
   1.90261      6.833132
   1.95145      6.578783
   2.00029      6.382924
   2.04913      6.255232
   2.09798      6.209296
   2.14682      6.210902
   2.19566      6.203437
   2.19566      6.203437
   2.22340      6.282117
   2.25114      6.180521
   2.27888      6.052676
   2.30662      6.048573
   2.33436      6.092529
   2.36210      6.177093
   2.38984      6.245884
   2.41758      6.367022
   2.44532      6.510195
   2.47306      6.672294
   2.50080      6.850562
   2.52855      7.042339
   2.55629      7.241850
   2.58403      7.244960
   2.61177      7.158124
   2.63951      7.180945
   2.66725      7.337702
   2.69499      7.470816
   2.72273      7.571255
   2.72273      7.571255
   2.76503      7.533047
   2.80733      7.462157
   2.84962      7.470934
   2.89192      7.403040
   2.93422      7.326591
   2.97652      7.250489
   3.01882      7.189968
   3.06112      7.169330
   3.10341      7.212066
   3.14571      7.314430
   3.18801      7.450901
   3.23031      7.606606
   3.27261      7.781236
   3.31490      7.978127
   3.35720      8.186659
   3.39950      8.334763
   3.44180      8.503930
   3.48410      8.753428
   3.52640      8.956766
   3.52640      8.956766
   3.55082      8.904641
   3.57524      8.801573
   3.59966      8.696988
   3.62408      8.616098
   3.64850      8.577527
   3.67292      8.495593
   3.69734      8.331276
   3.72176      8.164975
   3.74618      8.005661
   3.77061      7.857649
   3.79503      7.724548
   3.81945      7.608932
   3.84387      7.511998
   3.86829      7.434182
   3.89271      7.376189
   3.91713      7.339716
   3.94155      7.327700
   3.96597      7.344072
   3.99039      7.392822
   3.99039      7.392822
   4.03924      7.430829
   4.08808      7.746487
   4.13692      8.143808
   4.18576      8.505993
   4.23460      8.625870
   4.28344      8.403580
   4.33229      8.054784
   4.38113      7.703548
   4.42997      7.403250
   4.47881      7.195482
   4.52765      7.104150
   4.57650      7.102932
   4.62534      7.153983
   4.67418      7.237233
   4.72302      7.335943
   4.77186      7.431389
   4.82070      7.459866
   4.86955      7.521882
   4.91839      7.571255
   4.91839      8.956766
   4.94613      8.929096
   4.97387      8.854884
   5.00161      8.755471
   5.02935      8.647995
   5.05709      8.543032
   5.08483      8.474620
   5.11257      8.592247
   5.14031      8.728217
   5.16805      8.830230
   5.19579      8.859925
   5.22353      8.859186
   5.25127      8.855484
   5.27901      8.851623
   5.30676      8.846883
   5.33450      8.841578
   5.36224      8.838932
   5.38998      8.844391
   5.41772      8.856903
   5.44546      8.863107
   5.44546      7.392822
   5.47320      7.329010
   5.50094      7.341478
   5.52868      7.432952
   5.55642      7.579765
   5.58416      7.758068
   5.61190      7.952891
   5.63964      8.153913
   5.66738      8.350685
   5.69512      8.528288
   5.72286      8.663778
   5.75060      8.731640
   5.77834      8.726351
   5.80609      8.783601
   5.83383      8.674887
   5.86157      8.567664
   5.88931      8.478179
   5.91705      8.410076
   5.94479      8.365786
   5.97253      8.346897
 
# Band-Index:   18
   5.97253      8.868838
   5.94479      8.878595
   5.91705      8.907535
   5.88931      8.954637
   5.86157      9.018034
   5.83383      9.094558
   5.80609      8.940344
   5.77834      8.962429
   5.75060      9.110361
   5.72286      9.228807
   5.69512      9.063532
   5.66738      8.856222
   5.63964      8.638760
   5.61190      8.422943
   5.58416      8.213924
   5.55642      8.014781
   5.52868      7.828231
   5.50094      7.657729
   5.47320      7.508989
   5.44546      7.392824
   5.44546      9.190332
   5.41772      9.115394
   5.38998      9.024172
   5.36224      8.977380
   5.33450      8.958505
   5.30676      8.953922
   5.27901      8.957957
   5.25127      8.965189
   5.22353      8.967130
   5.19579      8.951597
   5.16805      8.924805
   5.14031      8.927290
   5.11257      8.946723
   5.08483      8.973073
   5.05709      9.003398
   5.02935      9.036006
   5.00161      9.069948
   4.97387      9.106336
   4.94613      9.150516
   4.91839      9.192274
   4.91839      7.571272
   4.86955      7.555199
   4.82070      7.507531
   4.77186      7.626699
   4.72302      7.940519
   4.67418      7.921314
   4.62534      7.860240
   4.57650      7.862130
   4.52765      7.955377
   4.47881      8.151374
   4.42997      8.124006
   4.38113      8.219183
   4.33229      8.420547
   4.28344      8.655383
   4.23460      8.781557
   4.18576      8.630777
   4.13692      8.285774
   4.08808      7.910449
   4.03924      7.593686
   3.99039      7.392824
   3.99039      7.392824
   3.96597      7.482554
   3.94155      7.601388
   3.91713      7.734772
   3.89271      7.876690
   3.86829      8.024074
   3.84387      8.174810
   3.81945      8.326861
   3.79503      8.477630
   3.77061      8.623178
   3.74618      8.757115
   3.72176      8.855085
   3.69734      8.726231
   3.67292      8.643063
   3.64850      8.699582
   3.62408      8.860188
   3.59966      9.015278
   3.57524      9.139255
   3.55082      9.195222
   3.52640      9.192274
   3.52640      9.192274
   3.48410      9.061769
   3.44180      8.796967
   3.39950      8.519756
   3.35720      8.330085
   3.31490      8.285956
   3.27261      8.291709
   3.23031      8.320361
   3.18801      8.317761
   3.14571      8.134144
   3.10341      7.987675
   3.06112      7.908631
   3.01882      7.889666
   2.97652      7.919305
   2.93422      7.984556
   2.89192      7.761938
   2.84962      7.529920
   2.80733      7.524819
   2.76503      7.559318
   2.72273      7.571272
   2.72273      7.571272
   2.69499      7.630393
   2.66725      7.642407
   2.63951      7.606759
   2.61177      7.528490
   2.58403      7.416278
   2.55629      7.279721
   2.52855      7.127584
   2.50080      6.967093
   2.47306      6.804038
   2.44532      6.643088
   2.41758      6.488121
   2.38984      6.342528
   2.36210      6.209478
   2.33436      6.272722
   2.30662      6.345135
   2.27888      6.373631
   2.25114      6.347396
   2.22340      6.320097
   2.19566      6.453063
   2.19566      6.453063
   2.14682      6.437837
   2.09798      6.459837
   2.04913      6.593033
   2.00029      6.819281
   1.95145      7.106894
   1.90261      7.427094
   1.85377      7.754300
   1.80492      8.067043
   1.75608      8.349845
   1.70724      8.593255
   1.65840      8.790323
   1.60956      8.945199
   1.56072      9.122808
   1.51187      9.269157
   1.46303      9.263760
   1.41419      9.161710
   1.36535      9.029093
   1.31651      8.916284
   1.26766      8.868838
   1.26766      8.868838
   1.24324      8.882331
   1.21882      8.921483
   1.19440      8.980393
   1.16998      9.051112
   1.14556      9.126752
   1.12114      9.202102
   1.09672      9.273093
   1.07230      9.336214
   1.04788      9.388090
   1.02346      9.425217
   0.99903      9.443921
   0.97461      9.441018
   0.95019      9.415646
   0.92577      9.371650
   0.90135      9.317957
   0.87693      9.265763
   0.85251      9.224409
   0.82809      9.198850
   0.80367      9.190332
   0.80367      9.190332
   0.76137      9.322458
   0.71907      9.504616
   0.67677      9.625520
   0.63447      9.619271
   0.59218      9.446244
   0.54988      9.173440
   0.50758      8.862493
   0.46528      8.539261
   0.42298      8.213842
   0.38068      7.891419
   0.33839      7.576513
   0.29609      7.275404
   0.25379      6.998825
   0.21149      6.764538
   0.16919      6.589520
   0.12689      6.477240
   0.08460      6.431224
   0.04230      6.439755
   0.00000      6.453063
 
# Band-Index:   19
   0.00000      6.486906
   0.04230      6.515681
   0.08460      6.600800
   0.12689      6.736029
   0.16919      6.911892
   0.21149      7.120399
   0.25379      7.355704
   0.29609      7.613523
   0.33839      7.890487
   0.38068      8.183531
   0.42298      8.489294
   0.46528      8.803545
   0.50758      9.120755
   0.54988      9.434525
   0.59218      9.740286
   0.63447     10.031171
   0.67677     10.100284
   0.71907      9.828917
   0.76137      9.567801
   0.80367      9.464665
   0.80367      9.464665
   0.82809      9.495671
   0.85251      9.581773
   0.87693      9.705907
   0.90135      9.849477
   0.92577      9.996731
   0.95019     10.133814
   0.97461     10.248533
   0.99903     10.319984
   1.02346     10.337682
   1.04788     10.344707
   1.07230     10.348614
   1.09672     10.355286
   1.12114     10.367540
   1.14556     10.386013
   1.16998     10.410026
   1.19440     10.438090
   1.21882     10.468146
   1.24324     10.497686
   1.26766     10.523858
   1.26766     10.523858
   1.31651     10.449687
   1.36535     10.323085
   1.41419     10.161852
   1.46303      9.994702
   1.51187      9.842296
   1.56072      9.647030
   1.60956      9.337214
   1.65840      8.988992
   1.70724      8.671509
   1.75608      8.380727
   1.80492      8.097165
   1.85377      7.813307
   1.90261      7.531047
   1.95145      7.258724
   2.00029      7.008830
   2.04913      6.795296
   2.09798      6.630634
   2.14682      6.524592
   2.19566      6.486906
   2.19566      6.486906
   2.22340      6.628065
   2.25114      6.792525
   2.27888      6.964713
   2.30662      7.144051
   2.33436      7.309693
   2.36210      7.459956
   2.38984      7.635365
   2.41758      7.827410
   2.44532      7.951171
   2.47306      7.780815
   2.50080      7.623674
   2.52855      7.482432
   2.55629      7.362048
   2.58403      7.465353
   2.61177      7.683816
   2.63951      7.905947
   2.66725      8.121108
   2.69499      8.303655
   2.72273      8.385606
   2.72273      8.385606
   2.76503      8.358121
   2.80733      8.284751
   2.84962      8.185473
   2.89192      8.080910
   2.93422      8.060631
   2.97652      8.378351
   3.01882      8.655505
   3.06112      8.663149
   3.10341      8.560902
   3.14571      8.468842
   3.18801      8.424937
   3.23031      8.622335
   3.27261      8.858223
   3.31490      9.023181
   3.35720      9.128941
   3.39950      9.228652
   3.44180      9.345678
   3.48410      9.428085
   3.52640      9.236748
   3.52640      9.236748
   3.55082      9.221354
   3.57524      9.181494
   3.59966      9.130945
   3.62408      9.082438
   3.64850      9.041863
   3.67292      9.003838
   3.69734      8.951763
   3.72176      8.869845
   3.74618      9.011698
   3.77061      9.188090
   3.79503      9.379660
   3.81945      9.583372
   3.84387      9.796931
   3.86829     10.018354
   3.89271     10.245614
   3.91713     10.476075
   3.94155     10.705078
   3.96597     10.920687
   3.99039     11.007346
   3.99039     11.007346
   4.03924     10.799274
   4.08808     10.470869
   4.13692     10.121286
   4.18576      9.816814
   4.23460      9.698127
   4.28344      9.529480
   4.33229      9.161784
   4.38113      8.782104
   4.42997      8.436088
   4.47881      8.151542
   4.52765      8.271312
   4.57650      8.439802
   4.62534      8.550332
   4.67418      8.298666
   4.72302      8.019703
   4.77186      8.137367
   4.82070      8.256107
   4.86955      8.349340
   4.91839      8.385606
   4.91839      9.236748
   4.94613      9.278954
   4.97387      9.316099
   5.00161      9.326954
   5.02935      9.320317
   5.05709      9.305960
   5.08483      9.290634
   5.11257      9.280650
   5.14031      9.286133
   5.16805      9.327020
   5.19579      9.427123
   5.22353      9.583927
   5.25127      9.775256
   5.27901      9.905060
   5.30676      9.932486
   5.33450      9.921606
   5.36224      9.851650
   5.38998      9.721211
   5.41772      9.562293
   5.44546      9.464665
   5.44546     11.007346
   5.47320     10.935538
   5.50094     10.778562
   5.52868     10.593459
   5.55642     10.399388
   5.58416     10.203148
   5.61190     10.007964
   5.63964      9.815856
   5.66738      9.628428
   5.69512      9.447192
   5.72286      9.273780
   5.75060      9.293255
   5.77834      9.256095
   5.80609      9.178326
   5.83383      9.170039
   5.86157      9.424485
   5.88931      9.689186
   5.91705      9.961990
   5.94479     10.241169
   5.97253     10.523858
 
# Band-Index:   20
   5.97253     10.523865
   5.94479     10.801922
   5.91705     11.021660
   5.88931     10.937078
   5.86157     10.700333
   5.83383     10.456506
   5.80609     10.231987
   5.77834     10.048157
   5.75060      9.932479
   5.72286      9.883793
   5.69512      9.945846
   5.66738     10.066274
   5.63964     10.211696
   5.61190     10.368464
   5.58416     10.529001
   5.55642     10.686795
   5.52868     10.833986
   5.50094     10.959426
   5.47320     11.047556
   5.44546     11.081599
   5.44546     10.190766
   5.41772     10.197132
   5.38998     10.216509
   5.36224     10.248374
   5.33450     10.284682
   5.30676     10.204789
   5.27901      9.985195
   5.25127      9.860679
   5.22353      9.815332
   5.19579      9.779247
   5.16805      9.757393
   5.14031      9.749676
   5.11257      9.750441
   5.08483      9.747960
   5.05709      9.728268
   5.02935      9.686798
   5.00161      9.632262
   4.97387      9.579832
   4.94613      9.545233
   4.91839      9.534191
   4.91839      9.159341
   4.86955      9.218369
   4.82070      9.362848
   4.77186      9.449861
   4.72302      9.241190
   4.67418      9.018704
   4.62534      8.944227
   4.57650      9.276964
   4.52765      9.715771
   4.47881     10.028266
   4.42997     10.103046
   4.38113     10.193969
   4.33229     10.285846
   4.28344     10.254652
   4.23460     10.082757
   4.18576     10.125591
   4.13692     10.382034
   4.08808     10.700600
   4.03924     10.993554
   3.99039     11.081599
   3.99039     11.081599
   3.96597     10.983660
   3.94155     10.921188
   3.91713     10.822370
   3.89271     10.693407
   3.86829     10.544079
   3.84387     10.384620
   3.81945     10.224307
   3.79503     10.071787
   3.77061      9.936266
   3.74618      9.829157
   3.72176      9.765283
   3.69734      9.759764
   3.67292      9.816733
   3.64850      9.922865
   3.62408      9.909857
   3.59966      9.753903
   3.57524      9.623755
   3.55082      9.548907
   3.52640      9.534191
   3.52640      9.534191
   3.48410      9.491958
   3.44180      9.705533
   3.39950      9.829485
   3.35720      9.721117
   3.31490      9.586584
   3.27261      9.433692
   3.23031      9.360122
   3.18801      9.343495
   3.14571      9.343336
   3.10341      9.290962
   3.06112      9.110023
   3.01882      8.953296
   2.97652      9.055022
   2.93422      9.222311
   2.89192      9.401080
   2.84962      9.459450
   2.80733      9.319022
   2.76503      9.204209
   2.72273      9.159341
   2.72273      9.159341
   2.69499      9.248126
   2.66725      9.451056
   2.63951      9.532866
   2.61177      9.338628
   2.58403      9.127034
   2.55629      8.906975
   2.52855      8.684046
   2.50080      8.461982
   2.47306      8.243567
   2.44532      8.031209
   2.41758      7.923938
   2.38984      7.720602
   2.36210      7.522462
   2.33436      7.330114
   2.30662      7.199856
   2.27888      7.152416
   2.25114      7.179908
   2.22340      7.268918
   2.19566      7.396750
   2.19566      7.396750
   2.14682      7.460591
   2.09798      7.633392
   2.04913      7.880479
   2.00029      8.175923
   1.95145      8.485437
   1.90261      8.792784
   1.85377      9.113770
   1.80492      9.447264
   1.75608      9.775144
   1.70724     10.034005
   1.65840     10.086820
   1.60956      9.919821
   1.56072      9.820661
   1.51187      9.976430
   1.46303     10.292336
   1.41419     10.477542
   1.36535     10.542133
   1.31651     10.554515
   1.26766     10.523865
   1.26766     10.523865
   1.24324     10.541228
   1.21882     10.547769
   1.19440     10.545801
   1.16998     10.537481
   1.14556     10.524510
   1.12114     10.507978
   1.09672     10.488211
   1.07230     10.464491
   1.04788     10.434517
   1.02346     10.393602
   0.99903     10.334282
   0.97461     10.289449
   0.95019     10.254333
   0.92577     10.225188
   0.90135     10.206333
   0.87693     10.196454
   0.85251     10.192306
   0.82809     10.191004
   0.80367     10.190766
   0.80367     10.190766
   0.76137     10.221925
   0.71907     10.305226
   0.67677     10.392589
   0.63447     10.323451
   0.59218     10.157131
   0.54988      9.898898
   0.50758      9.649080
   0.46528      9.416772
   0.42298      9.200161
   0.38068      8.994930
   0.33839      8.796045
   0.29609      8.598382
   0.25379      8.397440
   0.21149      8.190521
   0.16919      7.978353
   0.12689      7.767596
   0.08460      7.578257
   0.04230      7.445014
   0.00000      7.396750
 
# Band-Index:   21
   0.00000      7.396753
   0.04230      7.453637
   0.08460      7.602679
   0.12689      7.813306
   0.16919      8.075951
   0.21149      8.384622
   0.25379      8.731683
   0.29609      9.110151
   0.33839      9.512097
   0.38068      9.925542
   0.42298     10.325918
   0.46528     10.645764
   0.50758     10.744593
   0.54988     10.641121
   0.59218     10.491703
   0.63447     10.426819
   0.67677     10.428173
   0.71907     10.697186
   0.76137     10.950116
   0.80367     11.064983
   0.80367     11.064983
   0.82809     11.051471
   0.85251     11.018925
   0.87693     10.982594
   0.90135     10.955429
   0.92577     10.912349
   0.95019     10.859952
   0.97461     10.837617
   0.99903     10.857296
   1.02346     10.923834
   1.04788     11.028981
   1.07230     11.157927
   1.09672     11.296573
   1.12114     11.432685
   1.14556     11.555536
   1.16998     11.606936
   1.19440     11.647160
   1.21882     11.694527
   1.24324     11.749226
   1.26766     11.801684
   1.26766     11.801684
   1.31651     11.726115
   1.36535     11.436535
   1.41419     11.011827
   1.46303     10.696183
   1.51187     10.648200
   1.56072     10.733770
   1.60956     10.818966
   1.65840     10.806516
   1.70724     10.518030
   1.75608     10.095681
   1.80492      9.664225
   1.85377      9.251629
   1.90261      8.864999
   1.95145      8.505944
   2.00029      8.190240
   2.04913      7.910790
   2.09798      7.660861
   2.14682      7.471659
   2.19566      7.396753
   2.19566      7.396753
   2.22340      7.547913
   2.25114      7.713860
   2.27888      7.889261
   2.30662      8.068748
   2.33436      8.240415
   2.36210      8.353978
   2.38984      8.293425
   2.41758      8.128971
   2.44532      8.131734
   2.47306      8.343033
   2.50080      8.556559
   2.52855      8.770533
   2.55629      8.982427
   2.58403      9.188553
   2.61177      9.383491
   2.63951      9.559418
   2.66725      9.695535
   2.69499      9.806283
   2.72273      9.844957
   2.72273      9.844957
   2.76503      9.811651
   2.80733      9.716362
   2.84962      9.573710
   2.89192      9.577208
   2.93422      9.626541
   2.97652      9.610744
   3.01882      9.561708
   3.06112      9.506419
   3.10341      9.464941
   3.14571      9.455090
   3.18801      9.463744
   3.23031      9.486543
   3.27261      9.535093
   3.31490      9.622558
   3.35720      9.779786
   3.39950      9.872655
   3.44180     10.025571
   3.48410     10.148858
   3.52640     10.149576
   3.52640     10.149576
   3.55082     10.170443
   3.57524     10.219383
   3.59966     10.192096
   3.62408     10.057268
   3.64850     10.078001
   3.67292     10.252806
   3.69734     10.431505
   3.72176     10.612337
   3.74618     10.793897
   3.77061     10.974837
   3.79503     11.153632
   3.81945     11.256796
   3.84387     11.297897
   3.86829     11.319867
   3.89271     11.321407
   3.91713     11.300328
   3.94155     11.253675
   3.96597     11.179538
   3.99039     11.081609
   3.99039     11.081609
   4.03924     10.999759
   4.08808     10.900679
   4.13692     10.760129
   4.18576     10.531734
   4.23460     10.229911
   4.28344     10.315271
   4.33229     10.588758
   4.38113     10.655054
   4.42997     10.497352
   4.47881     10.151500
   4.52765      9.975121
   4.57650      9.946912
   4.62534      9.944248
   4.67418      9.911557
   4.72302      9.742945
   4.77186      9.579008
   4.82070      9.675726
   4.86955      9.800621
   4.91839      9.844957
   4.91839     10.149576
   4.94613     10.157802
   4.97387     10.172275
   5.00161     10.163573
   5.02935     10.131465
   5.05709     10.107729
   5.08483     10.110835
   5.11257     10.140503
   5.14031     10.184706
   5.16805     10.231605
   5.19579     10.273045
   5.22353     10.303785
   5.25127     10.321045
   5.27901     10.324122
   5.30676     10.313138
   5.33450     10.430998
   5.36224     10.654086
   5.38998     10.865521
   5.41772     11.022651
   5.44546     11.064983
   5.44546     11.081609
   5.47320     11.053562
   5.50094     10.970612
   5.52868     10.848239
   5.55642     10.701249
   5.58416     10.541141
   5.61190     10.377135
   5.63964     10.218037
   5.66738     10.074557
   5.69512      9.962568
   5.72286      9.906252
   5.75060      9.940181
   5.77834     10.116860
   5.80609     10.353661
   5.83383     10.616393
   5.86157     10.891444
   5.88931     11.170763
   5.91705     11.383326
   5.94479     11.575284
   5.97253     11.801684
 
# Band-Index:   22
   5.97253     11.821539
   5.94479     11.684963
   5.91705     11.444110
   5.88931     11.495423
   5.86157     11.761730
   5.83383     12.037876
   5.80609     12.296209
   5.77834     12.512838
   5.75060     12.632083
   5.72286     12.612505
   5.69512     12.588742
   5.66738     12.560077
   5.63964     12.525749
   5.61190     12.485141
   5.58416     12.366254
   5.55642     12.169569
   5.52868     11.975053
   5.50094     11.789611
   5.47320     11.632434
   5.44546     11.560565
   5.44546     11.229736
   5.41772     11.149343
   5.38998     11.082231
   5.36224     11.073476
   5.33450     11.130102
   5.30676     11.253760
   5.27901     11.304785
   5.25127     11.199225
   5.22353     11.088115
   5.19579     10.977245
   5.16805     10.868187
   5.14031     10.762179
   5.11257     10.660421
   5.08483     10.564307
   5.05709     10.475934
   5.02935     10.399629
   5.00161     10.346816
   4.97387     10.339393
   4.94613     10.366438
   4.91839     10.382743
   4.91839      9.844962
   4.86955      9.869516
   4.82070      9.925066
   4.77186      9.971939
   4.72302      9.980725
   4.67418      9.961565
   4.62534     10.070919
   4.57650     10.226231
   4.52765     10.384289
   4.47881     10.556312
   4.42997     10.780628
   4.38113     11.049597
   4.33229     10.875798
   4.28344     10.567803
   4.23460     10.648790
   4.18576     10.849810
   4.13692     11.215978
   4.08808     11.668244
   4.03924     11.816984
   3.99039     11.560565
   3.99039     11.560565
   3.96597     11.612438
   3.94155     11.703669
   3.91713     11.776403
   3.89271     11.762276
   3.86829     11.647945
   3.84387     11.495415
   3.81945     11.328253
   3.79503     11.197605
   3.77061     11.121670
   3.74618     11.030910
   3.72176     10.927836
   3.69734     10.815480
   3.67292     10.697396
   3.64850     10.577944
   3.62408     10.463572
   3.59966     10.372245
   3.57524     10.405778
   3.55082     10.428059
   3.52640     10.382743
   3.52640     10.382743
   3.48410     10.461961
   3.44180     10.765788
   3.39950     11.156405
   3.35720     11.547720
   3.31490     11.882132
   3.27261     11.824260
   3.23031     11.342979
   3.18801     10.877437
   3.14571     10.459448
   3.10341     10.139585
   3.06112      9.980500
   3.01882      9.950044
   2.97652      9.967908
   2.93422      9.986061
   2.89192      9.982939
   2.84962      9.955131
   2.80733      9.908614
   2.76503      9.863645
   2.72273      9.844962
   2.72273      9.844962
   2.69499      9.806738
   2.66725      9.705425
   2.63951      9.699579
   2.61177      9.965078
   2.58403     10.206139
   2.55629     10.136623
   2.52855      9.907599
   2.50080      9.671668
   2.47306      9.439971
   2.44532      9.216331
   2.41758      9.006631
   2.38984      8.831527
   2.36210      8.781391
   2.33436      8.926307
   2.30662      9.150279
   2.27888      9.403315
   2.25114      9.674283
   2.22340      9.959521
   2.19566     10.257273
   2.19566     10.257273
   2.14682     10.281603
   2.09798     10.354667
   2.04913     10.476347
   2.00029     10.645237
   1.95145     10.856420
   1.90261     11.096979
   1.85377     11.335867
   1.80492     11.506225
   1.75608     11.531326
   1.70724     11.380369
   1.65840     11.075481
   1.60956     10.879486
   1.56072     10.819556
   1.51187     11.019045
   1.46303     11.370916
   1.41419     11.641750
   1.36535     11.701627
   1.31651     11.730398
   1.26766     11.821539
   1.26766     11.821539
   1.24324     11.818886
   1.21882     11.789217
   1.19440     11.735198
   1.16998     11.657363
   1.14556     11.572781
   1.12114     11.542157
   1.09672     11.508843
   1.07230     11.457256
   1.04788     11.365022
   1.02346     11.241137
   0.99903     11.119673
   0.97461     11.025091
   0.95019     10.968170
   0.92577     10.947551
   0.90135     10.983601
   0.87693     11.064105
   0.85251     11.143139
   0.82809     11.205197
   0.80367     11.229736
   0.80367     11.229736
   0.76137     11.134593
   0.71907     10.966320
   0.67677     10.858150
   0.63447     10.901485
   0.59218     11.193579
   0.54988     11.470497
   0.50758     11.486377
   0.46528     11.462313
   0.42298     11.495960
   0.38068     11.369640
   0.33839     11.187644
   0.29609     10.998686
   0.25379     10.819693
   0.21149     10.659028
   0.16919     10.521383
   0.12689     10.409857
   0.08460     10.326963
   0.04230     10.275182
   0.00000     10.257273
 
# Band-Index:   23
   0.00000     10.257285
   0.04230     10.276446
   0.08460     10.336176
   0.12689     10.439731
   0.16919     10.589057
   0.21149     10.783016
   0.25379     11.014695
   0.29609     11.266127
   0.33839     11.494286
   0.38068     11.613675
   0.42298     11.599236
   0.46528     11.632968
   0.50758     11.622101
   0.54988     11.517434
   0.59218     11.329119
   0.63447     11.089165
   0.67677     11.042344
   0.71907     11.250628
   0.76137     11.459263
   0.80367     11.532525
   0.80367     11.532525
   0.82809     11.545670
   0.85251     11.575862
   0.87693     11.606196
   0.90135     11.626083
   0.92577     11.633966
   0.95019     11.633517
   0.97461     11.629916
   0.99903     11.628726
   1.02346     11.637358
   1.04788     11.669863
   1.07230     11.748008
   1.09672     11.866349
   1.12114     11.980773
   1.14556     12.046237
   1.16998     12.045868
   1.19440     12.000738
   1.21882     11.936971
   1.24324     11.870972
   1.26766     11.821542
   1.26766     11.821542
   1.31651     11.956595
   1.36535     12.098019
   1.41419     12.126971
   1.46303     12.125223
   1.51187     12.225785
   1.56072     12.196326
   1.60956     11.796381
   1.65840     11.470953
   1.70724     11.451455
   1.75608     11.652210
   1.80492     11.662785
   1.85377     11.445037
   1.90261     11.162903
   1.95145     10.894082
   2.00029     10.665160
   2.04913     10.485666
   2.09798     10.358187
   2.14682     10.282395
   2.19566     10.257285
   2.19566     10.257285
   2.22340     10.566444
   2.25114     10.886164
   2.27888     11.215687
   2.30662     11.554257
   2.33436     11.900998
   2.36210     12.254634
   2.38984     12.472097
   2.41758     12.145185
   2.44532     11.822218
   2.47306     11.503912
   2.50080     11.191334
   2.52855     10.886893
   2.55629     10.601448
   2.58403     10.487967
   2.61177     10.698579
   2.63951     10.877395
   2.66725     10.825355
   2.69499     10.823285
   2.72273     10.868393
   2.72273     10.868393
   2.76503     10.829201
   2.80733     10.743505
   2.84962     10.666854
   2.89192     10.645303
   2.93422     10.714455
   2.97652     10.880445
   3.01882     11.116094
   3.06112     11.393074
   3.10341     11.693662
   3.14571     12.005343
   3.18801     12.309973
   3.23031     12.503967
   3.27261     12.248171
   3.31490     12.026893
   3.35720     11.605798
   3.39950     11.250933
   3.44180     10.932960
   3.48410     10.681470
   3.52640     10.575851
   3.52640     10.575851
   3.55082     10.520911
   3.57524     10.546304
   3.59966     10.707402
   3.62408     10.890849
   3.64850     11.085095
   3.67292     11.282836
   3.69734     11.478016
   3.72176     11.663902
   3.74618     11.831503
   3.77061     11.968654
   3.79503     12.062000
   3.81945     12.104030
   3.84387     12.099356
   3.86829     12.063404
   3.89271     12.027591
   3.91713     12.058350
   3.94155     12.144457
   3.96597     12.223677
   3.99039     12.273573
   3.99039     12.273573
   4.03924     12.075127
   4.08808     12.037825
   4.13692     11.917026
   4.18576     11.738930
   4.23460     11.552605
   4.28344     11.376320
   4.33229     11.224969
   4.38113     11.382428
   4.42997     11.590246
   4.47881     11.408945
   4.52765     11.201332
   4.57650     11.012967
   4.62534     10.851221
   4.67418     10.723286
   4.72302     10.645463
   4.77186     10.642411
   4.82070     10.715491
   4.86955     10.817473
   4.91839     10.868393
   4.91839     10.575851
   4.94613     10.599550
   4.97387     10.664145
   5.00161     10.763118
   5.02935     10.892224
   5.05709     11.044735
   5.08483     11.209385
   5.11257     11.366577
   5.14031     11.485256
   5.16805     11.545725
   5.19579     11.566308
   5.22353     11.569108
   5.25127     11.542016
   5.27901     11.432932
   5.30676     11.431851
   5.33450     11.535445
   5.36224     11.633758
   5.38998     11.700847
   5.41772     11.625254
   5.44546     11.532525
   5.44546     12.273573
   5.47320     12.261295
   5.50094     12.286454
   5.52868     12.332719
   5.55642     12.386076
   5.58416     12.438173
   5.61190     12.561612
   5.63964     12.752972
   5.66738     12.824898
   5.69512     12.801845
   5.72286     12.754382
   5.75060     12.665264
   5.77834     12.648063
   5.80609     12.660873
   5.83383     12.670718
   5.86157     12.659758
   5.88931     12.486875
   5.91705     12.287452
   5.94479     12.063432
   5.97253     11.821542
 
# Band-Index:   24
   5.97253     12.482984
   5.94479     12.578461
   5.91705     12.667429
   5.88931     12.679381
   5.86157     12.677389
   5.83383     12.808620
   5.80609     12.938463
   5.77834     13.054018
   5.75060     13.155793
   5.72286     13.210806
   5.69512     13.106128
   5.66738     12.937044
   5.63964     12.828983
   5.61190     12.809231
   5.58416     12.754216
   5.55642     12.660666
   5.52868     12.544235
   5.50094     12.427504
   5.47320     12.331437
   5.44546     12.273576
   5.44546     11.873782
   5.41772     11.853789
   5.38998     11.887866
   5.36224     11.985692
   5.33450     11.906273
   5.30676     11.835657
   5.27901     11.804845
   5.25127     11.874830
   5.22353     12.064439
   5.19579     12.272164
   5.16805     12.178910
   5.14031     12.030959
   5.11257     11.932466
   5.08483     11.837857
   5.05709     11.710350
   5.02935     11.565695
   5.00161     11.426192
   4.97387     11.307750
   4.94613     11.225777
   4.91839     11.195934
   4.91839     10.868394
   4.86955     10.902781
   4.82070     11.001934
   4.77186     11.118562
   4.72302     11.159188
   4.67418     11.200450
   4.62534     11.269566
   4.57650     11.365912
   4.52765     11.486884
   4.47881     11.627343
   4.42997     11.767840
   4.38113     11.860080
   4.33229     11.978572
   4.28344     12.217817
   4.23460     12.503164
   4.18576     12.771278
   4.13692     12.775717
   4.08808     12.415469
   4.03924     12.284380
   3.99039     12.273576
   3.99039     12.273576
   3.96597     12.287489
   3.94155     12.289906
   3.91713     12.304756
   3.89271     12.334581
   3.86829     12.370453
   3.84387     12.402040
   3.81945     12.422718
   3.79503     12.430350
   3.77061     12.425135
   3.74618     12.405980
   3.72176     12.365254
   3.69734     12.282940
   3.67292     12.143422
   3.64850     11.965294
   3.62408     11.773329
   3.59966     11.581866
   3.57524     11.402883
   3.55082     11.258019
   3.52640     11.195934
   3.52640     11.195934
   3.48410     11.290596
   3.44180     11.504195
   3.39950     11.693939
   3.35720     11.895605
   3.31490     12.182897
   3.27261     12.440433
   3.23031     12.643541
   3.18801     12.806317
   3.14571     12.487424
   3.10341     12.183187
   3.06112     11.901688
   3.01882     11.648440
   2.97652     11.431442
   2.93422     11.261789
   2.89192     11.147022
   2.84962     11.062170
   2.80733     10.967229
   2.76503     10.894134
   2.72273     10.868394
   2.72273     10.868394
   2.69499     10.963614
   2.66725     11.110527
   2.63951     10.949484
   2.61177     10.980862
   2.58403     11.131377
   2.55629     11.321146
   2.52855     11.542096
   2.50080     11.787351
   2.47306     12.051507
   2.44532     12.330409
   2.41758     12.620875
   2.38984     12.612508
   2.36210     12.802338
   2.33436     13.135285
   2.30662     13.470210
   2.27888     13.806153
   2.25114     14.141644
   2.22340     14.474071
   2.19566     14.797789
   2.19566     14.797789
   2.14682     14.600756
   2.09798     14.328877
   2.04913     14.034775
   2.00029     13.732958
   1.95145     13.436663
   1.90261     13.148148
   1.85377     12.873611
   1.80492     12.680985
   1.75608     12.357001
   1.70724     12.015399
   1.65840     11.914540
   1.60956     12.036561
   1.56072     12.241218
   1.51187     12.340936
   1.46303     12.314253
   1.41419     12.262240
   1.36535     12.287482
   1.31651     12.481695
   1.26766     12.482984
   1.26766     12.482984
   1.24324     12.496026
   1.21882     12.509901
   1.19440     12.413822
   1.16998     12.295281
   1.14556     12.193642
   1.12114     12.116105
   1.09672     12.061950
   1.07230     12.027349
   1.04788     12.008448
   1.02346     12.002189
   0.99903     12.005995
   0.97461     12.017098
   0.95019     12.031635
   0.92577     12.043172
   0.90135     12.040563
   0.87693     12.010216
   0.85251     11.953798
   0.82809     11.897622
   0.80367     11.873782
   0.80367     11.873782
   0.76137     11.921776
   0.71907     11.824562
   0.67677     11.688444
   0.63447     11.616836
   0.59218     11.627817
   0.54988     11.825464
   0.50758     12.224971
   0.46528     12.672845
   0.42298     12.857463
   0.38068     12.731232
   0.33839     12.770458
   0.29609     12.965837
   0.25379     13.232602
   0.21149     13.527996
   0.16919     13.831051
   0.12689     14.126208
   0.08460     14.397623
   0.04230     14.633919
   0.00000     14.797789
 
# Band-Index:   25
   0.00000     14.797791
   0.04230     14.705646
   0.08460     14.501532
   0.12689     14.266627
   0.16919     14.028595
   0.21149     13.793065
   0.25379     13.563282
   0.29609     13.344380
   0.33839     13.144902
   0.38068     12.978787
   0.42298     12.890616
   0.46528     12.750097
   0.50758     12.567134
   0.54988     12.591925
   0.59218     12.875463
   0.63447     12.804268
   0.67677     12.532727
   0.71907     12.277337
   0.76137     12.168586
   0.80367     12.213936
   0.80367     12.213936
   0.82809     12.223081
   0.85251     12.251882
   0.87693     12.301491
   0.90135     12.366933
   0.92577     12.436253
   0.95019     12.498882
   0.97461     12.551321
   0.99903     12.593202
   1.02346     12.623321
   1.04788     12.639327
   1.07230     12.640231
   1.09672     12.632040
   1.12114     12.634950
   1.14556     12.681678
   1.16998     12.706576
   1.19440     12.628554
   1.21882     12.595080
   1.24324     12.680023
   1.26766     12.732682
   1.26766     12.732682
   1.31651     12.580459
   1.36535     12.718797
   1.41419     12.707789
   1.46303     12.811694
   1.51187     12.782021
   1.56072     12.562112
   1.60956     12.696957
   1.65840     12.889799
   1.70724     13.000141
   1.75608     12.802569
   1.80492     12.836619
   1.85377     12.942462
   1.90261     13.162885
   1.95145     13.457885
   2.00029     13.781508
   2.04913     14.106020
   2.09798     14.415810
   2.14682     14.677502
   2.19566     14.797792
   2.19566     14.797792
   2.22340     14.746497
   2.25114     14.470662
   2.27888     14.165009
   2.30662     13.851825
   2.33436     13.537974
   2.36210     13.226738
   2.38984     12.920366
   2.41758     12.964119
   2.44532     13.167956
   2.47306     12.929552
   2.50080     12.631620
   2.52855     12.336118
   2.55629     12.050677
   2.58403     11.779717
   2.61177     11.528063
   2.63951     11.302107
   2.66725     11.204558
   2.69499     11.446231
   2.72273     11.584568
   2.72273     11.584568
   2.76503     11.474186
   2.80733     11.351847
   2.84962     11.326238
   2.89192     11.442004
   2.93422     11.651009
   2.97652     11.903593
   3.01882     12.179578
   3.06112     12.467312
   3.10341     12.754249
   3.14571     13.002532
   3.18801     12.861528
   3.23031     12.999005
   3.27261     12.675048
   3.31490     12.455957
   3.35720     12.289536
   3.39950     12.014135
   3.44180     12.019597
   3.48410     12.278468
   3.52640     12.488429
   3.52640     12.488429
   3.55082     12.489710
   3.57524     12.493767
   3.59966     12.501350
   3.62408     12.514230
   3.64850     12.536616
   3.67292     12.579047
   3.69734     12.663700
   3.72176     12.806498
   3.74618     12.987891
   3.77061     13.005008
   3.79503     13.043250
   3.81945     13.104891
   3.84387     13.174602
   3.86829     13.229327
   3.89271     13.256140
   3.91713     13.261129
   3.94155     13.260732
   3.96597     13.271738
   3.99039     13.306501
   3.99039     13.306501
   4.03924     13.335620
   4.08808     13.544395
   4.13692     13.488028
   4.18576     13.426886
   4.23460     13.074619
   4.28344     12.707728
   4.33229     12.369533
   4.38113     12.104432
   4.42997     12.219400
   4.47881     12.744858
   4.52765     13.073503
   4.57650     12.652261
   4.62534     12.233507
   4.67418     11.850615
   4.72302     11.527621
   4.77186     11.317399
   4.82070     11.320083
   4.86955     11.451373
   4.91839     11.584568
   4.91839     12.488429
   4.94613     12.469468
   4.97387     12.421013
   5.00161     12.359339
   5.02935     12.299775
   5.05709     12.259487
   5.08483     12.265416
   5.11257     12.343887
   5.14031     12.466011
   5.16805     12.495057
   5.19579     12.420429
   5.22353     12.617139
   5.25127     12.795709
   5.27901     12.693854
   5.30676     12.489003
   5.33450     12.279305
   5.36224     12.085967
   5.38998     12.107441
   5.41772     12.194052
   5.44546     12.213936
   5.44546     13.306501
   5.47320     13.255712
   5.50094     13.218140
   5.52868     13.197078
   5.55642     13.199689
   5.58416     13.237786
   5.61190     13.318002
   5.63964     13.426833
   5.66738     13.507149
   5.69512     13.413132
   5.72286     13.372231
   5.75060     13.382624
   5.77834     13.263479
   5.80609     13.195363
   5.83383     13.168881
   5.86157     13.169875
   5.88931     13.152678
   5.91705     12.902566
   5.94479     12.753505
   5.97253     12.732682
 
# Band-Index:   26
   5.97253     13.350052
   5.94479     13.280540
   5.91705     13.227550
   5.88931     13.190474
   5.86157     13.397808
   5.83383     13.585049
   5.80609     13.688159
   5.77834     13.594760
   5.75060     13.473577
   5.72286     13.522033
   5.69512     13.588973
   5.66738     13.534500
   5.63964     13.608904
   5.61190     13.713326
   5.58416     13.680124
   5.55642     13.601994
   5.52868     13.520186
   5.50094     13.440973
   5.47320     13.368827
   5.44546     13.306516
   5.44546     12.340818
   5.41772     12.339820
   5.38998     12.441238
   5.36224     12.590367
   5.33450     12.752117
   5.30676     12.904004
   5.27901     12.979533
   5.25127     12.955213
   5.22353     13.056945
   5.19579     12.990119
   5.16805     12.885014
   5.14031     12.987496
   5.11257     13.207560
   5.08483     13.376380
   5.05709     13.372220
   5.02935     13.300031
   5.00161     13.216676
   4.97387     13.139213
   4.94613     13.081723
   4.91839     13.059817
   4.91839     11.852783
   4.86955     11.896902
   4.82070     12.024168
   4.77186     12.225310
   4.72302     12.485428
   4.67418     12.782025
   4.62534     13.078783
   4.57650     13.290598
   4.52765     13.198277
   4.47881     13.290081
   4.42997     12.975060
   4.38113     12.778575
   4.33229     12.943953
   4.28344     13.337868
   4.23460     13.819791
   4.18576     13.664214
   4.13692     13.636645
   4.08808     13.596801
   4.03924     13.453293
   3.99039     13.306516
   3.99039     13.306516
   3.96597     13.368938
   3.94155     13.427117
   3.91713     13.459681
   3.89271     13.475184
   3.86829     13.487506
   3.84387     13.497891
   3.81945     13.473360
   3.79503     13.357992
   3.77061     13.180360
   3.74618     12.990655
   3.72176     12.992412
   3.69734     13.002355
   3.67292     13.015198
   3.64850     13.027981
   3.62408     13.039202
   3.59966     13.048179
   3.57524     13.054644
   3.55082     13.058525
   3.52640     13.059817
   3.52640     13.059817
   3.48410     13.311967
   3.44180     13.683153
   3.39950     13.439970
   3.35720     12.929894
   3.31490     12.648064
   3.27261     12.934472
   3.23031     13.082042
   3.18801     13.163636
   3.14571     13.021870
   3.10341     13.035973
   3.06112     12.960163
   3.01882     12.820634
   2.97652     12.648241
   2.93422     12.463805
   2.89192     12.282083
   2.84962     12.115782
   2.80733     11.978486
   2.76503     11.885854
   2.72273     11.852783
   2.72273     11.852783
   2.69499     11.880836
   2.66725     11.995656
   2.63951     12.176611
   2.61177     12.402447
   2.58403     12.658042
   2.55629     12.933889
   2.52855     13.224090
   2.50080     13.524843
   2.47306     13.707903
   2.44532     13.470749
   2.41758     13.629423
   2.38984     13.940155
   2.36210     14.264904
   2.33436     14.591810
   2.30662     14.912085
   2.27888     15.197334
   2.25114     15.297105
   2.22340     15.096381
   2.19566     14.889909
   2.19566     14.889909
   2.14682     15.031831
   2.09798     15.131583
   2.04913     15.117529
   2.00029     14.974098
   1.95145     14.739674
   1.90261     14.249325
   1.85377     13.594616
   1.80492     12.977006
   1.75608     12.901472
   1.70724     13.030677
   1.65840     13.229365
   1.60956     13.264230
   1.56072     13.279369
   1.51187     13.418931
   1.46303     13.248825
   1.41419     12.951693
   1.36535     12.930394
   1.31651     13.339237
   1.26766     13.350052
   1.26766     13.350052
   1.24324     13.227828
   1.21882     13.082860
   1.19440     12.929748
   1.16998     12.786998
   1.14556     12.793606
   1.12114     12.877995
   1.09672     12.946843
   1.07230     12.984430
   1.04788     12.978452
   1.02346     12.929500
   0.99903     12.848515
   0.97461     12.747563
   0.95019     12.637003
   0.92577     12.527538
   0.90135     12.433490
   0.87693     12.371760
   0.85251     12.346073
   0.82809     12.340832
   0.80367     12.340818
   0.80367     12.340818
   0.76137     12.326781
   0.71907     12.579735
   0.67677     12.876869
   0.63447     13.104905
   0.59218     13.073910
   0.54988     13.223319
   0.50758     13.123312
   0.46528     13.038851
   0.42298     13.135920
   0.38068     13.588011
   0.33839     14.014049
   0.29609     14.390023
   0.25379     14.696326
   0.21149     14.925158
   0.16919     15.073350
   0.12689     15.136268
   0.08460     15.112273
   0.04230     15.011868
   0.00000     14.889909
 
# Band-Index:   27
   0.00000     15.489834
   0.04230     15.546799
   0.08460     15.639480
   0.12689     15.657720
   0.16919     15.550335
   0.21149     15.345947
   0.25379     15.063792
   0.29609     14.704875
   0.33839     14.292266
   0.38068     13.862834
   0.42298     13.471596
   0.46528     13.348541
   0.50758     13.592842
   0.54988     13.615571
   0.59218     13.562930
   0.63447     13.471188
   0.67677     13.500868
   0.71907     13.128829
   0.76137     12.757566
   0.80367     12.482516
   0.80367     12.482516
   0.82809     12.491515
   0.85251     12.518520
   0.87693     12.564489
   0.90135     12.633060
   0.92577     12.729556
   0.95019     12.854426
   0.97461     12.998933
   0.99903     13.146768
   1.02346     13.271427
   1.04788     13.341138
   1.07230     13.361613
   1.09672     13.371541
   1.12114     13.394143
   1.14556     13.435151
   1.16998     13.493675
   1.19440     13.567312
   1.21882     13.651825
   1.24324     13.509396
   1.26766     13.350053
   1.26766     13.350053
   1.31651     13.391262
   1.36535     13.596636
   1.41419     13.722940
   1.46303     13.591655
   1.51187     13.423692
   1.56072     13.678022
   1.60956     13.968071
   1.65840     13.810965
   1.70724     13.582995
   1.75608     13.660363
   1.80492     13.898501
   1.85377     14.176567
   1.90261     14.463662
   1.95145     14.860308
   2.00029     15.315756
   2.04913     15.581293
   2.09798     15.651135
   2.14682     15.561784
   2.19566     15.489834
   2.19566     15.489834
   2.22340     15.626703
   2.25114     15.822352
   2.27888     15.802064
   2.30662     15.735512
   2.33436     15.430076
   2.36210     15.110892
   2.38984     14.788692
   2.41758     14.467099
   2.44532     14.148164
   2.47306     13.833527
   2.50080     13.586964
   2.52855     13.304268
   2.55629     13.018704
   2.58403     12.743711
   2.61177     12.485884
   2.63951     12.253150
   2.66725     12.057445
   2.69499     11.916655
   2.72273     11.852790
   2.72273     11.852790
   2.76503     12.015764
   2.80733     12.260054
   2.84962     12.521981
   2.89192     12.830574
   2.93422     13.173362
   2.97652     13.541229
   3.01882     13.924539
   3.06112     14.285899
   3.10341     14.309965
   3.14571     13.985477
   3.18801     13.560326
   3.23031     13.259879
   3.27261     13.366256
   3.31490     13.574883
   3.35720     13.894859
   3.39950     14.159471
   3.44180     14.100913
   3.48410     14.526610
   3.52640     14.806815
   3.52640     14.806815
   3.55082     14.799538
   3.57524     14.777047
   3.59966     14.737974
   3.62408     14.681734
   3.64850     14.609847
   3.67292     14.473956
   3.69734     14.320496
   3.72176     14.173929
   3.74618     14.039519
   3.77061     13.925824
   3.79503     13.851712
   3.81945     13.863369
   3.84387     13.988364
   3.86829     14.075679
   3.89271     14.164405
   3.91713     14.292190
   3.94155     14.338702
   3.96597     14.242216
   3.99039     14.212658
   3.99039     14.212658
   4.03924     14.291156
   4.08808     14.019395
   4.13692     14.089498
   4.18576     14.194971
   4.23460     14.125366
   4.28344     14.593133
   4.33229     14.890567
   4.38113     14.619068
   4.42997     14.185754
   4.47881     13.869707
   4.52765     14.125200
   4.57650     14.264316
   4.62534     13.874917
   4.67418     13.448929
   4.72302     13.042968
   4.77186     12.668637
   4.82070     12.343089
   4.86955     12.056257
   4.91839     11.852790
   4.91839     14.806815
   4.94613     14.735784
   4.97387     14.558822
   5.00161     14.331089
   5.02935     14.083508
   5.05709     13.836471
   5.08483     13.644337
   5.11257     13.606147
   5.14031     13.600625
   5.16805     13.544294
   5.19579     13.438425
   5.22353     13.396221
   5.25127     13.392665
   5.27901     13.282990
   5.30676     13.231078
   5.33450     13.094192
   5.36224     12.909727
   5.38998     12.727852
   5.41772     12.569995
   5.44546     12.482516
   5.44546     14.212658
   5.47320     14.185053
   5.50094     14.115508
   5.52868     14.024303
   5.55642     13.923423
   5.58416     13.818755
   5.61190     13.747202
   5.63964     13.796459
   5.66738     13.824087
   5.69512     13.830506
   5.72286     13.819114
   5.75060     13.793431
   5.77834     13.753948
   5.80609     13.693116
   5.83383     13.733102
   5.86157     13.713751
   5.88931     13.637720
   5.91705     13.536298
   5.94479     13.436343
   5.97253     13.350053
 
# Band-Index:   28
   5.97253     13.776060
   5.94479     13.781351
   5.91705     13.798358
   5.88931     13.831810
   5.86157     13.895602
   5.83383     14.018843
   5.80609     14.206825
   5.77834     14.234266
   5.75060     14.145546
   5.72286     14.074515
   5.69512     14.089813
   5.66738     14.220005
   5.63964     14.388908
   5.61190     14.549789
   5.58416     14.688838
   5.55642     14.803101
   5.52868     14.789806
   5.50094     14.730779
   5.47320     14.679794
   5.44546     14.658222
   5.44546     13.253475
   5.41772     13.276373
   5.38998     13.341031
   5.36224     13.437950
   5.33450     13.556847
   5.30676     13.690630
   5.27901     13.711695
   5.25127     13.553356
   5.22353     13.575821
   5.19579     13.761987
   5.16805     13.962762
   5.14031     14.175343
   5.11257     14.394035
   5.08483     14.605498
   5.05709     14.789277
   5.02935     14.929493
   5.00161     15.030708
   4.97387     15.106936
   4.94613     15.167232
   4.91839     15.197547
   4.91839     12.006386
   4.86955     12.101272
   4.82070     12.398033
   4.77186     12.782058
   4.72302     13.187119
   4.67418     13.596891
   4.62534     13.985582
   4.57650     14.292393
   4.52765     14.442865
   4.47881     14.571602
   4.42997     14.773637
   4.38113     14.933510
   4.33229     15.003050
   4.28344     14.975397
   4.23460     14.836749
   4.18576     14.719893
   4.13692     14.696749
   4.08808     14.463902
   4.03924     14.347609
   3.99039     14.658222
   3.99039     14.658222
   3.96597     14.578961
   3.94155     14.438401
   3.91713     14.458356
   3.89271     14.347816
   3.86829     14.165699
   3.84387     14.038690
   3.81945     14.050245
   3.79503     14.097164
   3.77061     14.166819
   3.74618     14.250297
   3.72176     14.341325
   3.69734     14.434816
   3.67292     14.525960
   3.64850     14.630111
   3.62408     14.784628
   3.59966     14.931769
   3.57524     15.062261
   3.55082     15.159531
   3.52640     15.197547
   3.52640     15.197547
   3.48410     15.030083
   3.44180     14.666053
   3.39950     14.414429
   3.35720     14.298367
   3.31490     13.914420
   3.27261     13.542291
   3.23031     13.526361
   3.18801     13.868018
   3.14571     14.291500
   3.10341     14.670392
   3.06112     14.368240
   3.01882     14.081517
   2.97652     13.733504
   2.93422     13.363998
   2.89192     12.995153
   2.84962     12.639653
   2.80733     12.310104
   2.76503     12.078750
   2.72273     12.006386
   2.72273     12.006386
   2.69499     12.149465
   2.66725     12.405535
   2.63951     12.685473
   2.61177     12.975151
   2.58403     13.270873
   2.55629     13.571133
   2.52855     13.875080
   2.50080     14.182090
   2.47306     14.030602
   2.44532     14.276814
   2.41758     14.586005
   2.38984     14.903335
   2.36210     15.218239
   2.33436     15.515220
   2.30662     15.746306
   2.27888     15.961487
   2.25114     15.867117
   2.22340     16.059593
   2.19566     16.365868
   2.19566     16.365868
   2.14682     16.314779
   2.09798     16.193147
   2.04913     16.077486
   2.00029     15.806815
   1.95145     15.359396
   1.90261     15.018336
   1.85377     14.724600
   1.80492     14.458897
   1.75608     14.227782
   1.70724     14.063073
   1.65840     14.052936
   1.60956     14.197558
   1.56072     13.998146
   1.51187     13.615067
   1.46303     13.652776
   1.41419     13.912624
   1.36535     13.863767
   1.31651     13.723570
   1.26766     13.776060
   1.26766     13.776060
   1.24324     13.734391
   1.21882     13.709475
   1.19440     13.846089
   1.16998     13.860992
   1.14556     13.814759
   1.12114     13.756865
   1.09672     13.708154
   1.07230     13.681623
   1.04788     13.680595
   1.02346     13.688643
   0.99903     13.677088
   0.97461     13.632511
   0.95019     13.564849
   0.92577     13.488941
   0.90135     13.415013
   0.87693     13.349714
   0.85251     13.298210
   0.82809     13.264990
   0.80367     13.253475
   0.80367     13.253475
   0.76137     13.343002
   0.71907     13.563634
   0.67677     13.770722
   0.63447     13.847102
   0.59218     13.790498
   0.54988     13.721107
   0.50758     13.757450
   0.46528     13.998605
   0.42298     14.259926
   0.38068     14.531813
   0.33839     14.817936
   0.29609     15.117257
   0.25379     15.400084
   0.21149     15.637877
   0.16919     15.844357
   0.12689     16.031839
   0.08460     16.199763
   0.04230     16.322367
   0.00000     16.365866
 
# Band-Index:   29
   0.00000     16.365868
   0.04230     16.331949
   0.08460     16.263488
   0.12689     16.208212
   0.16919     16.120095
   0.21149     15.879223
   0.25379     15.584852
   0.29609     15.329262
   0.33839     15.117864
   0.38068     14.920633
   0.42298     14.722710
   0.46528     14.520385
   0.50758     14.332896
   0.54988     14.262176
   0.59218     14.241370
   0.63447     14.163650
   0.67677     13.952811
   0.71907     14.250140
   0.76137     14.535964
   0.80367     14.645952
   0.80367     14.645953
   0.82809     14.624670
   0.85251     14.563977
   0.87693     14.472140
   0.90135     14.359631
   0.92577     14.236665
   0.95019     14.112767
   0.97461     13.998352
   0.99903     13.908671
   1.02346     13.870966
   1.04788     13.920172
   1.07230     14.054434
   1.09672     14.236015
   1.12114     14.436269
   1.14556     14.625919
   1.16998     14.478030
   1.19440     14.334656
   1.21882     14.303615
   1.24324     14.358942
   1.26766     14.446347
   1.26766     14.446348
   1.31651     14.529992
   1.36535     14.767808
   1.41419     14.423244
   1.46303     14.438424
   1.51187     14.596317
   1.56072     14.643117
   1.60956     14.477251
   1.65840     14.704947
   1.70724     15.174579
   1.75608     15.661715
   1.80492     16.004293
   1.85377     16.066924
   1.90261     16.052684
   1.95145     16.029351
   2.00029     16.026133
   2.04913     16.174484
   2.09798     16.214015
   2.14682     16.315579
   2.19566     16.365874
   2.19566     16.365877
   2.22340     16.680183
   2.25114     16.527141
   2.27888     16.416668
   2.30662     16.363367
   2.33436     16.054416
   2.36210     15.742536
   2.38984     15.429324
   2.41758     15.115884
   2.44532     14.803078
   2.47306     14.491610
   2.50080     14.221872
   2.52855     14.595758
   2.55629     14.989859
   2.58403     15.391958
   2.61177     15.798844
   2.63951     16.208721
   2.66725     16.620000
   2.69499     17.030917
   2.72273     17.439230
   2.72273     17.439230
   2.76503     17.437486
   2.80733     17.426657
   2.84962     17.381513
   2.89192     17.223968
   2.93422     16.831992
   2.97652     16.313185
   3.01882     15.781354
   3.06112     15.263168
   3.10341     14.822095
   3.14571     14.725452
   3.18801     14.401854
   3.23031     14.323033
   3.27261     14.509370
   3.31490     14.796119
   3.35720     14.782994
   3.39950     14.726132
   3.44180     15.109065
   3.48410     15.396281
   3.52640     15.504502
   3.52640     15.504502
   3.55082     15.511025
   3.57524     15.518594
   3.59966     15.491829
   3.62408     15.472952
   3.64850     15.467757
   3.67292     15.477678
   3.69734     15.501471
   3.72176     15.536401
   3.74618     15.577840
   3.77061     15.560385
   3.79503     15.513353
   3.81945     15.406686
   3.84387     15.219198
   3.86829     14.989146
   3.89271     14.758578
   3.91713     14.613041
   3.94155     14.727530
   3.96597     14.864794
   3.99039     14.980014
   3.99039     14.980014
   4.03924     15.070235
   4.08808     14.931627
   4.13692     14.741669
   4.18576     14.756367
   4.23460     14.877157
   4.28344     15.121777
   4.33229     15.270788
   4.38113     15.445923
   4.42997     15.506452
   4.47881     15.312723
   4.52765     14.871904
   4.57650     14.818199
   4.62534     15.358011
   4.67418     16.026737
   4.72302     16.707161
   4.77186     17.244524
   4.82070     17.412078
   4.86955     17.436505
   4.91839     17.439230
   4.91839     15.504502
   4.94613     15.483409
   4.97387     15.447888
   5.00161     15.345279
   5.02935     15.172949
   5.05709     14.975323
   5.08483     14.779679
   5.11257     14.597488
   5.14031     14.441371
   5.16805     14.323835
   5.19579     14.233820
   5.22353     14.139921
   5.25127     14.025760
   5.27901     13.865600
   5.30676     13.827647
   5.33450     13.996676
   5.36224     14.217606
   5.38998     14.429998
   5.41772     14.587108
   5.44546     14.645952
   5.44546     14.980014
   5.47320     14.950488
   5.50094     14.904626
   5.52868     14.852718
   5.55642     14.803255
   5.58416     14.762223
   5.61190     14.734599
   5.63964     14.721369
   5.66738     14.717265
   5.69512     14.707419
   5.72286     14.666917
   5.75060     14.569206
   5.77834     14.407373
   5.80609     14.313223
   5.83383     14.373667
   5.86157     14.414598
   5.88931     14.433924
   5.91705     14.429739
   5.94479     14.437452
   5.97253     14.446347
 
# Band-Index:   30
   5.97253     14.446352
   5.94479     14.451470
   5.91705     14.449874
   5.88931     14.438732
   5.86157     14.469648
   5.83383     14.553652
   5.80609     14.671500
   5.77834     14.783107
   5.75060     14.860827
   5.72286     14.905287
   5.69512     14.927749
   5.66738     14.935731
   5.63964     14.931796
   5.61190     14.915722
   5.58416     14.886462
   5.55642     14.843780
   5.52868     14.892256
   5.50094     14.953393
   5.47320     14.982916
   5.44546     14.980015
   5.44546     15.323056
   5.41772     15.155512
   5.38998     14.914945
   5.36224     14.661419
   5.33450     14.408399
   5.30676     14.177740
   5.27901     14.051287
   5.25127     14.150337
   5.22353     14.385713
   5.19579     14.636840
   5.16805     14.822910
   5.14031     14.945731
   5.11257     15.061746
   5.08483     15.181236
   5.05709     15.313621
   5.02935     15.460806
   5.00161     15.597901
   4.97387     15.671449
   4.94613     15.621961
   4.91839     15.552686
   4.91839     17.439232
   4.86955     17.441469
   4.82070     17.443584
   4.77186     17.417198
   4.72302     17.145290
   4.67418     16.501007
   4.62534     15.825294
   4.57650     15.262211
   4.52765     15.140900
   4.47881     15.348584
   4.42997     15.754578
   4.38113     15.941023
   4.33229     15.635830
   4.28344     15.655251
   4.23460     15.421290
   4.18576     15.052359
   4.13692     15.097423
   4.08808     15.228750
   4.03924     15.109634
   3.99039     14.980015
   3.99039     14.980015
   3.96597     15.153505
   3.94155     15.360307
   3.91713     15.502391
   3.89271     15.556183
   3.86829     15.579777
   3.84387     15.600700
   3.81945     15.621634
   3.79503     15.632288
   3.77061     15.615911
   3.74618     15.581389
   3.72176     15.588900
   3.69734     15.587293
   3.67292     15.579318
   3.64850     15.567417
   3.62408     15.553589
   3.59966     15.539107
   3.57524     15.524523
   3.55082     15.542791
   3.52640     15.552686
   3.52640     15.552686
   3.48410     15.734654
   3.44180     15.833491
   3.39950     15.521763
   3.35720     15.187448
   3.31490     15.225253
   3.27261     15.423977
   3.23031     15.424984
   3.18801     15.396222
   3.14571     15.145107
   3.10341     15.161160
   3.06112     15.549276
   3.01882     15.985235
   2.97652     16.458339
   2.93422     16.914101
   2.89192     17.280356
   2.84962     17.420699
   2.80733     17.441713
   2.76503     17.440863
   2.72273     17.439232
   2.72273     17.439232
   2.69499     17.841845
   2.66725     18.234053
   2.63951     18.607744
   2.61177     18.943427
   2.58403     19.118914
   2.55629     19.014934
   2.52855     18.840700
   2.50080     18.625680
   2.47306     18.381012
   2.44532     18.112689
   2.41758     17.789185
   2.38984     17.459442
   2.36210     17.137539
   2.33436     16.840151
   2.30662     16.620736
   2.27888     16.614833
   2.25114     16.830576
   2.22340     16.809078
   2.19566     17.102730
   2.19566     17.101701
   2.14682     17.042741
   2.09798     16.749365
   2.04913     16.327609
   2.00029     16.240857
   1.95145     16.294538
   1.90261     16.319334
   1.85377     16.292066
   1.80492     16.188042
   1.75608     15.970506
   1.70724     15.567776
   1.65840     15.082412
   1.60956     14.664619
   1.56072     14.655367
   1.51187     14.681763
   1.46303     14.662049
   1.41419     14.726210
   1.36535     14.814440
   1.31651     14.640232
   1.26766     14.446351
   1.26766     14.446351
   1.24324     14.595757
   1.21882     14.779045
   1.19440     14.876717
   1.16998     14.806081
   1.14556     14.635803
   1.12114     14.670426
   1.09672     14.613093
   1.07230     14.516714
   1.04788     14.423449
   1.02346     14.362574
   0.99903     14.358318
   0.97461     14.416546
   0.95019     14.521799
   0.92577     14.655765
   0.90135     14.805979
   0.87693     14.963900
   0.85251     15.120655
   0.82809     15.258108
   0.80367     15.323062
   0.80367     15.323080
   0.76137     15.270228
   0.71907     15.017012
   0.67677     14.642541
   0.63447     14.318697
   0.59218     14.505903
   0.54988     14.734758
   0.50758     14.922116
   0.46528     15.095078
   0.42298     15.257902
   0.38068     15.418873
   0.33839     15.587325
   0.29609     15.774081
   0.25379     15.988783
   0.21149     16.212403
   0.16919     16.382614
   0.12689     16.589490
   0.08460     16.833022
   0.04230     17.044810
   0.00000     17.101411
 
# Band-Index:   31
   0.00000     17.123477
   0.04230     17.108238
   0.08460     17.110183
   0.12689     16.960458
   0.16919     16.755770
   0.21149     16.581548
   0.25379     16.438889
   0.29609     16.284122
   0.33839     16.126300
   0.38068     15.970018
   0.42298     15.807255
   0.46528     15.616191
   0.50758     15.369363
   0.54988     15.096705
   0.59218     15.013374
   0.63447     15.187491
   0.67677     15.346245
   0.71907     15.415598
   0.76137     15.428809
   0.80367     15.428130
   0.80367     15.428100
   0.82809     15.427307
   0.85251     15.428487
   0.87693     15.437512
   0.90135     15.456894
   0.92577     15.486002
   0.95019     15.522761
   0.97461     15.564833
   0.99903     15.609882
   1.02346     15.655678
   1.04788     15.699730
   1.07230     15.738627
   1.09672     15.696098
   1.12114     15.499755
   1.14556     15.412531
   1.16998     15.452622
   1.19440     15.553375
   1.21882     15.624436
   1.24324     15.783925
   1.26766     15.935487
   1.26766     15.935486
   1.31651     15.389280
   1.36535     14.886727
   1.41419     15.223697
   1.46303     15.539004
   1.51187     15.575808
   1.56072     15.265325
   1.60956     15.312321
   1.65840     15.531066
   1.70724     15.787132
   1.75608     16.040904
   1.80492     16.280548
   1.85377     16.564061
   1.90261     16.749861
   1.95145     16.831100
   2.00029     16.867475
   2.04913     16.906639
   2.09798     16.976060
   2.14682     17.069115
   2.19566     17.126067
   2.19566     17.125208
   2.22340     17.127845
   2.25114     16.917358
   2.27888     16.666068
   2.30662     16.631581
   2.33436     16.925448
   2.36210     17.230115
   2.38984     17.533084
   2.41758     17.828839
   2.44532     18.119204
   2.47306     18.445163
   2.50080     18.759782
   2.52855     19.048667
   2.55629     19.233385
   2.58403     19.314398
   2.61177     19.341634
   2.63951     19.421468
   2.66725     19.487447
   2.69499     19.538736
   2.72273     19.561277
   2.72273     19.561802
   2.76503     19.142829
   2.80733     18.627364
   2.84962     18.101590
   2.89192     17.641008
   2.93422     17.260178
   2.97652     16.788884
   3.01882     16.285275
   3.06112     15.816484
   3.10341     15.536262
   3.14571     15.469191
   3.18801     15.537715
   3.23031     15.872379
   3.27261     16.192068
   3.31490     16.110443
   3.35720     16.184319
   3.39950     16.194813
   3.44180     16.016896
   3.48410     16.074315
   3.52640     16.114509
   3.52640     16.114509
   3.55082     16.121414
   3.57524     16.128545
   3.59966     16.126415
   3.62408     16.107519
   3.64850     16.071896
   3.67292     16.023974
   3.69734     15.969366
   3.72176     15.913875
   3.74618     15.864419
   3.77061     15.832648
   3.79503     15.838115
   3.81945     15.790682
   3.84387     15.724798
   3.86829     15.710329
   3.89271     15.727129
   3.91713     15.769463
   3.94155     15.804783
   3.96597     15.821867
   3.99039     15.892889
   3.99039     15.892889
   4.03924     15.565121
   4.08808     15.479337
   4.13692     15.515360
   4.18576     15.607844
   4.23460     15.701516
   4.28344     15.730222
   4.33229     15.948803
   4.38113     16.028579
   4.42997     16.183101
   4.47881     16.461921
   4.52765     16.768685
   4.57650     17.067648
   4.62534     17.321779
   4.67418     17.490587
   4.72302     17.624851
   4.77186     17.870742
   4.82070     18.408857
   4.86955     19.051213
   4.91839     19.561910
   4.91839     16.114509
   4.94613     16.039945
   4.97387     15.943445
   5.00161     15.888729
   5.02935     15.881798
   5.05709     15.837419
   5.08483     15.717200
   5.11257     15.549060
   5.14031     15.294281
   5.16805     15.034780
   5.19579     14.874206
   5.22353     14.843292
   5.25127     14.881311
   5.27901     14.958055
   5.30676     15.056858
   5.33450     15.169068
   5.36224     15.290132
   5.38998     15.412136
   5.41772     15.485971
   5.44546     15.428107
   5.44546     15.892889
   5.47320     15.876733
   5.50094     15.899823
   5.52868     15.954836
   5.55642     16.026084
   5.58416     16.080577
   5.61190     16.042098
   5.63964     15.904436
   5.66738     15.758737
   5.69512     15.642165
   5.72286     15.562468
   5.75060     15.520311
   5.77834     15.515145
   5.80609     15.545792
   5.83383     15.537883
   5.86157     15.571751
   5.88931     15.644856
   5.91705     15.742694
   5.94479     15.848758
   5.97253     15.935471
 
# Band-Index:   32
   5.97253     15.977354
   5.94479     15.968520
   5.91705     15.899889
   5.88931     15.801216
   5.86157     15.697878
   5.83383     15.608969
   5.80609     15.560642
   5.77834     15.658583
   5.75060     15.837472
   5.72286     15.968388
   5.69512     16.160607
   5.66738     16.372880
   5.63964     16.519666
   5.61190     16.502432
   5.58416     16.391351
   5.55642     16.262388
   5.52868     16.139272
   5.50094     16.031646
   5.47320     15.946881
   5.44546     15.892897
   5.44546     15.773414
   5.41772     15.760448
   5.38998     15.782224
   5.36224     15.765984
   5.33450     15.714940
   5.30676     15.654694
   5.27901     15.599106
   5.25127     15.555412
   5.22353     15.528227
   5.19579     15.521622
   5.16805     15.540541
   5.14031     15.592550
   5.11257     15.698947
   5.08483     15.886176
   5.05709     15.952619
   5.02935     15.989969
   5.00161     16.045880
   4.97387     16.062354
   4.94613     16.106128
   4.91839     16.117001
   4.91839     19.578048
   4.86955     19.334143
   4.82070     18.749125
   4.77186     18.084264
   4.72302     17.692506
   4.67418     17.643407
   4.62534     17.538582
   4.57650     17.326931
   4.52765     17.070322
   4.47881     16.830176
   4.42997     16.633753
   4.38113     16.262890
   4.33229     16.122115
   4.28344     16.113526
   4.23460     15.988128
   4.18576     15.774350
   4.13692     15.604461
   4.08808     15.789204
   4.03924     16.111726
   3.99039     15.892897
   3.99039     15.892897
   3.96597     15.902214
   3.94155     15.833878
   3.91713     15.884742
   3.89271     16.031473
   3.86829     16.033531
   3.84387     15.958881
   3.81945     15.886450
   3.79503     15.926301
   3.77061     16.086225
   3.74618     16.213069
   3.72176     16.295468
   3.69734     16.354180
   3.67292     16.402867
   3.64850     16.432858
   3.62408     16.407635
   3.59966     16.321306
   3.57524     16.221925
   3.55082     16.144408
   3.52640     16.117001
   3.52640     16.117001
   3.48410     16.261204
   3.44180     16.611059
   3.39950     16.744110
   3.35720     16.744520
   3.31490     16.491375
   3.27261     16.220468
   3.23031     16.567630
   3.18801     16.361837
   3.14571     16.065821
   3.10341     16.047932
   3.06112     16.321517
   3.01882     16.724293
   2.97652     17.181425
   2.93422     17.649153
   2.89192     18.020991
   2.84962     18.411692
   2.80733     18.890111
   2.76503     19.358396
   2.72273     19.577309
   2.72273     19.578196
   2.69499     19.567281
   2.66725     19.534445
   2.63951     19.480687
   2.61177     19.418685
   2.58403     19.360929
   2.55629     19.279145
   2.52855     19.142817
   2.50080     19.028946
   2.47306     18.889215
   2.44532     18.736664
   2.41758     18.563818
   2.38984     18.362870
   2.36210     18.137062
   2.33436     17.884426
   2.30662     17.610372
   2.27888     17.320067
   2.25114     17.061931
   2.22340     17.277974
   2.19566     17.443552
   2.19566     17.459225
   2.14682     17.351372
   2.09798     17.394607
   2.04913     17.473011
   2.00029     17.450836
   1.95145     17.298462
   1.90261     17.069364
   1.85377     16.794039
   1.80492     16.496450
   1.75608     16.276596
   1.70724     15.975553
   1.65840     15.762582
   1.60956     15.608272
   1.56072     15.599285
   1.51187     15.853247
   1.46303     16.057696
   1.41419     15.891984
   1.36535     15.867130
   1.31651     16.011331
   1.26766     15.943512
   1.26766     15.953315
   1.24324     15.819851
   1.21882     15.690016
   1.19440     15.559863
   1.16998     15.622179
   1.14556     15.722563
   1.12114     15.768763
   1.09672     15.766055
   1.07230     15.930240
   1.04788     16.151081
   1.02346     16.320678
   0.99903     16.418454
   0.97461     16.446868
   0.95019     16.427422
   0.92577     16.362833
   0.90135     16.270213
   0.87693     16.130303
   0.85251     15.974971
   0.82809     15.838466
   0.80367     15.773168
   0.80367     15.773702
   0.76137     15.702376
   0.71907     15.646642
   0.67677     15.719650
   0.63447     15.838663
   0.59218     15.939536
   0.54988     16.054688
   0.50758     16.239710
   0.46528     16.527534
   0.42298     16.902449
   0.38068     17.288641
   0.33839     17.450516
   0.29609     17.344534
   0.25379     17.206829
   0.21149     17.135460
   0.16919     17.153047
   0.12689     17.172550
   0.08460     17.174351
   0.04230     17.311179
   0.00000     17.441135
