    1   54  162
127.600
    1    1  1.0000  0.0000  0.0000
 -3.969810819089  -0.000731074065  -0.003068965365
  0.616805989036  -0.001146216709   0.000776043668
  0.031408294477  -0.090766684992   0.019700548048
  0.028674907329   0.050790171308  -0.025821430075
  0.032467670424  -0.056876346451   0.036372291896
  0.028309618326   0.096940441979  -0.028868344883
 -0.021464299747   0.011578683184   0.017968826473
  0.015094235311  -0.002468178164   0.023666342521
  0.059101150699  -0.026325045309   0.052001586216
  0.042621733728  -0.027639515107   0.036675711153
  0.025359865416   0.030051538174  -0.001671924965
  0.025577403917  -0.023908691416  -0.000604578749
 -0.022955549371   0.000525769648  -0.032536545681
  0.014752239187  -0.008202902065  -0.008380534504
  0.025074712086   0.011726155418   0.007610468429
  0.024916748046  -0.017634900111  -0.004785941070
  0.060221008153  -0.024756611291   0.001966213450
  0.042643984259   0.079676811588  -0.092512594912
  1.816019904522  -0.888118402167  -1.035745644488
 -0.098489914161   0.094336422710  -0.058682995153
 -0.054960353728   0.013055193030  -0.012432949207
  0.010137929135   0.008349006609   0.015146320811
  0.053292510748   0.197507057651  -0.054848083040
  0.000254857533  -0.031344786761   0.004389456082
 -0.018874107313  -0.014167694981   0.000801793466
  0.017143656229   0.023977983464   0.013076632766
  0.035287316455   0.010007738739   0.021562013609
 -0.070467303672  -0.008745037520  -0.024687943747
 -0.016769007545   0.012648562968  -0.006286008369
  0.008895926532  -0.001069789505   0.010998449962
  0.012612243206  -0.301023111084   0.290097243998
 -0.044467072164   0.169354720251  -0.102307907521
 -0.011902280182   0.002322838025  -0.011492243463
 -0.047246237782   0.047675312289   0.025253638652
 -0.105471775810   0.082472466127   0.073401693541
 -0.013148299600   0.016231443331   0.102132830447
  0.053193890846  -0.191193341799   0.051637133411
  0.000957778366   0.024450384425  -0.002622281694
 -0.024244232978  -0.010914114711   0.024582314414
 -0.020816289686  -0.009196382899  -0.030053042628
 -0.100351345577  -0.090859945360   0.059955948550
  1.818934503925   0.887904979176   1.038873908858
 -0.099188370952  -0.086224960836  -0.057237059640
 -0.018104407565  -0.015015640914  -0.115690833263
 -0.013533697396   0.033585100200  -0.010569574452
 -0.047001557567  -0.083092584239  -0.003072044655
 -0.049707549498  -0.174937536482   0.103714848498
  0.015969071778   0.304974703439  -0.294395947214
 -0.004202439607  -0.023610067467  -0.004671862315
 -0.005130837703   0.013175773781  -0.001686039688
  0.043745915854  -0.000650593683  -0.020004206733
 -0.079967171948  -0.001492886156   0.025778183792
  0.023897566296  -0.013389586855  -0.026739083782
 -0.025097711180   0.002183371587   0.013336168542
    1    2  0.0000  1.0000  0.0000
 -0.001160239615  -2.662320678456  -0.552348214818
 -0.000902885892  -0.005137893843   0.028342760749
 -0.056586142916   0.049125499754   0.016966452648
  0.097023631395   0.050387122160   0.087053200347
 -0.090703031871   0.049615049048   0.084647795380
  0.051423913308   0.049076980886   0.018961143377
  0.000372754098   0.028919551165  -0.004446293571
 -0.008624584491   0.034490186009   0.034313929014
 -0.024971902364   0.032477244237   0.019614721416
  0.079976558305   0.130174352183  -0.022832240979
  0.011380718911   0.025455462131  -0.013833191735
 -0.017371438458   0.021078666403   0.030952742395
  0.011396597499   0.029178108997   0.007825915182
 -0.002595898173   0.034272426618   0.021618652714
  0.030141433500   0.025780168054   0.021805517960
 -0.024064429340   0.021009497875  -0.004166647808
 -0.026277960156   0.032496171227   0.015411162688
 -0.028000750399   0.130139842684  -0.018621540533
 -0.573817866940   0.933800204912   0.367267292822
  0.079447799176   0.191778310480  -0.066714710807
  0.043107616689  -0.034138115294  -0.056848377441
  0.013598172495  -0.047690476584   0.027140087576
  0.157473238222   0.095617442426  -0.149253226095
  0.011165355092  -0.003786013420  -0.002962409017
 -0.007571954163   0.000917765883   0.001431317272
  0.007995383002  -0.036896956398  -0.000156344744
 -0.003358993858  -0.028524604109  -0.005370286118
 -0.056089919384   0.013976605215  -0.012550609242
 -0.016962332643   0.006704521864   0.008976240007
 -0.020202250184  -0.019212599592  -0.012064007945
 -0.077667185314  -0.220684393998   0.053585310747
  0.060394451694  -0.081725726611   0.019614604567
 -0.001236484232   0.003981935449  -0.003509216157
  0.082107245317   0.103676353703  -0.112282799029
 -0.005353900111   0.049482101156   0.040991149928
  0.167063061942   0.034273635413   0.014969546509
 -0.162956909898   0.096782241140  -0.151314954697
 -0.005858622297  -0.003856365314   0.000130465317
 -0.025729006300  -0.051573465154   0.003166116146
 -0.031759434661  -0.029900996338  -0.035281468667
 -0.080569447461   0.191017895375  -0.065847485515
  0.577760559409   0.935528434736   0.369086792218
 -0.041496354127   0.030425911674  -0.013093687050
 -0.121057575508   0.055227576974   0.069359912776
 -0.005300937466   0.003217737960  -0.011273518572
 -0.075324545032   0.104518378735  -0.102058745822
 -0.064431776592  -0.085483316756   0.017396944947
  0.081293382293  -0.218775084690   0.055822402834
  0.029780817980   0.003233720817  -0.003497358318
  0.007137249277  -0.016509688968  -0.001104248627
  0.030304054605   0.021027108919   0.006325801209
  0.029035074750  -0.035647888309  -0.023494874698
  0.001822899059  -0.006885512044  -0.007067845725
 -0.003197208172  -0.030114436384   0.009216324986
    1    3  0.0000  0.0000  1.0000
 -0.003519368432  -0.440206906547  -3.969153162711
  0.001637905550   0.035248363593   0.081888411019
  0.037916962542   0.086767547019  -0.097519174317
 -0.025762181427   0.024315312386  -0.091155147683
  0.017240351787   0.023399384550  -0.098525702287
 -0.026206365057   0.088593941664  -0.090235875101
 -0.034850796705   0.003229304298  -0.038757969800
 -0.010988826724   0.017282959992   0.041001268516
  0.003069258211   0.010434702961   0.096776139818
 -0.096562171242  -0.024248275464   0.142565528815
  0.010530595911   0.020194596312   0.000530785500
 -0.008026999239  -0.008013382069   0.006253617701
  0.019862121759  -0.008791024450  -0.037873139970
  0.026464654399   0.030364994106   0.040973253647
  0.000502066156  -0.018291629712  -0.001374216356
 -0.002971245706   0.029952854066   0.008242885937
  0.054177824808   0.016271720924   0.097931264128
  0.036431199205  -0.029421655049   0.142341842509
 -0.799781910049   0.537620307349   1.144910541988
  0.129577279566   0.054203342432   0.040173724735
 -0.043361604387  -0.051247831292   0.063964014256
 -0.005199549446  -0.009700921159   0.017353513550
 -0.030128058697   0.022251089121   0.236285917607
  0.002661010215  -0.003656785817   0.001715466521
 -0.019480249403  -0.008371000114  -0.018837182566
 -0.013419898555  -0.005303638675  -0.044034984740
 -0.001394152566   0.000932919727  -0.061903975296
  0.009485225810  -0.033187083703  -0.108181861695
  0.004352441872  -0.021712897268   0.000405247092
  0.023149130059  -0.010329805655   0.013245915556
  0.073519964152  -0.291389954017   0.412767784568
 -0.013823270186  -0.081556197477   0.074537254259
 -0.009968140775   0.003275446996  -0.001936611994
 -0.026301054720  -0.139625407666   0.026093245187
 -0.036187354684   0.087380034655   0.072599103501
  0.057068996349   0.016058058358   0.005615727950
  0.035833562453   0.025093981743   0.233859408356
 -0.010046537096  -0.005231199021   0.004932716829
  0.007059828527  -0.038979156119   0.028468016260
  0.040504082544  -0.021880354311   0.053171211792
 -0.126392512300   0.057590708450   0.041419970745
  0.800812636719   0.537639713139   1.148424756929
  0.046757004509   0.089704657930   0.109718180933
 -0.067095470521   0.018345299705  -0.029217698423
  0.002633636657  -0.001219003283   0.004793817780
  0.033397870280  -0.134565235140   0.020485031231
  0.011859959185  -0.081380619845   0.072614228115
 -0.073310459771  -0.293643620884   0.418991669988
 -0.020790843757  -0.028647681571   0.015871625807
 -0.007646479468  -0.004571441223  -0.000985383916
 -0.013915014983  -0.011977295389  -0.083059191150
  0.007817630209  -0.016058964950  -0.084048378901
  0.005187573007  -0.028132871817  -0.040052642595
  0.027619743454   0.015190598212  -0.024070789624
    2    1  1.0000  0.0000  0.0000
  0.616806984544  -0.001147693581   0.000777850945
 -3.969889417310  -0.000803541271  -0.003094309006
  0.028673200412   0.050792841143  -0.025819130066
  0.031407976086  -0.090760757683   0.019698548898
  0.028308173137   0.096939598025  -0.028862126866
  0.032465119739  -0.056882390538   0.036369117582
  0.015094436524  -0.002460630031   0.023668266002
 -0.021469378893   0.011579704251   0.017972978334
  0.042621369111  -0.027616159207   0.036680047279
  0.059105627958  -0.026321463501   0.051998919284
  0.025574580843  -0.023910752914  -0.000609563214
  0.025360981776   0.030045794683  -0.001682171993
  0.014753615592  -0.008201010685  -0.008376078491
 -0.022962035530   0.000529445331  -0.032532280534
  0.024920106732  -0.017642807229  -0.004784675543
  0.025073540083   0.011713651292   0.007604272937
  0.042646635052   0.079675904249  -0.092512723882
  0.060220871967  -0.024753032316   0.001973391347
 -0.098480508818   0.094341619997  -0.058671834258
  1.816029583362  -0.888094117889  -1.035756652050
  0.010138307968   0.008345538499   0.015142432711
 -0.054954539338   0.013060499559  -0.012439313455
  0.000260170077  -0.031346325336   0.004384153433
  0.053290305170   0.197496591080  -0.054835933505
  0.017145397057   0.023981686071   0.013081430858
 -0.018870383116  -0.014162196068   0.000794856760
 -0.070455246934  -0.008753342823  -0.024687301541
  0.035295067311   0.010006437559   0.021567663289
  0.008892585137  -0.001064685862   0.011004906173
 -0.016765403740   0.012653636415  -0.006281938723
 -0.044460861002   0.169348854439  -0.102308069648
  0.012602462237  -0.301044626586   0.290098109913
 -0.047226079486   0.047718935458   0.025297791267
 -0.011903202507   0.002323411813  -0.011495105820
 -0.013137620102   0.016235227694   0.102143153554
 -0.105470932016   0.082478760348   0.073409938729
  0.000956083455   0.024457287620  -0.002609212339
  0.053194892667  -0.191194421470   0.051617184389
 -0.020813533331  -0.009195015701  -0.030049303058
 -0.024238453029  -0.010916981587   0.024583196673
  1.818935713639   0.887918582208   1.038869015106
 -0.100349275247  -0.090867019484   0.059943057698
 -0.018098479657  -0.015018876704  -0.115691976723
 -0.099193981650  -0.086223819530  -0.057239893392
 -0.047010187103  -0.083106970509  -0.003129823657
 -0.013534145494   0.033581861688  -0.010568717867
  0.015963145824   0.304990237303  -0.294371345291
 -0.049709594510  -0.174930625215   0.103722878359
 -0.005132814144   0.013165788697  -0.001689466789
 -0.004205484880  -0.023617187889  -0.004680114244
 -0.079964441659  -0.001487416184   0.025776432613
  0.043752800933  -0.000654744611  -0.020003960027
 -0.025096861536   0.002188137604   0.013333030319
  0.023903126638  -0.013391420623  -0.026729602470
    2    2  0.0000  1.0000  0.0000
 -0.000897802381  -0.005150732067   0.028334514824
 -0.001214733360  -2.662494971378  -0.552368220609
  0.097025804904   0.050390763188   0.087055714625
 -0.056587473115   0.049143145480   0.016969050003
  0.051432702927   0.049094976020   0.018954493869
 -0.090707127633   0.049620484172   0.084649578210
 -0.008621604122   0.034491226608   0.034318828871
  0.000373418256   0.028921393737  -0.004451946042
  0.079978507815   0.130188209167  -0.022831869025
 -0.024968391252   0.032482964109   0.019612785706
 -0.017377008245   0.021083462136   0.030942660633
  0.011383069921   0.025457009610  -0.013830749123
 -0.002594358107   0.034283538535   0.021613144448
  0.011401471621   0.029185982200   0.007819152268
 -0.024059650075   0.021001886557  -0.004162834558
  0.030141259998   0.025775587282   0.021806936060
 -0.027995461708   0.130139506252  -0.018623559415
 -0.026273111489   0.032490923838   0.015421039519
  0.079453980059   0.191788908912  -0.066713088127
 -0.573831663276   0.933777622749   0.367306305087
  0.013601722202  -0.047682282110   0.027134045156
  0.043112507313  -0.034130524410  -0.056842898093
  0.011167833958  -0.003781429536  -0.002967981975
  0.157472894569   0.095609854558  -0.149240976487
  0.008003474240  -0.036890151737  -0.000149734880
 -0.007561803710   0.000923626215   0.001422801283
 -0.056087456827   0.013980811036  -0.012555080722
 -0.003357062419  -0.028529730041  -0.005377441045
 -0.020199617540  -0.019196170131  -0.012061093522
 -0.016964579234   0.006705275365   0.008979692432
  0.060401751426  -0.081733900788   0.019616689297
 -0.077674158828  -0.220701198882   0.053582525638
  0.082118990254   0.103717168723  -0.112233524721
 -0.001246921993   0.003981680423  -0.003516818069
  0.167034799998   0.034271021108   0.014980472752
 -0.005352557903   0.049492537818   0.041003550827
 -0.005855247670  -0.003852427073   0.000132457930
 -0.162946152970   0.096794310208  -0.151350472656
 -0.031755248230  -0.029888123923  -0.035281520906
 -0.025724028484  -0.051583779489   0.003168231480
  0.577728657906   0.935479986551   0.369132024959
 -0.080577396529   0.191031603424  -0.065846661157
 -0.121048654125   0.055256516317   0.069348812934
 -0.041498711911   0.030437072491  -0.013102148234
 -0.075324845516   0.104497602399  -0.102115745750
 -0.005303689314   0.003225336758  -0.011268365157
  0.081289564152  -0.218760878523   0.055837627632
 -0.064429832289  -0.085469105004   0.017399068819
  0.007143876282  -0.016505639541  -0.001112057245
  0.029794362309   0.003230659574  -0.003508201197
  0.029048915584  -0.035635663368  -0.023495263027
  0.030304693221   0.021038724666   0.006323504239
 -0.003199515474  -0.030111876219   0.009214293278
  0.001821606814  -0.006892793969  -0.007071751039
    2    3  0.0000  0.0000  1.0000
  0.001629974949   0.035248863412   0.081900831798
 -0.003489245331  -0.440208057626  -3.969110022351
 -0.025753929097   0.024305631291  -0.091159569553
  0.037915240407   0.086767884806  -0.097523944735
 -0.026207180715   0.088594737807  -0.090240447748
  0.017247245154   0.023397587647  -0.098525455768
 -0.010990225455   0.017285442499   0.040993570353
 -0.034848004971   0.003235624092  -0.038767422720
 -0.096564178170  -0.024251489117   0.142570497730
  0.003068665195   0.010440645208   0.096781117178
 -0.008022379964  -0.008010937287   0.006252338954
  0.010535657676   0.020189204116   0.000533194997
  0.026467897589   0.030364611637   0.040972592023
  0.019857852891  -0.008789525212  -0.037869709064
 -0.002977171313   0.029954213317   0.008245411451
  0.000504267031  -0.018283342112  -0.001368215208
  0.036433956960  -0.029415057761   0.142340453324
  0.054172904742   0.016269943242   0.097941229048
  0.129586891612   0.054200733834   0.040169477687
 -0.799764279485   0.537609022709   1.144882425174
 -0.005191898177  -0.009705434121   0.017353904750
 -0.043366008686  -0.051242863492   0.063955807133
  0.002655712203  -0.003659036020   0.001720123091
 -0.030121589195   0.022258314393   0.236282426533
 -0.013420092877  -0.005292733680  -0.044045661171
 -0.019489270559  -0.008376772876  -0.018837354830
  0.009485904715  -0.033188985304  -0.108177662912
 -0.001403325087   0.000928414172  -0.061908275574
  0.023153846438  -0.010323010072   0.013240613810
  0.004348016490  -0.021724091476   0.000402202065
 -0.013828214881  -0.081554967266   0.074539457483
  0.073529881579  -0.291375167374   0.412771730911
 -0.026309923849  -0.139629319741   0.026091363391
 -0.009964736864   0.003275431880  -0.001936132917
  0.057063442940   0.016027282618   0.005621788184
 -0.036195039642   0.087384580060   0.072597825410
 -0.010041614639  -0.005226052874   0.004930109460
  0.035831436255   0.025088374780   0.233866659645
  0.040500263569  -0.021882879698   0.053171339073
  0.007058139721  -0.038972666227   0.028456928828
  0.800796074214   0.537644853529   1.148404305558
 -0.126388299947   0.057586323901   0.041415934782
 -0.067087897266   0.018326936991  -0.029203660114
  0.046756157867   0.089703185730   0.109724813329
  0.033385265033  -0.134551092731   0.020490942701
  0.002631993025  -0.001221839960   0.004797664131
 -0.073319494559  -0.293633121149   0.418981716493
  0.011865036417  -0.081378950399   0.072613555908
 -0.007650954058  -0.004564960707  -0.000987444557
 -0.020793440427  -0.028653543955   0.015880901611
  0.007815863512  -0.016066459917  -0.084050647791
 -0.013914198344  -0.011975395537  -0.083065178500
  0.027618503289   0.015189099728  -0.024065648044
  0.005186502086  -0.028119189708  -0.040052800439
    3    1  1.0000  0.0000  0.0000
  0.032462505529  -0.056877554075   0.036371442468
  0.028306480771   0.096946569770  -0.028866967095
 -3.969583721278  -0.001187268856  -0.003146535976
  0.616805216324  -0.001143211005   0.000772247722
  0.031399152448  -0.090756555136   0.019698959131
  0.028665926940   0.050798014695  -0.025819461240
  0.025352842238   0.030044537651  -0.001677712166
  0.025566899881  -0.023911431559  -0.000612123697
 -0.021477380778   0.011590456628   0.017975399427
  0.015091230768  -0.002455433306   0.023670086949
  0.059097300044  -0.026318441084   0.052000925330
  0.042615337222  -0.027612546166   0.036685263658
  0.060215422750  -0.024746490704   0.001975292145
  0.042644952710   0.079690211683  -0.092508968974
 -0.022969629086   0.000541666606  -0.032531142457
  0.014747281672  -0.008194159388  -0.008377943727
  0.025071903593   0.011726269331   0.007606343320
  0.024911952976  -0.017645128479  -0.004791329107
  0.053291134754   0.197503689388  -0.054841629226
  0.000260621020  -0.031336052845   0.004393189325
  1.816021600072  -0.888088510528  -1.035763207542
 -0.098482817408   0.094358083366  -0.058677146680
 -0.054956201076   0.013068913817  -0.012434509458
  0.010131162481   0.008347370363   0.015142541322
 -0.016771458774   0.012665659235  -0.006287190487
  0.008888560061  -0.001058397513   0.011001466856
 -0.018870016299  -0.014161726719   0.000803714674
  0.017142224481   0.023991270451   0.013092250837
  0.035280076523   0.010011731431   0.021563773532
 -0.070465859288  -0.008747834804  -0.024680584718
 -0.105475351099   0.082488959342   0.073408096332
 -0.013148419257   0.016239162610   0.102146566713
  0.012590098920  -0.301035680783   0.290107541045
 -0.044473968064   0.169354034631  -0.102307275562
 -0.011908630228   0.002331078506  -0.011492365789
 -0.047224407305   0.047725676485   0.025282823074
 -0.100361350913  -0.090843635438   0.059946036912
  1.818932480026   0.887924608244   1.038876370339
  0.053192941566  -0.191187842121   0.051615139406
  0.000943448558   0.024459535078  -0.002605441657
 -0.024239831990  -0.010907870584   0.024576882805
 -0.020817030633  -0.009187721789  -0.030046352580
 -0.049717517816  -0.174921025149   0.103717364660
  0.015962723349   0.304987562159  -0.294367367677
 -0.099207579879  -0.086213422311  -0.057236076263
 -0.018106550519  -0.015009231150  -0.115689945251
 -0.013539063872   0.033590514106  -0.010568044233
 -0.047015373401  -0.083085632698  -0.003114847675
  0.023900465897  -0.013386010034  -0.026737942796
 -0.025105658707   0.002194263674   0.013337464374
 -0.004209438756  -0.023598512619  -0.004678925578
 -0.005138403020   0.013178782973  -0.001684243711
  0.043742818050  -0.000656729865  -0.020002731594
 -0.079969102178  -0.001484565509   0.025780830561
    3    2  0.0000  1.0000  0.0000
 -0.090698818237   0.049621306876   0.084647109659
  0.051430790030   0.049098496182   0.018956747091
 -0.001467490243  -2.662860669180  -0.552399106619
 -0.000891268561  -0.005146955989   0.028339075734
 -0.056583403615   0.049141730884   0.016963904873
  0.097031819756   0.050388044625   0.087050050748
  0.011391896402   0.025452515920  -0.013831757181
 -0.017372118631   0.021075445558   0.030940166403
  0.000380555251   0.028932107347  -0.004447614180
 -0.008623577715   0.034502139167   0.034320432043
 -0.024962635603   0.032485780328   0.019617063087
  0.079979109780   0.130200107721  -0.022823019053
 -0.026270911646   0.032495487495   0.015417765598
 -0.027990492963   0.130157894215  -0.018618941487
  0.011403889668   0.029198041741   0.007821400722
 -0.002587624047   0.034295506994   0.021616503225
  0.030152930781   0.025775581806   0.021805924365
 -0.024058194927   0.021000958435  -0.004171696247
  0.157473158376   0.095613760705  -0.149250118668
  0.011176962008  -0.003772758081  -0.002964272023
 -0.573834425974   0.933805189660   0.367309398357
  0.079454658268   0.191800398421  -0.066713172627
  0.043114496257  -0.034120556591  -0.056844641882
  0.013606574507  -0.047681606277   0.027138177825
 -0.016951512711   0.006716629720   0.008975849606
 -0.020194140077  -0.019195314671  -0.012059144182
 -0.007560525653   0.000929370574   0.001423800075
  0.008006687734  -0.036883306337  -0.000140602825
 -0.003356545522  -0.028524753668  -0.005370393916
 -0.056083660337   0.013986221408  -0.012548642378
 -0.005341678700   0.049502649592   0.040999167207
  0.167041782729   0.034272322105   0.014984581774
 -0.077666583252  -0.220681306854   0.053595288660
  0.060404838131  -0.081725616958   0.019619830974
 -0.001239384985   0.003987941973  -0.003512471081
  0.082132639450   0.103722590474  -0.112260868284
 -0.080570081006   0.191041486940  -0.065848702643
  0.577731518714   0.935505043350   0.369090498506
 -0.162942530067   0.096788995283  -0.151343343304
 -0.005851057419  -0.003850141556   0.000129680020
 -0.025715648931  -0.051570292980   0.003159478907
 -0.031750168078  -0.029889113522  -0.035281799936
 -0.064425600276  -0.085470227720   0.017406198017
  0.081303720472  -0.218766816417   0.055853912640
 -0.041501367430   0.030445150528  -0.013098609529
 -0.121048121191   0.055265052664   0.069357066099
 -0.005295125752   0.003231774935  -0.011269860804
 -0.075334173127   0.104534212749  -0.102107559960
  0.001831931211  -0.006884115939  -0.007077277155
 -0.003189382219  -0.030100420396   0.009220472948
  0.029794938327   0.003242904903  -0.003500892690
  0.007149549508  -0.016499900711  -0.001114190551
  0.030309325431   0.021044476617   0.006319918027
  0.029054476108  -0.035633444046  -0.023480763985
    3    3  0.0000  0.0000  1.0000
  0.017244159265   0.023410941613  -0.098526844676
 -0.026201042625   0.088587921189  -0.090243381916
 -0.003538538723  -0.440192567672  -3.969162759633
  0.001623028754   0.035247850478   0.081893311367
  0.037915837115   0.086762865622  -0.097521022770
 -0.025757405677   0.024316767853  -0.091155591369
  0.010538063584   0.020183465169   0.000539373624
 -0.008023720692  -0.008012368441   0.006253667317
 -0.034852354537   0.003230194809  -0.038759776845
 -0.010992594062   0.017276270593   0.040991340643
  0.003063462348   0.010437645280   0.096774826437
 -0.096564348167  -0.024258212166   0.142573105634
  0.054174619954   0.016272901579   0.097933373297
  0.036430247600  -0.029415301538   0.142345625238
  0.019863901810  -0.008787185555  -0.037861515956
  0.026461336522   0.030363540056   0.040976207896
  0.000505234482  -0.018278658129  -0.001364058713
 -0.002979202495   0.029961303087   0.008245371051
 -0.030116868095   0.022253911749   0.236286227263
  0.002662009822  -0.003662791818   0.001719338147
 -0.799758360801   0.537595029397   1.144881996360
  0.129580923560   0.054196832398   0.040153710437
 -0.043362274480  -0.051246754999   0.063952322179
 -0.005186498926  -0.009707705875   0.017347506790
  0.004355363396  -0.021716593872   0.000405538728
  0.023151165330  -0.010328399502   0.013243749666
 -0.019486075657  -0.008372685809  -0.018837146886
 -0.013419287862  -0.005302797947  -0.044038479052
 -0.001393431104   0.000930020019  -0.061910626897
  0.009480156683  -0.033184321828  -0.108180857317
 -0.036203477663   0.087380749528   0.072607376845
  0.057061059263   0.016045710686   0.005627640559
  0.073538730099  -0.291375372975   0.412762561517
 -0.013830658339  -0.081557721546   0.074541286705
 -0.009968353126   0.003275685329  -0.001932038947
 -0.026313065232  -0.139630605751   0.026081279420
 -0.126363166133   0.057583795199   0.041425106862
  0.800803502058   0.537640521398   1.148398781709
  0.035844347217   0.025092690747   0.233874147399
 -0.010039957047  -0.005229110024   0.004929948351
  0.007061377456  -0.038965781180   0.028467802132
  0.040505234993  -0.021873685348   0.053170339380
  0.011854994930  -0.081384487583   0.072611290890
 -0.073317632078  -0.293638600642   0.418993601667
  0.046753879482   0.089706028101   0.109725390699
 -0.067093224172   0.018332950217  -0.029215673939
  0.002630427562  -0.001222139482   0.004791665523
  0.033395751331  -0.134547804881   0.020499224160
  0.005187035986  -0.028123646284  -0.040052833898
  0.027618862335   0.015187610940  -0.024063498930
 -0.020788498918  -0.028651540036   0.015887211007
 -0.007648753152  -0.004567521224  -0.000984325174
 -0.013914952561  -0.011979436314  -0.083057169807
  0.007809029386  -0.016059404614  -0.084043644175
    4    1  1.0000  0.0000  0.0000
  0.028302544431   0.096948005681  -0.028863896611
  0.032461442066  -0.056875144777   0.036372012582
  0.616808039518  -0.001138343878   0.000776327568
 -3.969586166144  -0.001021698954  -0.003095546004
  0.028667395360   0.050790590463  -0.025810451930
  0.031403035186  -0.090758455256   0.019698695781
  0.025568760144  -0.023894507308  -0.000604510582
  0.025355979205   0.030060101777  -0.001673321136
  0.015092753922  -0.002465660094   0.023671387939
 -0.021473407907   0.011574298064   0.017966965156
  0.042621066059  -0.027634938917   0.036675722576
  0.059094519905  -0.026316793767   0.052008426291
  0.042638705929   0.079680141121  -0.092514068993
  0.060217525095  -0.024750875354   0.001967625836
  0.014752053503  -0.008193250491  -0.008376994058
 -0.022966292189   0.000527432258  -0.032528748216
  0.024911458259  -0.017627950107  -0.004788051593
  0.025070841277   0.011731881537   0.007611272308
  0.000255909870  -0.031337284045   0.004386285854
  0.053288677913   0.197506674350  -0.054840938109
 -0.098499201959   0.094340022915  -0.058672514077
  1.816025241273  -0.888105121208  -1.035755645895
  0.010137237072   0.008357139199   0.015149957933
 -0.054965140442   0.013059101237  -0.012432659497
  0.008886486158  -0.001061733969   0.011007258740
 -0.016767818307   0.012653211678  -0.006284445863
  0.017133277866   0.023987105906   0.013078232510
 -0.018874592258  -0.014158154267   0.000804776486
 -0.070471731861  -0.008739500700  -0.024685769632
  0.035281090049   0.010014971867   0.021558137392
 -0.013146711672   0.016236419378   0.102130425133
 -0.105479564107   0.082473807247   0.073411488265
 -0.044472130295   0.169360598051  -0.102310361695
  0.012605037128  -0.301022315252   0.290089339057
 -0.047254552704   0.047684597008   0.025278630651
 -0.011903738616   0.002330966625  -0.011493099692
  1.818922550907   0.887926229551   1.038860773565
 -0.100351347557  -0.090862466387   0.059949699638
  0.000948475625   0.024456699963  -0.002615877440
  0.053192242922  -0.191183756464   0.051630713905
 -0.020819383772  -0.009187570266  -0.030044204627
 -0.024246517605  -0.010912528231   0.024583247510
  0.015959381009   0.304992704194  -0.294394391540
 -0.049713196988  -0.174926554906   0.103710828896
 -0.018104238140  -0.015016597957  -0.115693927813
 -0.099193770593  -0.086221045697  -0.057242359462
 -0.047006023967  -0.083101651206  -0.003098287629
 -0.013540586466   0.033589796651  -0.010569131903
 -0.025102212251   0.002189229758   0.013332334092
  0.023893464833  -0.013381933866  -0.026734629425
 -0.005138994484   0.013175113250  -0.001688299157
 -0.004204926588  -0.023613854746  -0.004677541227
 -0.079965517060  -0.001487140144   0.025773966808
  0.043752571446  -0.000650011519  -0.019994858666
    4    2  0.0000  1.0000  0.0000
  0.051428998568   0.049087570740   0.018961947434
 -0.090696651005   0.049622178379   0.084649416284
 -0.000898296398  -0.005138358129   0.028338038837
 -0.001518852332  -2.662609828004  -0.552386308683
  0.097027225295   0.050391332868   0.087056689110
 -0.056581646238   0.049139294682   0.016961849166
 -0.017365724442   0.021088279335   0.030952334637
  0.011389761812   0.025459919089  -0.013824661419
 -0.008624778068   0.034491157550   0.034321236088
  0.000378634032   0.028922813800  -0.004445498639
  0.079982305874   0.130172791365  -0.022830400654
 -0.024961122668   0.032482414439   0.019622327111
 -0.027994533806   0.130144903875  -0.018629069221
 -0.026266339712   0.032502884534   0.015414150709
 -0.002591266411   0.034280145220   0.021615385810
  0.011399881009   0.029186444282   0.007815632166
 -0.024061120549   0.021012546387  -0.004163370273
  0.030150012819   0.025788806715   0.021807633938
  0.011174008777  -0.003776939082  -0.002960238125
  0.157483403815   0.095628752590  -0.149247127530
  0.079452116688   0.191783918417  -0.066716330187
 -0.573803874096   0.933798478251   0.367277814136
  0.013608732600  -0.047682240143   0.027141125366
  0.043119966839  -0.034131278252  -0.056844637926
 -0.020196870125  -0.019203099528  -0.012064296031
 -0.016953642265   0.006710014691   0.008974992784
  0.008000377583  -0.036893241556  -0.000159746998
 -0.007563133714   0.000926225221   0.001430265078
 -0.056079927747   0.013981607196  -0.012550700308
 -0.003356629599  -0.028523643823  -0.005371378364
  0.167065327339   0.034294222187   0.014962196987
 -0.005345808573   0.049488651030   0.040993957498
  0.060403874224  -0.081716678739   0.019612680198
 -0.077672482648  -0.220689762463   0.053566925689
  0.082110949248   0.103677643990  -0.112265978961
 -0.001234319842   0.003990933278  -0.003517739683
  0.577764959569   0.935523494251   0.369125475286
 -0.080557920810   0.191030184979  -0.065845959879
 -0.005848965535  -0.003855022545   0.000130960208
 -0.162947815175   0.096792357606  -0.151325195783
 -0.031751098604  -0.029896524904  -0.035282633318
 -0.025722968600  -0.051579237106   0.003172902685
  0.081292539578  -0.218762374927   0.055822473414
 -0.064429225258  -0.085470196311   0.017400569737
 -0.121046673266   0.055237873825   0.069352738794
 -0.041493636204   0.030431826173  -0.013094003557
 -0.075314990088   0.104502761210  -0.102066084950
 -0.005295270525   0.003228775892  -0.011268385117
 -0.003190270073  -0.030109998888   0.009215492758
  0.001830442214  -0.006883930006  -0.007064359970
  0.007146818982  -0.016504355102  -0.001108679616
  0.029791692856   0.003237208578  -0.003501406013
  0.029054101581  -0.035639255447  -0.023492014363
  0.030309723073   0.021027552326   0.006328993665
    4    3  0.0000  0.0000  1.0000
 -0.026203101645   0.088596336761  -0.090248117126
  0.017246734943   0.023400420072  -0.098519305514
  0.001631588468   0.035250301949   0.081891726659
 -0.003571569505  -0.440240313953  -3.969224670766
 -0.025759179417   0.024316028935  -0.091155031463
  0.037922717368   0.086760812426  -0.097516830852
 -0.008021857922  -0.008011828482   0.006258782009
  0.010536730646   0.020184175810   0.000535722511
 -0.010991071894   0.017277889173   0.040992585891
 -0.034851438427   0.003225178858  -0.038755004100
 -0.096562405299  -0.024252507838   0.142563327457
  0.003071391802   0.010432986324   0.096782261942
  0.036440451919  -0.029419669791   0.142342134592
  0.054181139901   0.016275098558   0.097934583003
  0.026461522086   0.030367791857   0.040976369791
  0.019859970014  -0.008785887272  -0.037864930069
 -0.002973570946   0.029954723170   0.008251718881
  0.000500100430  -0.018291315580  -0.001368024622
  0.002662206524  -0.003659438814   0.001713513148
 -0.030122208624   0.022248323476   0.236290490230
  0.129569452472   0.054203749671   0.040167781416
 -0.799775473253   0.537626013502   1.144883373553
 -0.005193034301  -0.009705219194   0.017351016890
 -0.043359260377  -0.051258582947   0.063956253558
  0.023160290576  -0.010321776360   0.013251546049
  0.004351154535  -0.021714419726   0.000410214460
 -0.013415710312  -0.005294742276  -0.044038788728
 -0.019482649044  -0.008364348909  -0.018844065250
  0.009489014015  -0.033190851247  -0.108185201963
 -0.001392383300   0.000929556807  -0.061907401031
  0.057061199744   0.016048733212   0.005624740891
 -0.036199461844   0.087383888176   0.072615106769
 -0.013824586222  -0.081567116747   0.074549525631
  0.073530185833  -0.291388723887   0.412780600245
 -0.026305336823  -0.139621514439   0.026095967601
 -0.009973729529   0.003279167594  -0.001940318544
  0.800800697764   0.537639208070   1.148421138370
 -0.126373232464   0.057600369884   0.041422651927
 -0.010036534174  -0.005228061326   0.004937010181
  0.035841896182   0.025086611553   0.233855436757
  0.040504086595  -0.021869438318   0.053173398506
  0.007062174384  -0.038974090882   0.028467363414
 -0.073299708598  -0.293649546046   0.419008039922
  0.011858810257  -0.081375666519   0.072614746620
 -0.067102397844   0.018352318455  -0.029215264026
  0.046759528437   0.089707055168   0.109723116429
  0.033394579122  -0.134555394625   0.020475091644
  0.002634336686  -0.001215797762   0.004789413737
  0.027617392061   0.015193690055  -0.024072226243
  0.005187489154  -0.028131007827  -0.040049285684
 -0.007647764401  -0.004570981721  -0.000982240360
 -0.020795485586  -0.028643938278   0.015880259924
  0.007816004696  -0.016058974286  -0.084044556292
 -0.013919694862  -0.011979274461  -0.083055747975
    5    1  1.0000  0.0000  0.0000
  0.031411731548  -0.090754083217   0.019697683913
  0.028674893388   0.050793980820  -0.025816448363
  0.032469949495  -0.056875788452   0.036370236793
  0.028309989878   0.096947332379  -0.028865765843
 -3.969998353411  -0.001105851335  -0.003103498976
  0.616811984454  -0.001135525581   0.000773748494
  0.059105909812  -0.026316500727   0.052001091080
  0.042627646087  -0.027620984089   0.036676542425
  0.025360552472   0.030059900099  -0.001667676052
  0.025574486208  -0.023895949309  -0.000604300945
 -0.021460767219   0.011586462765   0.017975560893
  0.015102017547  -0.002460313287   0.023672917747
  0.025071408018   0.011730165137   0.007609178421
  0.024923889736  -0.017630671918  -0.004784246905
  0.060223109961  -0.024750632388   0.001972715911
  0.042648216084   0.079674888798  -0.092514459429
 -0.022957011319   0.000535551960  -0.032533428354
  0.014752215098  -0.008196725493  -0.008377139983
 -0.054957071140   0.013059656067  -0.012433072245
  0.010146583038   0.008356017704   0.015147870769
  0.053295597746   0.197498506372  -0.054839690609
  0.000256982645  -0.031341446488   0.004386849534
  1.816040348602  -0.888096612088  -1.035755005264
 -0.098485665978   0.094339766791  -0.058672603735
  0.035293097516   0.010015699406   0.021561118680
 -0.070459664960  -0.008744180651  -0.024685745163
 -0.016764579009   0.012657991188  -0.006281673656
  0.008893130394  -0.001057636655   0.011000961549
 -0.018866575185  -0.014151855614   0.000804652608
  0.017147716406   0.023985400152   0.013081582141
 -0.011898968189   0.002330157942  -0.011499204075
 -0.047241275216   0.047702830607   0.025289091320
 -0.105470034935   0.082480439115   0.073406754485
 -0.013143167675   0.016240632160   0.102133740869
  0.012611104818  -0.301028201538   0.290088929188
 -0.044465437421   0.169357521643  -0.102310762750
 -0.024235067662  -0.010916318252   0.024578442339
 -0.020808356590  -0.009186319906  -0.030045971579
 -0.100344665512  -0.090859092643   0.059947412334
  1.818927492173   0.887929413305   1.038863875403
  0.053203340179  -0.191183140893   0.051625478497
  0.000961072013   0.024464754391  -0.002608643149
 -0.013537419066   0.033590351350  -0.010569335167
 -0.046997448246  -0.083103776370  -0.003108642744
 -0.049713395472  -0.174929065884   0.103712705282
  0.015972811805   0.305003371043  -0.294378058479
 -0.099185198335  -0.086217084223  -0.057234642062
 -0.018100817992  -0.015014883177  -0.115692448805
  0.043756304259  -0.000645647006  -0.020003141685
 -0.079958362969  -0.001486396495   0.025774802478
  0.023895617784  -0.013382750414  -0.026733303675
 -0.025095310957   0.002183737301   0.013325883294
 -0.004198048792  -0.023611088238  -0.004676934360
 -0.005126535910   0.013173993832  -0.001683982396
    5    2  0.0000  1.0000  0.0000
 -0.056578578991   0.049147818391   0.016962801100
  0.097032967927   0.050390257653   0.087058562319
 -0.090699128344   0.049622775571   0.084648972173
  0.051432587510   0.049089830328   0.018960609115
 -0.001560566047  -2.662661301104  -0.552295426553
 -0.000896795395  -0.005140572396   0.028332966269
 -0.024966218300   0.032487089187   0.019612749295
  0.079981110674   0.130181014862  -0.022840911951
  0.011390151588   0.025469701698  -0.013830041812
 -0.017373447144   0.021092931303   0.030944540833
  0.000383437316   0.028925142636  -0.004444801430
 -0.008614867387   0.034495674774   0.034317533045
  0.030148683020   0.025787396273   0.021807959382
 -0.024058460579   0.021013583684  -0.004162637566
 -0.026269370640   0.032497427432   0.015421233092
 -0.027995727435   0.130126927491  -0.018631427355
  0.011405758670   0.029186821347   0.007817634474
 -0.002587864005   0.034279842436   0.021616426769
  0.043119966115  -0.034126090032  -0.056847200624
  0.013607257354  -0.047683561793   0.027129499304
  0.157483764317   0.095621274820  -0.149240221012
  0.011168391417  -0.003783356084  -0.002968526568
 -0.573807959547   0.933793051610   0.367287657972
  0.079455295637   0.191783903791  -0.066712546493
 -0.003355346532  -0.028525827017  -0.005382774836
 -0.056083589553   0.013981012828  -0.012552882243
 -0.016956575995   0.006709665122   0.008980396105
 -0.020196829839  -0.019194559027  -0.012061377110
 -0.007554877710   0.000929726218   0.001427086627
  0.008009403615  -0.036886048249  -0.000151194545
 -0.001237672041   0.003985442577  -0.003521163555
  0.082114117948   0.103696894078  -0.112236114177
 -0.005343638002   0.049488571977   0.041000285435
  0.167057147724   0.034285301201   0.014974354003
 -0.077667000457  -0.220696362193   0.053561572845
  0.060398409703  -0.081727937380   0.019614048255
 -0.025716013287  -0.051574843360   0.003167334505
 -0.031746912904  -0.029883820132  -0.035273990294
 -0.080567028858   0.191029952384  -0.065847947715
  0.577745164898   0.935513766345   0.369121080548
 -0.162934887627   0.096800670615  -0.151333034053
 -0.005852697389  -0.003846062500   0.000133571361
 -0.005298832257   0.003226162070  -0.011273989387
 -0.075298469509   0.104495743453  -0.102096956452
 -0.064431412837  -0.085470213219   0.017397037217
  0.081303788047  -0.218746988107   0.055829724318
 -0.041488089124   0.030429978873  -0.013107736689
 -0.121048683011   0.055246639789   0.069339155089
  0.030311121081   0.021032391979   0.006323063568
  0.029054395910  -0.035628498902  -0.023491604516
  0.001828583242  -0.006883297209  -0.007067719235
 -0.003191327940  -0.030111257043   0.009204500125
  0.029794130227   0.003230840921  -0.003509085142
  0.007153234744  -0.016504629970  -0.001111043826
    5    3  0.0000  0.0000  1.0000
  0.037929145821   0.086754346399  -0.097513627537
 -0.025751602862   0.024311616494  -0.091164527721
  0.017248902805   0.023401665423  -0.098533273196
 -0.026204465555   0.088584025067  -0.090255705593
 -0.003543002317  -0.440256685292  -3.968916016402
  0.001629993946   0.035244850689   0.081885349013
  0.003071707050   0.010439276682   0.096779704437
 -0.096561279031  -0.024246658559   0.142558831776
  0.010533079987   0.020181509690   0.000530153592
 -0.008023646256  -0.008005127560   0.006258638196
 -0.034849456866   0.003235697808  -0.038773276890
 -0.010982223561   0.017288781124   0.040996871919
  0.000497245453  -0.018283363977  -0.001383484266
 -0.002972701545   0.029952636848   0.008241959506
  0.054169758856   0.016266056506   0.097934176543
  0.036437105819  -0.029421306290   0.142338024781
  0.019860779316  -0.008796649866  -0.037871864904
  0.026463275638   0.030364812021   0.040964057330
 -0.043365738089  -0.051244705732   0.063953621706
 -0.005194669458  -0.009704364090   0.017344051955
 -0.030126942860   0.022244907950   0.236282607744
  0.002658387346  -0.003659171109   0.001717774388
 -0.799786648401   0.537635855227   1.144878601820
  0.129572428683   0.054186206459   0.040163473475
 -0.001397491540   0.000925216308  -0.061911798693
  0.009484090534  -0.033186791143  -0.108188340483
  0.004355939605  -0.021718850096   0.000404703921
  0.023155065521  -0.010323683756   0.013243877256
 -0.019492295425  -0.008373797735  -0.018844565308
 -0.013420346700  -0.005296319074  -0.044037785097
 -0.009963458634   0.003274383455  -0.001944963273
 -0.026304997542  -0.139618282874   0.026091656280
 -0.036188850565   0.087392136886   0.072604613949
  0.057054101738   0.016036463743   0.005619547333
  0.073540403867  -0.291370865205   0.412773391643
 -0.013816309820  -0.081562650046   0.074535298668
  0.007056282866  -0.038964510865   0.028457410907
  0.040495572139  -0.021880202383   0.053162674847
 -0.126367999965   0.057603733287   0.041406726874
  0.800767779755   0.537650529002   1.148413032631
  0.035828157358   0.025084115405   0.233854694921
 -0.010034288285  -0.005224225869   0.004930223444
  0.002636825399  -0.001222089583   0.004791483757
  0.033391717765  -0.134548815016   0.020474160816
  0.011862323813  -0.081380342956   0.072613285820
 -0.073305815812  -0.293632346266   0.418981292319
  0.046762297183   0.089702303525   0.109723414855
 -0.067079295176   0.018341087185  -0.029212933102
 -0.013912712494  -0.011973096201  -0.083060264269
  0.007817406854  -0.016059395404  -0.084043843285
  0.005185784872  -0.028124402230  -0.040060053970
  0.027621144898   0.015189824057  -0.024076185501
 -0.020796327005  -0.028648183310   0.015872938626
 -0.007644139125  -0.004565154753  -0.000989817556
    6    1  1.0000  0.0000  0.0000
  0.028680085635   0.050796482688  -0.025820527713
  0.031403270781  -0.090755902320   0.019701171489
  0.028309934311   0.096950313247  -0.028860264456
  0.032464399112  -0.056871822026   0.036370395390
  0.616808989047  -0.001133989768   0.000773829666
 -3.969957976049  -0.001186856427  -0.003103279011
  0.042625617161  -0.027626001025   0.036679636302
  0.059102816265  -0.026313669485   0.052003677801
  0.025573912302  -0.023912910436  -0.000609742649
  0.025358507935   0.030052636755  -0.001676995104
  0.015097422436  -0.002454650532   0.023670717415
 -0.021470134278   0.011589410059   0.017969693028
  0.024921069739  -0.017637456319  -0.004792422162
  0.025079262789   0.011727916049   0.007612614742
  0.042646106429   0.079687938134  -0.092507356386
  0.060220736032  -0.024748555558   0.001970175251
  0.014752939336  -0.008189400931  -0.008375029136
 -0.022955720424   0.000537623975  -0.032530092217
  0.010133446650   0.008354280562   0.015145195034
 -0.054960114780   0.013067754037  -0.012436699430
  0.000261833896  -0.031330906159   0.004388542853
  0.053294346597   0.197513037898  -0.054845948720
 -0.098480365220   0.094354739180  -0.058680321122
  1.816037201052  -0.888091526545  -1.035757556217
 -0.070462594520  -0.008743725329  -0.024683802118
  0.035288389992   0.010019113418   0.021562387039
  0.008897586493  -0.001061437532   0.010998131508
 -0.016769192233   0.012660683856  -0.006289452238
  0.017150846517   0.023994872348   0.013079517652
 -0.018864330027  -0.014156855259   0.000807055837
 -0.047237023788   0.047698376070   0.025258252942
 -0.011900102372   0.002333641647  -0.011494141586
 -0.013147232372   0.016234664191   0.102142874623
 -0.105469255151   0.082481084980   0.073403529608
 -0.044458591774   0.169354633171  -0.102310903794
  0.012607630596  -0.301022265157   0.290105062135
 -0.020809915648  -0.009191520868  -0.030047438820
 -0.024235159456  -0.010909921193   0.024576158363
  1.818944395532   0.887911041956   1.038871422879
 -0.100350133748  -0.090845347404   0.059946379771
  0.000956205891   0.024459115329  -0.002607778711
  0.053200850107  -0.191193933809   0.051629562576
 -0.046999521448  -0.083074763693  -0.003086191514
 -0.013531070438   0.033595948654  -0.010568256267
  0.015979226442   0.304985138571  -0.294372993468
 -0.049708726162  -0.174933309040   0.103716047081
 -0.018101511112  -0.015007942683  -0.115689328179
 -0.099187485472  -0.086215922273  -0.057233812023
 -0.079964261008  -0.001486230171   0.025776467872
  0.043757552955  -0.000649687632  -0.020004816149
 -0.025100497976   0.002197280653   0.013336175647
  0.023900714877  -0.013387171373  -0.026743685090
 -0.005132472133   0.013185219277  -0.001688259308
 -0.004201909320  -0.023609265756  -0.004677580913
    6    2  0.0000  1.0000  0.0000
  0.097031336413   0.050385693314   0.087051618513
 -0.056577336152   0.049136893221   0.016964380582
  0.051436568174   0.049088223180   0.018954530430
 -0.090698229241   0.049619556996   0.084645907411
 -0.000892199876  -0.005133926849   0.028346968288
 -0.001523781513  -2.662806594027  -0.552346933818
  0.079983423271   0.130192411343  -0.022829236097
 -0.024963758862   0.032482860960   0.019615792315
 -0.017368242168   0.021079934273   0.030941113031
  0.011391293638   0.025449610052  -0.013833179619
 -0.008615624967   0.034499882005   0.034311810586
  0.000380514269   0.028929340949  -0.004446979041
 -0.024057899076   0.021004669177  -0.004171401357
  0.030147193621   0.025780909561   0.021808675267
 -0.027992446890   0.130155210409  -0.018620329637
 -0.026269053483   0.032498188576   0.015411689844
 -0.002584732580   0.034287480453   0.021613596005
  0.011405800778   0.029193226354   0.007824099740
  0.013605145254  -0.047681128835   0.027134512807
  0.043116817193  -0.034129398411  -0.056845895596
  0.011172965860  -0.003778792412  -0.002963125072
  0.157477946049   0.095618655591  -0.149250639203
  0.079446813145   0.191790843853  -0.066713007350
 -0.573834329591   0.933813147235   0.367292063707
 -0.056075381516   0.013980226118  -0.012551298575
 -0.003357851994  -0.028521645583  -0.005371057009
 -0.020200103275  -0.019201228482  -0.012064905684
 -0.016949701473   0.006714997042   0.008979282445
  0.007999587594  -0.036884283710  -0.000147596197
 -0.007559398632   0.000925107920   0.001427177376
  0.082119025017   0.103702654076  -0.112277495345
 -0.001231575337   0.003987391486  -0.003504940028
  0.167061240626   0.034276003137   0.014984766249
 -0.005350571018   0.049493961862   0.041002338159
  0.060408393279  -0.081721501963   0.019625096890
 -0.077663466394  -0.220678932427   0.053597188771
 -0.031748210892  -0.029890771460  -0.035282201611
 -0.025720146640  -0.051564732526   0.003159054667
  0.577758561615   0.935545372596   0.369068060237
 -0.080567462372   0.191032035041  -0.065847990494
 -0.005852889005  -0.003847405535   0.000128069711
 -0.162943522167   0.096792332282  -0.151333819090
 -0.075317173461   0.104533402803  -0.102090292003
 -0.005298548712   0.003230978597  -0.011271349450
  0.081311783860  -0.218763418496   0.055843068057
 -0.064423275860  -0.085473140222   0.017399147194
 -0.121064007026   0.055260001658   0.069354664169
 -0.041488699641   0.030441726017  -0.013098560417
  0.029043981207  -0.035643796016  -0.023484047867
  0.030312065581   0.021033708807   0.006327908882
 -0.003193001374  -0.030100774252   0.009217748676
  0.001829159932  -0.006877655562  -0.007073807927
  0.007151603175  -0.016499540424  -0.001106721326
  0.029791401640   0.003242030250  -0.003503520196
    6    3  0.0000  0.0000  1.0000
 -0.025755182812   0.024321990586  -0.091161302096
  0.037931888475   0.086754367662  -0.097511653712
 -0.026209738420   0.088586863732  -0.090244324641
  0.017245761582   0.023407507549  -0.098536547932
  0.001625116030   0.035234521795   0.081885374527
 -0.003554880719  -0.440150135781  -3.968901961171
 -0.096563497289  -0.024253684774   0.142563359284
  0.003067782883   0.010436956133   0.096776781851
 -0.008026216564  -0.007997302659   0.006253172820
  0.010533247758   0.020185497126   0.000533612075
 -0.010985067413   0.017281076389   0.040992983216
 -0.034852432829   0.003230119560  -0.038763036247
 -0.002972398883   0.029956352617   0.008243654380
  0.000501739963  -0.018279813488  -0.001379354069
  0.036433281233  -0.029425057759   0.142338828390
  0.054171093514   0.016270015159   0.097929065647
  0.026459626945   0.030362031581   0.040963936234
  0.019858680722  -0.008800573932  -0.037874731418
 -0.005198527629  -0.009700296198   0.017346295636
 -0.043361914796  -0.051252375716   0.063957536199
  0.002664517121  -0.003656162234   0.001714823587
 -0.030127383287   0.022245213160   0.236283893725
  0.129570225683   0.054197481019   0.040164310942
 -0.799784417229   0.537604392277   1.144904937856
  0.009483727219  -0.033186512838  -0.108188350530
 -0.001392901327   0.000933482527  -0.061916232724
  0.023145388089  -0.010334060937   0.013243274799
  0.004350350297  -0.021716418674   0.000401149213
 -0.013420001598  -0.005305136041  -0.044042570387
 -0.019482610526  -0.008370360483  -0.018837515377
 -0.026297843514  -0.139629614762   0.026081894579
 -0.009964243442   0.003275636826  -0.001942254012
  0.057063475830   0.016038598834   0.005615481770
 -0.036193170948   0.087382419460   0.072592948329
 -0.013817815717  -0.081556935442   0.074531528746
  0.073531609313  -0.291370221634   0.412745835453
  0.040495291568  -0.021878496371   0.053159714896
  0.007055553433  -0.038966916995   0.028464302875
  0.800782706225   0.537655698897   1.148397439739
 -0.126359987622   0.057586103694   0.041413734550
 -0.010037094547  -0.005228707204   0.004920011248
  0.035836222700   0.025093968172   0.233869543372
  0.033404609889  -0.134565712028   0.020492518281
  0.002634700408  -0.001224296703   0.004789483087
 -0.073316741555  -0.293632550795   0.418973153888
  0.011868528549  -0.081381047271   0.072607510504
 -0.067079615546   0.018335861300  -0.029216307668
  0.046758882228   0.089695354047   0.109717612300
  0.007815381108  -0.016064956736  -0.084054778842
 -0.013914450387  -0.011978643278  -0.083058604938
  0.027623824358   0.015190393034  -0.024074284662
  0.005194460018  -0.028124838119  -0.040055722917
 -0.007645934201  -0.004575752098  -0.000987796269
 -0.020793604340  -0.028655322189   0.015877625614
    7    1  1.0000  0.0000  0.0000
 -0.022958348102   0.000531066756  -0.032534847416
  0.014750130023  -0.008202319100  -0.008375685863
  0.025067116456   0.011717476118   0.007607378278
  0.024918902198  -0.017642643331  -0.004791945783
  0.060220375415  -0.024751716923   0.001971149225
  0.042647239724   0.079678512764  -0.092510865064
 -3.969776878006  -0.000763438161  -0.003046408827
  0.616807355797  -0.001147025527   0.000775269641
  0.031399511625  -0.090760762792   0.019694231792
  0.028674798469   0.050791576040  -0.025818454818
  0.032461925086  -0.056886250113   0.036368406165
  0.028310164458   0.096941638291  -0.028872007854
 -0.021473760925   0.011584355118   0.017967048646
  0.015089219301  -0.002464079355   0.023671551065
  0.059101171671  -0.026325216945   0.052001737945
  0.042616264862  -0.027625636043   0.036681205187
  0.025357591717   0.030046695640  -0.001679401547
  0.025575943260  -0.023910908911  -0.000606438359
  0.012599478052  -0.301036506271   0.290095651243
 -0.044467547243   0.169349569763  -0.102309194989
 -0.011908622674   0.002322840461  -0.011498518839
 -0.047238959396   0.047703160197   0.025288654210
 -0.105470629236   0.082473756345   0.073407961388
 -0.013137023232   0.016229257570   0.102139520528
  1.816026190092  -0.888099824666  -1.035762033162
 -0.098488127836   0.094345070326  -0.058676301653
 -0.054959631106   0.013060691475  -0.012438593908
  0.010138456215   0.008348062707   0.015144601304
  0.053295935576   0.197501584444  -0.054842729155
  0.000259522574  -0.031345405288   0.004387366223
 -0.018871772814  -0.014162354921   0.000803709808
  0.017144583183   0.023985574943   0.013079056388
  0.035285465751   0.010007426696   0.021566644655
 -0.070463634922  -0.008755025968  -0.024687484277
 -0.016768687148   0.012648599729  -0.006286742470
  0.008900533457  -0.001063819692   0.011003015364
 -0.004203951365  -0.023617598846  -0.004679123933
 -0.005131487702   0.013169878593  -0.001686630949
  0.043755136232  -0.000659893399  -0.020000715560
 -0.079963542299  -0.001493919486   0.025779962689
  0.023908064211  -0.013393238394  -0.026742070152
 -0.025104644655   0.002189021054   0.013335174684
  0.053191567821  -0.191196854028   0.051620216450
  0.000950143125   0.024450178325  -0.002615127111
 -0.024240967600  -0.010924556779   0.024575373186
 -0.020811687377  -0.009193052501  -0.030051234962
 -0.100346730042  -0.090858013079   0.059945913145
  1.818930107328   0.887917213683   1.038868643826
 -0.099192701363  -0.086220804807  -0.057240352714
 -0.018103862135  -0.015014612498  -0.115686790801
 -0.013535407550   0.033584032552  -0.010571944858
 -0.047011440439  -0.083108423611  -0.003106453234
 -0.049709775601  -0.174937016597   0.103717383121
  0.015956927087   0.304983678443  -0.294378727899
    7    2  0.0000  1.0000  0.0000
  0.011394055666   0.029186180891   0.007819374874
 -0.002596843523   0.034287605250   0.021614547894
  0.030140896712   0.025770233344   0.021803483457
 -0.024060842491   0.020992657110  -0.004175690501
 -0.026279526521   0.032494081100   0.015414638686
 -0.028000449139   0.130147849740  -0.018618836321
 -0.001131757192  -2.662382097842  -0.552432280686
 -0.000901312297  -0.005137954866   0.028343789906
 -0.056591368774   0.049129894687   0.016963956300
  0.097026421619   0.050379287725   0.087054656602
 -0.090704742873   0.049612428155   0.084647092904
  0.051425950806   0.049080274377   0.018957156429
  0.000373922955   0.028922785170  -0.004442794971
 -0.008627738076   0.034492947035   0.034318234379
 -0.024970694839   0.032473985374   0.019623288343
  0.079982547081   0.130187718721  -0.022822727700
  0.011383019796   0.025436864451  -0.013831243163
 -0.017380885174   0.021071384965   0.030946903209
 -0.077677263629  -0.220702774250   0.053600971054
  0.060395652994  -0.081732642286   0.019619878172
 -0.001246080266   0.003982810550  -0.003511570690
  0.082119097957   0.103702954028  -0.112268957072
 -0.005348129205   0.049491888523   0.040996051948
  0.167042202063   0.034269896172   0.014980285515
 -0.573827839171   0.933801242547   0.367296870140
  0.079450537817   0.191782106793  -0.066717723298
  0.043113682080  -0.034130625752  -0.056843055134
  0.013598719087  -0.047688338558   0.027138704116
  0.157468257186   0.095609795605  -0.149252614130
  0.011171010012  -0.003785328014  -0.002963342293
 -0.007564573303   0.000913754020   0.001424529737
  0.007994906058  -0.036888945814  -0.000143871916
 -0.003366340084  -0.028532559513  -0.005366767022
 -0.056086144057   0.013978237735  -0.012547106219
 -0.016962614182   0.006710955681   0.008976219891
 -0.020203746512  -0.019204247620  -0.012060332630
  0.029785905890   0.003232670283  -0.003502615833
  0.007144993880  -0.016511944431  -0.001108706134
  0.030301569110   0.021029289894   0.006327967032
  0.029043469269  -0.035643865052  -0.023486432021
  0.001825535272  -0.006892659611  -0.007072322136
 -0.003195352226  -0.030109142791   0.009214133193
 -0.162946871124   0.096786659403  -0.151340429022
 -0.005856011394  -0.003860730152   0.000133547865
 -0.025723513683  -0.051581494099   0.003161514817
 -0.031758023604  -0.029897036595  -0.035282511978
 -0.080575442041   0.191036981883  -0.065852090539
  0.577746660919   0.935500579099   0.369112916246
 -0.041504506375   0.030437565667  -0.013093967809
 -0.121064552806   0.055250871851   0.069358474433
 -0.005298900431   0.003223009406  -0.011270953871
 -0.075340954159   0.104528222982  -0.102098456597
 -0.064437292576  -0.085474811972   0.017407352381
  0.081301297499  -0.218778471001   0.055850860163
    7    3  0.0000  0.0000  1.0000
  0.019857388879  -0.008796281743  -0.037869863583
  0.026460276717   0.030364369614   0.040968253337
  0.000501396876  -0.018280096276  -0.001376273188
 -0.002972932136   0.029950788225   0.008238579661
  0.054169412465   0.016268911005   0.097924274560
  0.036433018059  -0.029418581706   0.142334297858
 -0.003470226712  -0.440243803979  -3.969088979769
  0.001625021868   0.035242750168   0.081887681700
  0.037927294726   0.086759410690  -0.097510800112
 -0.025761424477   0.024311506505  -0.091155174725
  0.017247383194   0.023398177526  -0.098529724540
 -0.026206797027   0.088580940132  -0.090235430881
 -0.034850356277   0.003236506850  -0.038762414660
 -0.010990370861   0.017280408815   0.040997744422
  0.003067913859   0.010447910601   0.096775142558
 -0.096564644511  -0.024253306374   0.142570924435
  0.010532812452   0.020186619537   0.000536679138
 -0.008029623600  -0.008001850257   0.006257452609
  0.073535473666  -0.291369693567   0.412759016479
 -0.013825340558  -0.081560895466   0.074545741430
 -0.009957925026   0.003277208870  -0.001927696239
 -0.026302698087  -0.139620355009   0.026097955121
 -0.036196932595   0.087384503052   0.072606963772
  0.057066809151   0.016053903757   0.005626913703
 -0.799795837634   0.537598633803   1.144874148966
  0.129566778258   0.054188646326   0.040159985370
 -0.043367723219  -0.051245323822   0.063949726319
 -0.005189986833  -0.009709141957   0.017342711211
 -0.030119816311   0.022252287340   0.236281818224
  0.002663545094  -0.003657654741   0.001715475454
 -0.019482718088  -0.008367072130  -0.018831508839
 -0.013419875960  -0.005296646696  -0.044040071896
 -0.001391321609   0.000923151545  -0.061909953591
  0.009478860811  -0.033182435855  -0.108178785108
  0.004349851174  -0.021719357467   0.000405139931
  0.023149576637  -0.010325333471   0.013243371478
 -0.020794433951  -0.028648832260   0.015881115866
 -0.007649785058  -0.004567565200  -0.000987331900
 -0.013915766419  -0.011976151583  -0.083057293425
  0.007814913351  -0.016060171973  -0.084052106387
  0.005187999857  -0.028125119940  -0.040055507225
  0.027621434563   0.015191575328  -0.024067418259
  0.035835092579   0.025088853568   0.233875589213
 -0.010041505925  -0.005228574524   0.004931625032
  0.007054440019  -0.038967235733   0.028470541338
  0.040500081634  -0.021881669228   0.053165921631
 -0.126363764951   0.057598491023   0.041422375294
  0.800785307836   0.537652446395   1.148400243755
  0.046749276472   0.089707250333   0.109725122185
 -0.067090863015   0.018343065707  -0.029208616618
  0.002630396215  -0.001221634103   0.004799404429
  0.033399385019  -0.134555985298   0.020490597240
  0.011855682608  -0.081381968232   0.072609561344
 -0.073314153203  -0.293625578126   0.418972855881
    8    1  1.0000  0.0000  0.0000
  0.014748136435  -0.008204164062  -0.008381722224
 -0.022956174627   0.000519645815  -0.032535251970
  0.024920029968  -0.017635441787  -0.004786885319
  0.025072003093   0.011725227110   0.007608116957
  0.042635142910   0.079673552514  -0.092518601278
  0.060219783021  -0.024755869376   0.001970324503
  0.616811335138  -0.001150739031   0.000770436602
 -3.969738437813  -0.000660499360  -0.002972575517
  0.028673610505   0.050792629273  -0.025812730737
  0.031408374183  -0.090763729356   0.019695212497
  0.028305946106   0.096947301251  -0.028864473948
  0.032462628611  -0.056880677283   0.036369320367
  0.015092193955  -0.002469977495   0.023667136139
 -0.021464415406   0.011577127144   0.017963233906
  0.042623149251  -0.027642564537   0.036676774896
  0.059100542681  -0.026323729395   0.052004900224
  0.025570614857  -0.023906390880  -0.000603770785
  0.025354280401   0.030051947653  -0.001674255075
 -0.044472383371   0.169357758345  -0.102312696860
  0.012603836332  -0.301024727780   0.290085867029
 -0.047248236693   0.047674142044   0.025268582268
 -0.011902930597   0.002323808669  -0.011497865745
 -0.013154001150   0.016236433755   0.102128658362
 -0.105478184778   0.082468982767   0.073401052960
 -0.098492561779   0.094333560045  -0.058678694825
  1.816039154978  -0.888117848659  -1.035752889992
  0.010137788943   0.008352661592   0.015143636544
 -0.054960105572   0.013055733305  -0.012441819554
  0.000255896438  -0.031342044919   0.004389611811
  0.053289725646   0.197510626302  -0.054843885344
  0.017140882164   0.023981202484   0.013070789045
 -0.018875964962  -0.014165717426   0.000805195055
 -0.070462692898  -0.008749599060  -0.024690225920
  0.035291568908   0.010009151003   0.021555741122
  0.008890613952  -0.001073835751   0.011001227351
 -0.016776909898   0.012644637332  -0.006289244949
 -0.005137590318   0.013174362980  -0.001687801361
 -0.004199884033  -0.023622577561  -0.004675635734
 -0.079963497036  -0.001494438417   0.025770113953
  0.043746965223  -0.000654927406  -0.020008894983
 -0.025103466364   0.002176953608   0.013333293925
  0.023891216443  -0.013386626531  -0.026740434276
  0.000955115967   0.024448438022  -0.002614032749
  0.053194933679  -0.191189360128   0.051629971546
 -0.020812999620  -0.009196205962  -0.030048960313
 -0.024243398848  -0.010914736501   0.024581772588
  1.818934389572   0.887895665972   1.038882222195
 -0.100350133115  -0.090856821160   0.059954882472
 -0.018088162241  -0.015025695115  -0.115694365659
 -0.099196043546  -0.086229059549  -0.057245598019
 -0.047006370890  -0.083114881097  -0.003088918911
 -0.013531150781   0.033578878372  -0.010577458161
  0.015958633112   0.304984797570  -0.294394466722
 -0.049712796134  -0.174942339339   0.103706082614
    8    2  0.0000  1.0000  0.0000
 -0.002591442655   0.034278688760   0.021618568817
  0.011399344594   0.029184587745   0.007825642505
 -0.024057365263   0.020999284816  -0.004162576778
  0.030133163727   0.025771370695   0.021806545284
 -0.027993712346   0.130147145743  -0.018619850585
 -0.026276402303   0.032494256541   0.015412891013
 -0.000901996554  -0.005138457701   0.028338367335
 -0.001236711501  -2.662325607916  -0.552520275464
  0.097027866590   0.050379207292   0.087054829849
 -0.056587097201   0.049137651624   0.016966386231
  0.051425475062   0.049080713645   0.018959793271
 -0.090707854299   0.049612301504   0.084649464301
 -0.008625795632   0.034491649779   0.034322487919
  0.000373748778   0.028918292011  -0.004438564805
  0.079971947012   0.130172882139  -0.022823270102
 -0.024966042679   0.032473732420   0.019618688144
 -0.017363131968   0.021076904264   0.030957374778
  0.011380403242   0.025444995441  -0.013828892644
  0.060398466667  -0.081734968795   0.019620591257
 -0.077687902181  -0.220702251089   0.053590802524
  0.082100277937   0.103689281133  -0.112288585776
 -0.001244026805   0.003980335502  -0.003513160841
  0.167070195918   0.034290352028   0.014973000721
 -0.005353639463   0.049489195482   0.040996179895
  0.079454693863   0.191776447185  -0.066708639545
 -0.573827819883   0.933784881893   0.367278910260
  0.013605644597  -0.047687248752   0.027146121784
  0.043114686829  -0.034140105412  -0.056843507789
  0.011169896584  -0.003782944317  -0.002956246752
  0.157477738936   0.095611740035  -0.149251277462
  0.007999539692  -0.036897885116  -0.000147536531
 -0.007568957150   0.000920619669   0.001435466084
 -0.056089857664   0.013976389481  -0.012541093526
 -0.003361345804  -0.028528050599  -0.005365417030
 -0.020200633403  -0.019203632164  -0.012064839155
 -0.016956626365   0.006710246020   0.008979615911
  0.007145049933  -0.016509640266  -0.001104643083
  0.029790110744   0.003237927754  -0.003498204106
  0.029045438760  -0.035647910370  -0.023498066474
  0.030309582112   0.021024585335   0.006329521589
 -0.003199407578  -0.030110309446   0.009216490179
  0.001825061518  -0.006892655338  -0.007067896158
 -0.005854224725  -0.003858534800   0.000130395164
 -0.162953510398   0.096776976055  -0.151331399036
 -0.031751768874  -0.029892431334  -0.035280984253
 -0.025726111135  -0.051577895362   0.003162922499
  0.577778552951   0.935536590155   0.369117359533
 -0.080572400133   0.191030183517  -0.065847222669
 -0.121057235928   0.055239264249   0.069364768498
 -0.041497180594   0.030430029302  -0.013083704607
 -0.075333472807   0.104512894255  -0.102068526737
 -0.005308248051   0.003219998185  -0.011265153479
  0.081292408125  -0.218784147731   0.055834944972
 -0.064437372823  -0.085486925145   0.017411405070
    8    3  0.0000  0.0000  1.0000
  0.026457057591   0.030359841196   0.040965934314
  0.019859919641  -0.008797470699  -0.037872818524
 -0.002972203572   0.029953591283   0.008246807600
  0.000497232647  -0.018285028166  -0.001382090043
  0.036437783548  -0.029429957413   0.142330548787
  0.054173939848   0.016269184435   0.097926923754
  0.001628540988   0.035249961931   0.081877279612
 -0.003432133018  -0.440233750760  -3.969121210344
 -0.025761155021   0.024320951650  -0.091151885491
  0.037922612910   0.086756834221  -0.097510620247
 -0.026203877706   0.088590760445  -0.090238002762
  0.017250344945   0.023397929146  -0.098519436210
 -0.010988412868   0.017283975881   0.041004632921
 -0.034849570018   0.003233923758  -0.038760376688
 -0.096562056948  -0.024251160198   0.142563996080
  0.003065517528   0.010441820426   0.096778814155
 -0.008025544477  -0.008000162839   0.006260972396
  0.010534280964   0.020190331024   0.000539956223
 -0.013818479419  -0.081559591393   0.074551388833
  0.073526925869  -0.291380719459   0.412763278665
 -0.026306870164  -0.139627319105   0.026097950989
 -0.009968449184   0.003280507736  -0.001938275810
  0.057051564350   0.016050363766   0.005615747839
 -0.036189955555   0.087382098940   0.072605184457
  0.129560167216   0.054196747211   0.040167292092
 -0.799802422885   0.537613821539   1.144915196978
 -0.005196257760  -0.009711718052   0.017347251157
 -0.043365087872  -0.051252232932   0.063958798025
  0.002663247881  -0.003654971986   0.001712216270
 -0.030129678231   0.022248051546   0.236286833939
 -0.013422580545  -0.005295217880  -0.044034492688
 -0.019484328313  -0.008363380306  -0.018836480087
  0.009483651050  -0.033180168504  -0.108191038772
 -0.001394582872   0.000924520596  -0.061907398124
  0.023150340857  -0.010320834721   0.013242073717
  0.004351434257  -0.021719693387   0.000401800617
 -0.007648975905  -0.004567211830  -0.000987995387
 -0.020795976550  -0.028647980634   0.015876384896
  0.007817882202  -0.016064681190  -0.084048456340
 -0.013920384259  -0.011978705514  -0.083059454413
  0.027616573350   0.015189011943  -0.024073291887
  0.005184615575  -0.028124803195  -0.040057408565
 -0.010035952232  -0.005227016116   0.004933705015
  0.035827512429   0.025086496323   0.233868334007
  0.040492773287  -0.021882076966   0.053169311845
  0.007055757798  -0.038970590455   0.028464702299
  0.800794593648   0.537647984353   1.148416317741
 -0.126378063229   0.057599753405   0.041420902509
 -0.067108054125   0.018360638906  -0.029221299445
  0.046762534947   0.089702242086   0.109723738715
  0.033403649543  -0.134560115811   0.020492228645
  0.002626498804  -0.001219689537   0.004792466059
 -0.073301206419  -0.293643916793   0.418981761077
  0.011865305473  -0.081381177906   0.072611299602
    9    1  1.0000  0.0000  0.0000
  0.060214399216  -0.024749817885   0.001973308512
  0.042638157781   0.079667426237  -0.092512109760
 -0.022965703570   0.000526450530  -0.032539209609
  0.014744870990  -0.008198196511  -0.008384362926
  0.025070356449   0.011732175942   0.007612551773
  0.024906983994  -0.017631433559  -0.004788918879
  0.032461964266  -0.056870221651   0.036374941536
  0.028300227692   0.096953656272  -0.028864610099
 -3.969438427645  -0.000926155482  -0.003009899622
  0.616802231794  -0.001151300366   0.000769940174
  0.031399904766  -0.090755506409   0.019700547021
  0.028663733321   0.050794261820  -0.025815376223
  0.025353541193   0.030065053660  -0.001671650539
  0.025565616493  -0.023895574208  -0.000604104649
 -0.021471836032   0.011578961075   0.017965953728
  0.015093171119  -0.002466027694   0.023670691580
  0.059092821736  -0.026315685840   0.052003222548
  0.042612752264  -0.027636518957   0.036672171663
 -0.105479526724   0.082475109508   0.073402587390
 -0.013168977712   0.016233099550   0.102133434296
  0.012605441637  -0.301021920706   0.290076316903
 -0.044473216402   0.169353426216  -0.102313064237
 -0.011915916622   0.002324413826  -0.011496107411
 -0.047254029890   0.047685751310   0.025296887301
  0.053287446726   0.197510632098  -0.054825516504
  0.000247368872  -0.031343129386   0.004380123670
  1.816022090411  -0.888116177015  -1.035741329015
 -0.098497819275   0.094344270396  -0.058673226168
 -0.054968180912   0.013059656833  -0.012435505666
  0.010131941491   0.008353652371   0.015144086695
 -0.016776931698   0.012655172723  -0.006287922723
  0.008883008941  -0.001065858005   0.011002937939
 -0.018873171911  -0.014156662593   0.000808520288
  0.017139432116   0.023985444667   0.013073050885
  0.035280604610   0.010012118405   0.021557342766
 -0.070465370369  -0.008734540569  -0.024691724632
  0.023883462711  -0.013387896280  -0.026739296987
 -0.025105470462   0.002181772659   0.013326228681
 -0.004207069505  -0.023615853256  -0.004680433444
 -0.005136986700   0.013167870941  -0.001689668685
  0.043740585333  -0.000647571031  -0.020008693227
 -0.079970564245  -0.001488266834   0.025775412911
 -0.100361495427  -0.090864136560   0.059947903079
  1.818910417541   0.887904333016   1.038861010859
  0.053187644455  -0.191178077158   0.051633625096
  0.000950880689   0.024459136569  -0.002614440184
 -0.024244576974  -0.010914996799   0.024581800250
 -0.020822453975  -0.009190237037  -0.030049068630
 -0.049714917405  -0.174930669057   0.103709199492
  0.015957711681   0.304997983260  -0.294395936405
 -0.099196701783  -0.086219384286  -0.057243507996
 -0.018107866606  -0.015017113389  -0.115704205601
 -0.013540610065   0.033583214275  -0.010572727012
 -0.046990948380  -0.083116115634  -0.003101180199
    9    2  0.0000  1.0000  0.0000
 -0.026269205623   0.032500575634   0.015417576453
 -0.027994745375   0.130143231191  -0.018623600645
  0.011402689832   0.029182128805   0.007826035658
 -0.002585519021   0.034284605386   0.021617593440
  0.030142930144   0.025777508580   0.021802728426
 -0.024053266207   0.021009824716  -0.004158681079
 -0.090698978071   0.049617493306   0.084651943944
  0.051427682740   0.049085581460   0.018958599002
 -0.001554952911  -2.662586752950  -0.552514284882
 -0.000899963826  -0.005152829131   0.028338424083
 -0.056580712378   0.049142162958   0.016971175048
  0.097031219648   0.050389625514   0.087055712838
  0.011390183327   0.025450485659  -0.013833627897
 -0.017364626083   0.021082055975   0.030948058017
  0.000380324504   0.028923518336  -0.004442634275
 -0.008618480210   0.034504586188   0.034316306712
 -0.024964783261   0.032481783091   0.019620071536
  0.079983036672   0.130181139928  -0.022823373219
 -0.005343636334   0.049494591721   0.040999035277
  0.167069131845   0.034293427732   0.014980839052
 -0.077688136967  -0.220701892012   0.053584961896
  0.060402421452  -0.081726517790   0.019620672655
 -0.001229669523   0.003982440759  -0.003516759026
  0.082113833692   0.103697660450  -0.112270842796
  0.157481818961   0.095615266255  -0.149246283098
  0.011169901224  -0.003779200594  -0.002966622080
 -0.573812375646   0.933789564555   0.367286254624
  0.079462975323   0.191781067361  -0.066707675691
  0.043116132823  -0.034130140188  -0.056841871378
  0.013605487147  -0.047682928082   0.027138058077
 -0.016951986340   0.006714643118   0.008981980719
 -0.020191721389  -0.019201613831  -0.012064648032
 -0.007564956545   0.000926742629   0.001435883023
  0.008000775603  -0.036895491624  -0.000148654593
 -0.003359078101  -0.028528432788  -0.005372291044
 -0.056084412167   0.013980416070  -0.012543841080
  0.001833509938  -0.006885529276  -0.007067198470
 -0.003192853826  -0.030105138018   0.009214710708
  0.029798403979   0.003237201533  -0.003497158550
  0.007155230226  -0.016509847770  -0.001107603532
  0.030308330446   0.021032212732   0.006330481783
  0.029053793733  -0.035638688504  -0.023491759897
 -0.080559947096   0.191033545207  -0.065848702839
  0.577781442524   0.935552551900   0.369130974396
 -0.162938799649   0.096790746753  -0.151330599808
 -0.005851575275  -0.003854714523   0.000136222409
 -0.025720143103  -0.051574401615   0.003173636544
 -0.031747399265  -0.029889576291  -0.035274394562
 -0.064430762904  -0.085479122725   0.017407305364
  0.081299741618  -0.218763290424   0.055840145093
 -0.041493102152   0.030431551124  -0.013091743123
 -0.121043930649   0.055244236288   0.069358796751
 -0.005298897230   0.003226308277  -0.011271186895
 -0.075322380277   0.104505626946  -0.102088145035
    9    3  0.0000  0.0000  1.0000
  0.054176944596   0.016273902158   0.097935311179
  0.036437861836  -0.029415158201   0.142341761688
  0.019862617229  -0.008788341633  -0.037871438343
  0.026461965621   0.030364687929   0.040969781406
  0.000497951226  -0.018283276311  -0.001366809167
 -0.002969324316   0.029960921676   0.008247406633
  0.017242635477   0.023394281182  -0.098526940025
 -0.026211690473   0.088584402546  -0.090249036263
 -0.003470348603  -0.440241857954  -3.969173246138
  0.001629054595   0.035253549882   0.081882224527
  0.037917866376   0.086766169654  -0.097515609035
 -0.025756360099   0.024312501296  -0.091146506059
  0.010533267453   0.020185273848   0.000536196642
 -0.008020392874  -0.008011872000   0.006257869354
 -0.034851905060   0.003231011576  -0.038756838403
 -0.010991704182   0.017280959476   0.041001461193
  0.003077476951   0.010426399387   0.096778480400
 -0.096563962585  -0.024253402201   0.142565332806
 -0.036203681678   0.087380156213   0.072620997471
  0.057053199810   0.016039182893   0.005628988229
  0.073522045988  -0.291386102243   0.412779997676
 -0.013821162000  -0.081563064116   0.074546807958
 -0.009976657776   0.003277350798  -0.001930055119
 -0.026311752242  -0.139627509717   0.026101727089
 -0.030122236096   0.022244516537   0.236281737823
  0.002666655177  -0.003658566518   0.001712670834
 -0.799787019847   0.537637762574   1.144890865339
  0.129568277213   0.054189539678   0.040165603164
 -0.043360448241  -0.051254860486   0.063960502584
 -0.005195208449  -0.009705419708   0.017342477250
  0.004354361094  -0.021716236579   0.000408040651
  0.023154234194  -0.010320247744   0.013243585564
 -0.019485203451  -0.008366299584  -0.018843301802
 -0.013420045096  -0.005287893912  -0.044040901128
 -0.001395634633   0.000929092366  -0.061908200548
  0.009487330674  -0.033178185038  -0.108186584327
  0.005191142833  -0.028126799649  -0.040051298332
  0.027615554578   0.015184615460  -0.024062943186
 -0.020794762944  -0.028652731631   0.015879891982
 -0.007648487805  -0.004568611862  -0.000986974547
 -0.013919686479  -0.011978487540  -0.083058248614
  0.007815651076  -0.016057778717  -0.084044699485
 -0.126380019393   0.057594292241   0.041416312584
  0.800818139126   0.537640223001   1.148409364766
  0.035834675158   0.025080447510   0.233864541520
 -0.010034531872  -0.005229325899   0.004942640148
  0.007065362474  -0.038969698171   0.028466370275
  0.040505249281  -0.021877261260   0.053172497463
  0.011861718463  -0.081374934077   0.072613116004
 -0.073306800471  -0.293653538361   0.418991099017
  0.046760180097   0.089706341286   0.109727859476
 -0.067117070179   0.018370680144  -0.029224093513
  0.002620511299  -0.001212635499   0.004790375198
  0.033384166945  -0.134548164698   0.020469828140
   10    1  1.0000  0.0000  0.0000
  0.042634537394   0.079692613206  -0.092514179231
  0.060216515273  -0.024749422815   0.001972044125
  0.014745023995  -0.008196337399  -0.008374625559
 -0.022963721295   0.000530215625  -0.032532962245
  0.024910162264  -0.017634861343  -0.004792431289
  0.025072495198   0.011723274031   0.007607645432
  0.028304448306   0.096947826001  -0.028864011593
  0.032461746217  -0.056873670333   0.036366371251
  0.616805661195  -0.001134813152   0.000769912439
 -3.969508126379  -0.001111741729  -0.003066427834
  0.028667406039   0.050799592040  -0.025814917119
  0.031399010573  -0.090759904470   0.019697636531
  0.025566924686  -0.023907887645  -0.000608504496
  0.025349823387   0.030052335668  -0.001676687920
  0.015089175500  -0.002458899523   0.023667679275
 -0.021473511302   0.011587813640   0.017967156329
  0.042613932445  -0.027629931857   0.036682786092
  0.059096980355  -0.026317535246   0.052000680859
 -0.013141187550   0.016245488756   0.102135160684
 -0.105478926470   0.082485058276   0.073403056436
 -0.044474953641   0.169356272106  -0.102306069378
  0.012592173683  -0.301027050382   0.290101146035
 -0.047254061415   0.047704492304   0.025273153560
 -0.011910093929   0.002328092043  -0.011500302635
  0.000257285329  -0.031336727684   0.004387800247
  0.053293836293   0.197513174943  -0.054845310066
 -0.098493622125   0.094345584493  -0.058674410782
  1.816026241337  -0.888099038579  -1.035766897776
  0.010129083147   0.008355228436   0.015138429151
 -0.054967150397   0.013064649195  -0.012440612221
  0.008884338448  -0.001063886064   0.011000629807
 -0.016772441719   0.012658309006  -0.006285359517
  0.017137236963   0.023992830722   0.013083337811
 -0.018876814373  -0.014158544392   0.000809206254
 -0.070469587059  -0.008745498205  -0.024680373228
  0.035279484751   0.010012677225   0.021559961231
 -0.025112970818   0.002193469404   0.013334776326
  0.023891545799  -0.013386501162  -0.026737145544
 -0.005139932622   0.013178925040  -0.001685444640
 -0.004209524851  -0.023604646694  -0.004677876273
 -0.079975230476  -0.001483573837   0.025774078421
  0.043745519568  -0.000655582545  -0.020000084156
  1.818935964714   0.887923344578   1.038875025090
 -0.100353634738  -0.090847701231   0.059944931233
  0.000946564801   0.024460911905  -0.002609151168
  0.053199192681  -0.191190797832   0.051623643561
 -0.020815073622  -0.009188290594  -0.030047255534
 -0.024243615460  -0.010909221275   0.024581489444
  0.015964386359   0.304988398457  -0.294374295613
 -0.049716285390  -0.174927602140   0.103717244656
 -0.018108669973  -0.015016523727  -0.115691300910
 -0.099198094927  -0.086215019561  -0.057233417691
 -0.047014784800  -0.083092759530  -0.003099959813
 -0.013544681370   0.033583393845  -0.010574968048
   10    2  0.0000  1.0000  0.0000
 -0.027996841543   0.130160199782  -0.018623438982
 -0.026271610193   0.032494142353   0.015415148555
 -0.002586809776   0.034292490597   0.021619544172
  0.011401003223   0.029192757703   0.007823869400
 -0.024056260597   0.020994268281  -0.004171690584
  0.030149100046   0.025772710643   0.021803547420
  0.051438216563   0.049083233091   0.018958614836
 -0.090701429203   0.049614321083   0.084650217808
 -0.000895555674  -0.005134636764   0.028340003398
 -0.001435184098  -2.662675155738  -0.552441787671
  0.097037695762   0.050384707320   0.087058211272
 -0.056583195851   0.049136601710   0.016966451645
 -0.017373892638   0.021067423892   0.030946721960
  0.011391366326   0.025448897710  -0.013833758923
 -0.008619864160   0.034496736794   0.034319565667
  0.000374245358   0.028931273908  -0.004443563165
  0.079976806363   0.130194705951  -0.022826977320
 -0.024964346965   0.032484090403   0.019617488661
  0.167057362530   0.034276245083   0.014984644521
 -0.005351600943   0.049496427992   0.041001979181
  0.060400793014  -0.081725858559   0.019624301851
 -0.077676217772  -0.220687259336   0.053599203822
  0.082126874088   0.103716065274  -0.112271624048
 -0.001237514526   0.003981546332  -0.003508963889
  0.011178956854  -0.003783044556  -0.002962504595
  0.157478985958   0.095611849380  -0.149250240864
  0.079455558213   0.191792808917  -0.066713075407
 -0.573827694299   0.933806990881   0.367289042199
  0.013604542948  -0.047690621185   0.027138172276
  0.043116322218  -0.034127618795  -0.056843421650
 -0.020199420280  -0.019195952833  -0.012064051408
 -0.016952252536   0.006713897961   0.008977518855
  0.008000472845  -0.036885765654  -0.000142475674
 -0.007558552323   0.000925677544   0.001429231463
 -0.056082892343   0.013978747862  -0.012550078127
 -0.003359167326  -0.028530855061  -0.005373195724
 -0.003199557944  -0.030101019095   0.009217866939
  0.001824616430  -0.006892506345  -0.007076365375
  0.007150983385  -0.016500752107  -0.001104977700
  0.029789095799   0.003244040472  -0.003503303182
  0.029052193251  -0.035642301371  -0.023485209932
  0.030308810547   0.021035913460   0.006327097370
  0.577753296073   0.935523349628   0.369095593108
 -0.080571444339   0.191044947921  -0.065852459099
 -0.005854923277  -0.003852145248   0.000130719110
 -0.162945296476   0.096786926518  -0.151338892058
 -0.031745423094  -0.029891833224  -0.035277923387
 -0.025723602608  -0.051572928850   0.003158738903
  0.081308500980  -0.218777695598   0.055858320851
 -0.064433616927  -0.085474825069   0.017405508827
 -0.121054280212   0.055251167091   0.069354269126
 -0.041492038718   0.030441953832  -0.013094226176
 -0.075326424972   0.104535659893  -0.102086267541
 -0.005298887163   0.003229998123  -0.011271120716
   10    3  0.0000  0.0000  1.0000
  0.036432601750  -0.029412194982   0.142347234763
  0.054174697603   0.016281232491   0.097931811628
  0.026460373591   0.030370170349   0.040972151755
  0.019860684998  -0.008790888509  -0.037871998216
 -0.002975569757   0.029962847334   0.008247887773
  0.000505361675  -0.018281041222  -0.001366039952
 -0.026206014807   0.088590070334  -0.090245605848
  0.017244197527   0.023392266336  -0.098529138011
  0.001623343721   0.035246336655   0.081889568012
 -0.003500126214  -0.440233489507  -3.969159734805
 -0.025760673735   0.024313620585  -0.091148112966
  0.037919072776   0.086772807242  -0.097515820747
 -0.008022999750  -0.008012909745   0.006251320394
  0.010534062288   0.020190010415   0.000534708122
 -0.010990261585   0.017280690360   0.041002630232
 -0.034847500533   0.003226238580  -0.038759702530
 -0.096561074723  -0.024253517715   0.142565249925
  0.003069331811   0.010431487214   0.096774519819
  0.057066725525   0.016068513098   0.005619858269
 -0.036204711027   0.087380858216   0.072619227092
 -0.013830363413  -0.081563670765   0.074549525097
  0.073516537035  -0.291382994901   0.412764726299
 -0.026310035864  -0.139630009087   0.026095307737
 -0.009968181993   0.003279007993  -0.001930780422
  0.002666183881  -0.003662243805   0.001712919817
 -0.030113573169   0.022240588644   0.236276880642
  0.129577182576   0.054207487778   0.040155211439
 -0.799791261186   0.537605295095   1.144881257903
 -0.005192785730  -0.009698182950   0.017341263079
 -0.043359374179  -0.051251039386   0.063953189124
  0.023144221275  -0.010323460939   0.013243774924
  0.004354873146  -0.021710739301   0.000409864840
 -0.013420557069  -0.005298861063  -0.044043731771
 -0.019480043005  -0.008360347034  -0.018834939388
  0.009482096960  -0.033181631172  -0.108186008938
 -0.001394856199   0.000927575218  -0.061908472980
  0.027620824970   0.015189775867  -0.024065767082
  0.005190756794  -0.028129163537  -0.040050646063
 -0.007646891767  -0.004572719352  -0.000980018555
 -0.020791805006  -0.028651887938   0.015881913022
  0.007811339174  -0.016060686856  -0.084052211377
 -0.013921166862  -0.011982345287  -0.083055368604
  0.800818232912   0.537634210866   1.148417950131
 -0.126362052262   0.057585584202   0.041425614188
 -0.010035416501  -0.005225646883   0.004939411533
  0.035837158783   0.025092540901   0.233870639130
  0.040507170174  -0.021875615096   0.053172256282
  0.007065481614  -0.038971044704   0.028473992035
 -0.073311165144  -0.293647863730   0.418989709537
  0.011856174025  -0.081381669618   0.072611906072
 -0.067102415194   0.018347036562  -0.029220809556
  0.046753964820   0.089705180113   0.109721539029
  0.033385453826  -0.134558246150   0.020491839517
  0.002622771446  -0.001217321215   0.004788048651
   11    1  1.0000  0.0000  0.0000
  0.025072441935   0.011732287431   0.007608718194
  0.024921062154  -0.017626427419  -0.004786806661
  0.060222916123  -0.024742320598   0.001969439171
  0.042635517963   0.079685204439  -0.092513235747
 -0.022959179418   0.000525107180  -0.032528811138
  0.014747102526  -0.008200297538  -0.008379863105
  0.031403715352  -0.090757747699   0.019697717636
  0.028675485726   0.050803015774  -0.025814587303
  0.032468995764  -0.056875051831   0.036371055593
  0.028307960350   0.096951405746  -0.028866711239
 -3.969889031585  -0.001106107273  -0.003043106813
  0.616803781469  -0.001139646958   0.000771990788
  0.059102880327  -0.026318877786   0.052002723950
  0.042626176774  -0.027633147445   0.036674176937
  0.025358693222   0.030054278027  -0.001676958774
  0.025574103536  -0.023902364190  -0.000602906596
 -0.021466243897   0.011582426521   0.017966457827
  0.015095710136  -0.002463903982   0.023666464039
 -0.011900601652   0.002328616360  -0.011497725019
 -0.047246633843   0.047677969869   0.025254738806
 -0.105468151491   0.082486215414   0.073400411263
 -0.013140140367   0.016265861771   0.102114485412
  0.012604301772  -0.301020349565   0.290092196499
 -0.044469866944   0.169361338179  -0.102314221134
 -0.054961041263   0.013065537073  -0.012435892283
  0.010141219356   0.008357889618   0.015144248774
  0.053296295163   0.197517920688  -0.054850570630
  0.000257112654  -0.031333128225   0.004386577624
  1.816050031585  -0.888117000782  -1.035766972303
 -0.098481222129   0.094354966672  -0.058674198510
  0.035287543072   0.010020289622   0.021562172008
 -0.070461488655  -0.008737875130  -0.024681281664
 -0.016766097984   0.012658230912  -0.006297783149
  0.008896553240  -0.001068229742   0.010998560844
 -0.018875640634  -0.014155814405   0.000804575202
  0.017145053460   0.023990706792   0.013073499011
  0.043750383155  -0.000644809207  -0.020003953745
 -0.079964636803  -0.001480981173   0.025764769960
  0.023899447327  -0.013389849848  -0.026732624398
 -0.025105518124   0.002198447920   0.013332333587
 -0.004197923342  -0.023612546726  -0.004670405669
 -0.005136942952   0.013176031339  -0.001689916072
 -0.024237857434  -0.010904608472   0.024588089722
 -0.020813017117  -0.009187100149  -0.030047914245
 -0.100342837986  -0.090847416490   0.059950296046
  1.818947779504   0.887906996294   1.038904065705
  0.053199688759  -0.191189250749   0.051637743268
  0.000957426199   0.024453766133  -0.002611202471
 -0.013528073113   0.033590529969  -0.010574257099
 -0.047009449716  -0.083092538109  -0.003079399008
 -0.049712555961  -0.174933090643   0.103719670405
  0.015963459594   0.304982960874  -0.294394917326
 -0.099190398789  -0.086222859243  -0.057231430630
 -0.018088287002  -0.015024659240  -0.115689525545
   11    2  0.0000  1.0000  0.0000
  0.030142364826   0.025777091457   0.021804695580
 -0.024054559602   0.021004742492  -0.004167233699
 -0.026264961051   0.032502345468   0.015412921887
 -0.027986965950   0.130154573233  -0.018620708236
  0.011408111604   0.029186913816   0.007824537651
 -0.002586596137   0.034283967482   0.021621982229
 -0.056580563901   0.049134133909   0.016966105185
  0.097032471403   0.050385614461   0.087051920934
 -0.090702719394   0.049613641543   0.084647858684
  0.051439745949   0.049087436513   0.018957100997
 -0.001570505359  -2.662668834729  -0.552442130466
 -0.000893408342  -0.005130005734   0.028343500184
 -0.024959803506   0.032480002418   0.019616705032
  0.079975384475   0.130185860695  -0.022829297404
  0.011389148026   0.025446993322  -0.013833928260
 -0.017364783441   0.021072540015   0.030946867250
  0.000376973969   0.028926747392  -0.004446288255
 -0.008615446673   0.034499733146   0.034318756979
 -0.001230296363   0.003981092746  -0.003509734639
  0.082112562736   0.103708729125  -0.112286118680
 -0.005345112258   0.049496470574   0.041003667488
  0.167080113532   0.034293781007   0.014975879613
 -0.077676177931  -0.220689823154   0.053598327042
  0.060402884146  -0.081724640270   0.019623692808
  0.043114851663  -0.034130018213  -0.056841558095
  0.013604658730  -0.047683574744   0.027140404238
  0.157489074691   0.095617864801  -0.149247441463
  0.011176778822  -0.003773818637  -0.002962433073
 -0.573830424381   0.933799240879   0.367266227955
  0.079455659177   0.191783497145  -0.066713212249
 -0.003361925201  -0.028523760492  -0.005371408145
 -0.056081827153   0.013978639852  -0.012542478697
 -0.016949991014   0.006713647981   0.008979976035
 -0.020199538664  -0.019201391548  -0.012065055012
 -0.007554914423   0.000924341516   0.001431960470
  0.008007085147  -0.036888245412  -0.000147061844
  0.030319209444   0.021029410244   0.006330716988
  0.029048324703  -0.035635647666  -0.023490465158
  0.001829675480  -0.006892337858  -0.007071664345
 -0.003195267216  -0.030107889166   0.009219383369
  0.029789769798   0.003245445864  -0.003502766826
  0.007149981352  -0.016502062809  -0.001105877574
 -0.025728707184  -0.051573193038   0.003160106566
 -0.031741164562  -0.029888605847  -0.035276631698
 -0.080561768030   0.191034636924  -0.065847646919
  0.577776913343   0.935543238205   0.369088716143
 -0.162945844274   0.096782431696  -0.151331537904
 -0.005851037233  -0.003846617317   0.000132194993
 -0.005295979765   0.003220459670  -0.011269446979
 -0.075321009730   0.104530682789  -0.102074728201
 -0.064425700764  -0.085476007602   0.017412059691
  0.081301839903  -0.218772378397   0.055843243443
 -0.041488752825   0.030438913272  -0.013089639162
 -0.121057830594   0.055243990980   0.069366983550
   11    3  0.0000  0.0000  1.0000
  0.000502445476  -0.018283464128  -0.001375172194
 -0.002972643094   0.029958137476   0.008240694534
  0.054173233018   0.016276448451   0.097927774846
  0.036433492900  -0.029428581883   0.142330348454
  0.019861915733  -0.008797699906  -0.037881503037
  0.026460205164   0.030366382571   0.040963881144
  0.037918195281   0.086765735708  -0.097519487648
 -0.025757968153   0.024324364101  -0.091157860807
  0.017246885465   0.023404605006  -0.098526968772
 -0.026201404830   0.088596490393  -0.090248371758
 -0.003513740685  -0.440221443013  -3.968913553397
  0.001629610437   0.035240685233   0.081879442293
  0.003068586650   0.010438011377   0.096770671369
 -0.096557163788  -0.024249948096   0.142564364989
  0.010531915798   0.020189002392   0.000535111616
 -0.008030721742  -0.008006329049   0.006256668069
 -0.034848571553   0.003225255877  -0.038768169319
 -0.010991049001   0.017283313139   0.040995865431
 -0.009972589180   0.003284091395  -0.001944999720
 -0.026311361807  -0.139628124661   0.026095594547
 -0.036192528063   0.087371459599   0.072592991688
  0.057064278288   0.016064488701   0.005607812332
  0.073523536774  -0.291377915596   0.412762281503
 -0.013828549276  -0.081557421413   0.074536367696
 -0.043364942699  -0.051246869673   0.063959773559
 -0.005193847953  -0.009703973446   0.017343110800
 -0.030121510228   0.022243173890   0.236271601179
  0.002660780402  -0.003660108614   0.001706669241
 -0.799795188155   0.537587252138   1.144921338120
  0.129581891983   0.054202630424   0.040167435696
 -0.001384979531   0.000929136790  -0.061913657946
  0.009482408629  -0.033177360110  -0.108192386729
  0.004356480061  -0.021708964483   0.000398392206
  0.023158158741  -0.010331656752   0.013239488342
 -0.019480835604  -0.008361130380  -0.018840181963
 -0.013419185037  -0.005297595933  -0.044039454192
 -0.013918361690  -0.011978446834  -0.083064455871
  0.007816126940  -0.016061866782  -0.084060195808
  0.005185414519  -0.028125885141  -0.040060628279
  0.027620620464   0.015191742049  -0.024075441188
 -0.020795631449  -0.028645351337   0.015873888728
 -0.007651556028  -0.004568559642  -0.000994928113
  0.007064532260  -0.038970984926   0.028468268770
  0.040501163591  -0.021882875228   0.053166353078
 -0.126373224671   0.057589969506   0.041427176895
  0.800805508147   0.537634003666   1.148424346338
  0.035838071464   0.025093484630   0.233869603536
 -0.010036727506  -0.005226874780   0.004930241439
  0.002630250983  -0.001217018458   0.004787829322
  0.033395931795  -0.134568040062   0.020487242722
  0.011866762421  -0.081378411148   0.072604672528
 -0.073313479535  -0.293645050155   0.418976443833
  0.046748081665   0.089700577611   0.109717742765
 -0.067098723791   0.018347509506  -0.029224072864
   12    1  1.0000  0.0000  0.0000
  0.024921739638  -0.017634266223  -0.004785549095
  0.025074228472   0.011728102955   0.007610232780
  0.042647956449   0.079677771616  -0.092513086280
  0.060223266669  -0.024748600622   0.001976691968
  0.014752853547  -0.008196921541  -0.008381941955
 -0.022951912725   0.000528853747  -0.032532930423
  0.028674671884   0.050795358166  -0.025823662638
  0.031412894562  -0.090756659196   0.019698858045
  0.028310782337   0.096951200322  -0.028866287603
  0.032465581054  -0.056877261465   0.036369121632
  0.616807546623  -0.001143015528   0.000769840244
 -3.969881004856  -0.001055163948  -0.003082567044
  0.042619155544  -0.027624192940   0.036670740140
  0.059103932837  -0.026312405740   0.051995142659
  0.025579136124  -0.023898672385  -0.000603686386
  0.025360255473   0.030059506337  -0.001676571437
  0.015093570235  -0.002458296868   0.023664651450
 -0.021470060980   0.011580269064   0.017969703772
 -0.047241263517   0.047707769021   0.025299266503
 -0.011901384488   0.002329489072  -0.011498814596
 -0.013151089201   0.016234524537   0.102141843832
 -0.105473325284   0.082478327355   0.073411494532
 -0.044470281630   0.169352253780  -0.102307365483
  0.012607504978  -0.301032061774   0.290084975168
  0.010138201718   0.008357623524   0.015141540723
 -0.054961095630   0.013064741757  -0.012432269565
  0.000262325284  -0.031344136142   0.004388204086
  0.053299358038   0.197505923245  -0.054826749602
 -0.098488504195   0.094346543816  -0.058671149218
  1.816022348423  -0.888098489305  -1.035742649067
 -0.070457932739  -0.008736188462  -0.024689033985
  0.035293205338   0.010013364138   0.021559995398
  0.008897388655  -0.001062889980   0.011003037084
 -0.016765785483   0.012662581497  -0.006281001010
  0.017146675594   0.023987178422   0.013080615788
 -0.018869726499  -0.014154009838   0.000806973153
 -0.079963018031  -0.001481668062   0.025777347252
  0.043753047495  -0.000643200413  -0.020003061091
 -0.025096575445   0.002189439096   0.013332564861
  0.023896989696  -0.013387786540  -0.026737771670
 -0.005128298633   0.013166139711  -0.001684734859
 -0.004205597574  -0.023616789918  -0.004678599781
 -0.020814158811  -0.009182647109  -0.030048926370
 -0.024234073033  -0.010914048426   0.024582952995
  1.818926926259   0.887916056008   1.038859693006
 -0.100352603290  -0.090858658308   0.059952906159
  0.000960453560   0.024457990628  -0.002610011759
  0.053199008799  -0.191192831480   0.051619839572
 -0.046994049446  -0.083108480257  -0.003113037638
 -0.013536303470   0.033589610645  -0.010568789624
  0.015967357970   0.304991048588  -0.294381259373
 -0.049712765336  -0.174927869237   0.103710357070
 -0.018106194831  -0.015003207528  -0.115694122428
 -0.099191358130  -0.086221247811  -0.057242959888
   12    2  0.0000  1.0000  0.0000
 -0.024052817711   0.021008837143  -0.004166354184
  0.030148743595   0.025778710873   0.021802294443
 -0.027994401110   0.130145069748  -0.018625278693
 -0.026270257066   0.032504000528   0.015413081618
 -0.002588031329   0.034283886979   0.021617214959
  0.011405641044   0.029187260020   0.007822995789
  0.097033098662   0.050392007807   0.087055903342
 -0.056580571458   0.049139194688   0.016969949702
  0.051431084716   0.049088283745   0.018960315089
 -0.090701496625   0.049617492140   0.084646405656
 -0.000895190637  -0.005143348701   0.028334453623
 -0.001586756335  -2.662654210472  -0.552420424620
  0.079986519338   0.130187925812  -0.022823339631
 -0.024962244176   0.032483853283   0.019620853916
 -0.017366013783   0.021082498385   0.030949396173
  0.011385606641   0.025450761269  -0.013834199259
 -0.008614838713   0.034498996196   0.034317301230
  0.000383008274   0.028921665343  -0.004443149432
  0.082118245115   0.103703576871  -0.112259658075
 -0.001240552951   0.003982043117  -0.003520997821
  0.167055962382   0.034287138559   0.014980760849
 -0.005341581514   0.049493661622   0.040998251475
  0.060402708337  -0.081734619133   0.019619033867
 -0.077677000953  -0.220708091417   0.053586687668
  0.013605650207  -0.047681821201   0.027137217761
  0.043119671255  -0.034127273905  -0.056846260533
  0.011178276767  -0.003782092552  -0.002965631164
  0.157485375696   0.095613723585  -0.149245462467
  0.079466650802   0.191788705941  -0.066711521891
 -0.573811770247   0.933797570972   0.367284488137
 -0.056078844052   0.013981611094  -0.012546664228
 -0.003357581094  -0.028524395256  -0.005371581942
 -0.020194356204  -0.019195810374  -0.012061608050
 -0.016955426725   0.006718251687   0.008978280607
  0.008006332395  -0.036891028141  -0.000155511477
 -0.007561314644   0.000925079837   0.001429536412
  0.029056618316  -0.035636430724  -0.023488175026
  0.030309230484   0.021030622707   0.006323883670
 -0.003189630360  -0.030099693619   0.009214150190
  0.001830176038  -0.006879524812  -0.007069716965
  0.007152058125  -0.016507897910  -0.001112027076
  0.029799532505   0.003237751463  -0.003503121305
 -0.031744723277  -0.029889833248  -0.035278806810
 -0.025719870819  -0.051574185607   0.003167068178
  0.577769749054   0.935524673629   0.369140060954
 -0.080565096454   0.191036127990  -0.065846882955
 -0.005853410298  -0.003849361070   0.000137392856
 -0.162938361372   0.096791623228  -0.151336722087
 -0.075330318229   0.104509626367  -0.102105002297
 -0.005291921920   0.003227588456  -0.011268070393
  0.081308664116  -0.218755346362   0.055841259543
 -0.064426904401  -0.085468924113   0.017404388426
 -0.121048823045   0.055248890808   0.069351215345
 -0.041498496364   0.030435176726  -0.013097673096
   12    3  0.0000  0.0000  1.0000
 -0.002974205876   0.029953602808   0.008241810784
  0.000503122282  -0.018283264188  -0.001375243821
  0.036435683648  -0.029414231715   0.142329141613
  0.054172580349   0.016272440790   0.097928420539
  0.026459716953   0.030363591317   0.040960853738
  0.019855186045  -0.008790624339  -0.037874451244
 -0.025760006261   0.024315028043  -0.091161231112
  0.037920650255   0.086771161694  -0.097520545649
 -0.026206585765   0.088581825741  -0.090249776844
  0.017242797369   0.023401708081  -0.098532135050
  0.001625409328   0.035240704913   0.081885395119
 -0.003501238800  -0.440219107068  -3.968893545622
 -0.096565839680  -0.024249911256   0.142560055499
  0.003070082909   0.010443430057   0.096774069226
 -0.008027131768  -0.008011957568   0.006249053091
  0.010535124906   0.020184106687   0.000534122661
 -0.010990440093   0.017279728422   0.040992524708
 -0.034847313455   0.003229925392  -0.038770125993
 -0.026298100049  -0.139615075743   0.026108739815
 -0.009968476892   0.003279342618  -0.001938506138
  0.057068227558   0.016049665999   0.005621518057
 -0.036194935464   0.087371468081   0.072600072834
 -0.013825054510  -0.081563272069   0.074534782267
  0.073527855434  -0.291368912622   0.412774138010
 -0.005195131590  -0.009706729886   0.017340603246
 -0.043366477310  -0.051248765947   0.063956672861
  0.002664674289  -0.003661998254   0.001714624760
 -0.030113862697   0.022248979617   0.236275641897
  0.129570288185   0.054179783540   0.040169092566
 -0.799784398750   0.537609115926   1.144887243632
  0.009484231263  -0.033187619923  -0.108186696801
 -0.001391795037   0.000928723674  -0.061913222213
  0.023155820113  -0.010320702310   0.013241395990
  0.004349492103  -0.021718651365   0.000402513307
 -0.013415835705  -0.005295652103  -0.044041376108
 -0.019485094633  -0.008371366142  -0.018841951450
  0.007815241513  -0.016066425725  -0.084055949555
 -0.013917444042  -0.011981399513  -0.083059382362
  0.027619175730   0.015181643993  -0.024073211638
  0.005189157088  -0.028119305955  -0.040053822825
 -0.007649680900  -0.004569579921  -0.000995708856
 -0.020794663907  -0.028649787526   0.015874675754
  0.040498837738  -0.021879979557   0.053165247030
  0.007061507153  -0.038970999581   0.028462460038
  0.800808240579   0.537655489685   1.148393423927
 -0.126383670906   0.057596895835   0.041415117936
 -0.010035034432  -0.005227404069   0.004930768936
  0.035836598251   0.025085819603   0.233861990487
  0.033391777810  -0.134553244169   0.020473640322
  0.002633929805  -0.001218921092   0.004792220797
 -0.073313240355  -0.293638244900   0.418981812350
  0.011860133733  -0.081377727646   0.072605707466
 -0.067103728397   0.018354668870  -0.029218444683
  0.046753844887   0.089702010763   0.109715776700
   13    1  1.0000  0.0000  0.0000
 -0.021491986218   0.011578429597   0.017964150804
  0.015068249615  -0.002464022881   0.023673704043
  0.059070881615  -0.026318794077   0.051999669160
  0.042599719047  -0.027622445343   0.036673632440
  0.025334922951   0.030055521407  -0.001675173287
  0.025542376422  -0.023901533690  -0.000612252569
 -0.022982888169   0.000528209968  -0.032540150237
  0.014726097217  -0.008201759105  -0.008379890955
  0.025044352379   0.011720402766   0.007611750198
  0.024894655415  -0.017633301954  -0.004787229026
  0.060198427899  -0.024757260822   0.001969606428
  0.042618315155   0.079671367521  -0.092516432359
 -3.968428988517  -0.000758318001  -0.002951055887
  0.616782239992  -0.001140528356   0.000770005789
  0.031377596313  -0.090763656502   0.019692729053
  0.028649194538   0.050782684110  -0.025814127997
  0.032441468886  -0.056876633583   0.036362290597
  0.028282484654   0.096940477316  -0.028871492568
 -0.018900710770  -0.014165674947   0.000799802036
  0.017120118018   0.023983813769   0.013079160986
  0.035266754899   0.010008144344   0.021562667276
 -0.070487501176  -0.008748295027  -0.024689776953
 -0.016792280559   0.012648167751  -0.006285530556
  0.008869977448  -0.001065400360   0.011003001318
  0.012590419316  -0.301021741786   0.290091556320
 -0.044495353454   0.169353071253  -0.102312237341
 -0.011929811197   0.002316794572  -0.011499185691
 -0.047267932664   0.047696743490   0.025288683526
 -0.105499312978   0.082474741001   0.073406466327
 -0.013178432117   0.016219608453   0.102136384576
  1.815993206215  -0.888099517769  -1.035750611042
 -0.098523001181   0.094335065216  -0.058680467977
 -0.054982789674   0.013056541817  -0.012442201714
  0.010109727973   0.008350476609   0.015141303434
  0.053259785331   0.197499474766  -0.054840897655
  0.000233239216  -0.031347942155   0.004380461168
 -0.099215988530  -0.086225637317  -0.057240999174
 -0.018126291144  -0.015029276046  -0.115698693036
 -0.013559544860   0.033584749244  -0.010568060962
 -0.047018302546  -0.083110509293  -0.003116656054
 -0.049732714707  -0.174934738251   0.103708367069
  0.015940279220   0.304999947708  -0.294377461041
 -0.004230213858  -0.023618767922  -0.004679765026
 -0.005159270256   0.013172405941  -0.001686110340
  0.043726312431  -0.000655837201  -0.020002819280
 -0.079992210729  -0.001489739581   0.025781025722
  0.023871754364  -0.013390320503  -0.026740447607
 -0.025123695042   0.002179115852   0.013327842707
  0.053178905002  -0.191188471041   0.051618759565
  0.000932981254   0.024455055837  -0.002613107172
 -0.024265800675  -0.010914148190   0.024577019063
 -0.020837084625  -0.009193451550  -0.030047175528
 -0.100375456784  -0.090858651430   0.059950486709
  1.818873119645   0.887885364375   1.038849482725
   13    2  0.0000  1.0000  0.0000
  0.000377471113   0.028891040061  -0.004441128276
 -0.008626484702   0.034463143203   0.034311716360
 -0.024967273478   0.032451638429   0.019621801155
  0.079977583924   0.130140948131  -0.022832589955
  0.011381416209   0.025428909846  -0.013832904819
 -0.017375877295   0.021057543620   0.030953997890
  0.011398411048   0.029155208691   0.007821434524
 -0.002594628881   0.034247726080   0.021617705271
  0.030140727147   0.025761674832   0.021806736436
 -0.024062004061   0.020982866433  -0.004160744990
 -0.026270532098   0.032464316895   0.015412878734
 -0.028000534660   0.130107660995  -0.018623162380
 -0.001180850177  -2.660895153075  -0.552368770998
 -0.000904315832  -0.005169831126   0.028336235936
 -0.056587501955   0.049115237348   0.016962976645
  0.097031029936   0.050361911853   0.087058347625
 -0.090706531230   0.049588043398   0.084649481904
  0.051428338350   0.049063483254   0.018961675872
 -0.007568715857   0.000899618376   0.001432424959
  0.007999028834  -0.036921478936  -0.000157250851
 -0.003364358224  -0.028555678200  -0.005376313923
 -0.056088623663   0.013954514345  -0.012552580974
 -0.016965240769   0.006677851967   0.008981203185
 -0.020202821004  -0.019234613850  -0.012065278284
 -0.077672938873  -0.220709619860   0.053567862488
  0.060398612154  -0.081751933024   0.019617245777
 -0.001242955156   0.003957664599  -0.003510150481
  0.082103242545   0.103651378414  -0.112272243188
 -0.005352546756   0.049454195987   0.040991472240
  0.167044443808   0.034248987899   0.014969370572
 -0.573807634437   0.933747653266   0.367298393566
  0.079447965405   0.191751258450  -0.066713800288
  0.043112307712  -0.034161939207  -0.056841119572
  0.013605385406  -0.047714036108   0.027141153089
  0.157475289845   0.095595953416  -0.149239873951
  0.011165167971  -0.003813150123  -0.002966791919
 -0.041498341353   0.030399379977  -0.013098166377
 -0.121049545899   0.055209033388   0.069352829025
 -0.005305358673   0.003187835650  -0.011272369291
 -0.075320939223   0.104466966638  -0.102079725732
 -0.064435203659  -0.085509004550   0.017396073941
  0.081288454978  -0.218791610619   0.055820390845
  0.029795812868   0.003198985084  -0.003501057389
  0.007141319708  -0.016535292259  -0.001109063848
  0.030294003371   0.021008910233   0.006326799076
  0.029049113086  -0.035673323709  -0.023488287353
  0.001822823415  -0.006917135982  -0.007072677708
 -0.003200553172  -0.030136059737   0.009210745993
 -0.162948501759   0.096763671651  -0.151325946090
 -0.005856479606  -0.003887322694   0.000129575998
 -0.025730860407  -0.051605785864   0.003169137602
 -0.031753285175  -0.029923474144  -0.035285205239
 -0.080567419440   0.190999455792  -0.065849643966
  0.577730908637   0.935451774866   0.369117181132
   13    3  0.0000  0.0000  1.0000
 -0.034848430111   0.003238903070  -0.038787374487
 -0.010988273646   0.017291673576   0.040974423472
  0.003069591126   0.010442751992   0.096757379527
 -0.096561704166  -0.024248202311   0.142538354471
  0.010532682406   0.020191849310   0.000512695392
 -0.008033190426  -0.008004864295   0.006237055796
  0.019860736809  -0.008781806001  -0.037899179071
  0.026459531547   0.030370436208   0.040940813954
  0.000498912271  -0.018290460221  -0.001393851935
 -0.002975983762   0.029959103301   0.008219689202
  0.054172225743   0.016271702526   0.097912939364
  0.036437852693  -0.029413115290   0.142310713062
 -0.003437593402  -0.440371877721  -3.967660932861
  0.001633366354   0.035259895595   0.081870363181
  0.037914061529   0.086768312606  -0.097551004823
 -0.025756619419   0.024311796408  -0.091189600251
  0.017241190354   0.023402780415  -0.098557068913
 -0.026201272986   0.088598540209  -0.090277761764
 -0.019490352118  -0.008368636934  -0.018876927099
 -0.013414944691  -0.005293165563  -0.044066258374
 -0.001393852010   0.000932495597  -0.061937255832
  0.009484030517  -0.033187149043  -0.108210675833
  0.004347551489  -0.021720489963   0.000378594861
  0.023157579705  -0.010319263782   0.013214794372
  0.073541695442  -0.291358872658   0.412756935515
 -0.013818040647  -0.081549091839   0.074517825156
 -0.009971316745   0.003276505807  -0.001958777494
 -0.026307498291  -0.139619413629   0.026075943821
 -0.036196715021   0.087384509815   0.072583650750
  0.057039971415   0.016024844332   0.005595077382
 -0.799756451072   0.537624867097   1.144857325575
  0.129553719603   0.054185440328   0.040133008318
 -0.043365032509  -0.051238153428   0.063923237491
 -0.005194473312  -0.009698903504   0.017322621458
 -0.030129061003   0.022253629081   0.236247824667
  0.002663403295  -0.003654452924   0.001693840901
  0.046750818399   0.089708533244   0.109700665771
 -0.067083328888   0.018331302552  -0.029231452950
  0.002630748874  -0.001218466306   0.004777779840
  0.033396186724  -0.134550411493   0.020456739002
  0.011867290396  -0.081369881596   0.072591186419
 -0.073324616864  -0.293622803103   0.418975226800
 -0.020797175173  -0.028648255898   0.015847827500
 -0.007650455548  -0.004564128446  -0.001017057468
 -0.013913204932  -0.011966794110  -0.083093104215
  0.007819100117  -0.016062448995  -0.084063501111
  0.005185592721  -0.028122112267  -0.040084286726
  0.027621293443   0.015189415165  -0.024101545524
  0.035831911536   0.025092835050   0.233822920077
 -0.010037225278  -0.005222314851   0.004903698195
  0.007060458981  -0.038962595009   0.028426489877
  0.040498434191  -0.021871868536   0.053143661613
 -0.126373736741   0.057596065542   0.041375068665
  0.800750611085   0.537591810890   1.148361245283
   14    1  1.0000  0.0000  0.0000
  0.015068141400  -0.002461120889   0.023668197599
 -0.021491782740   0.011573200532   0.017965146728
  0.042598047558  -0.027642241665   0.036676538249
  0.059071728034  -0.026323745186   0.052002548350
  0.025554810210  -0.023904510524  -0.000603295278
  0.025327819882   0.030049492846  -0.001674936540
  0.014722250108  -0.008212764229  -0.008376898314
 -0.022990365825   0.000522036258  -0.032534503321
  0.024897653257  -0.017632126391  -0.004786559787
  0.025046870467   0.011722597497   0.007607083953
  0.042616330350   0.079675390175  -0.092518338264
  0.060200812029  -0.024748736818   0.001976437290
  0.616782463236  -0.001145679139   0.000768044425
 -3.968529500683  -0.000737130134  -0.003013625074
  0.028646918148   0.050792721126  -0.025815511524
  0.031381437281  -0.090758039698   0.019695552627
  0.028282586634   0.096947278346  -0.028861083056
  0.032440632493  -0.056876758713   0.036371684761
  0.017116354039   0.023977537600   0.013075128205
 -0.018896778622  -0.014163690069   0.000804665770
 -0.070489307777  -0.008752566677  -0.024685766664
  0.035265312191   0.010016682871   0.021560979267
  0.008864379254  -0.001073166265   0.010997049908
 -0.016791986912   0.012649461345  -0.006284630983
 -0.044493782317   0.169348480600  -0.102323554486
  0.012572233516  -0.301033138253   0.290085835937
 -0.047279902888   0.047679526598   0.025262018348
 -0.011925722960   0.002330135794  -0.011497466342
 -0.013160279447   0.016252578719   0.102123327974
 -0.105494217917   0.082479683284   0.073399659535
 -0.098507337874   0.094340538783  -0.058677030836
  1.816017601496  -0.888124582150  -1.035757366604
  0.010115816884   0.008354229845   0.015142595873
 -0.054986070252   0.013058601544  -0.012438873442
  0.000230214564  -0.031343294294   0.004378369728
  0.053266759077   0.197512650951  -0.054843898123
 -0.018104532276  -0.015038936312  -0.115694706220
 -0.099215945851  -0.086229187221  -0.057237325922
 -0.047033256037  -0.083106691911  -0.003091366258
 -0.013556002129   0.033581760447  -0.010580215923
  0.015933700208   0.304993306321  -0.294386071966
 -0.049742137154  -0.174941829827   0.103713698876
 -0.005158946504   0.013166805222  -0.001683834229
 -0.004224652561  -0.023619581612  -0.004676305619
 -0.079984512653  -0.001491583632   0.025770472103
  0.043728184127  -0.000652825858  -0.019998757854
 -0.025125993202   0.002183540802   0.013327786523
  0.023873721460  -0.013389730486  -0.026730048252
  0.000934031852   0.024449821108  -0.002609051091
  0.053171680509  -0.191186207646   0.051632632483
 -0.020835188401  -0.009197672819  -0.030047949556
 -0.024262406762  -0.010917649607   0.024589136981
  1.818918552292   0.887904436156   1.038885432297
 -0.100366432812  -0.090857306743   0.059948947739
   14    2  0.0000  1.0000  0.0000
 -0.008623657067   0.034473524376   0.034323693521
  0.000373993599   0.028897287890  -0.004444425960
  0.079970549824   0.130160542756  -0.022824818361
 -0.024968190662   0.032457427173   0.019618288556
 -0.017374829832   0.021045481967   0.030947551135
  0.011383655729   0.025417936323  -0.013830244577
 -0.002597502747   0.034258762462   0.021616576126
  0.011402611878   0.029158582702   0.007823204616
 -0.024064127358   0.020963945320  -0.004168389188
  0.030137347379   0.025745456257   0.021802129689
 -0.027998343898   0.130124863626  -0.018622301484
 -0.026275466737   0.032467938326   0.015415247985
 -0.000902570320  -0.005160124295   0.028341412090
 -0.001193428133  -2.661099831436  -0.552460103598
  0.097028217187   0.050359839910   0.087055316718
 -0.056589493500   0.049107053329   0.016962487309
  0.051433276523   0.049060059944   0.018958416046
 -0.090708352393   0.049581331699   0.084647438244
  0.007998004641  -0.036913883071  -0.000148030303
 -0.007566901679   0.000895404850   0.001427907591
 -0.056080171536   0.013944166489  -0.012544464928
 -0.003368550334  -0.028552676865  -0.005371804988
 -0.020203064989  -0.019225985773  -0.012061235121
 -0.016963028524   0.006692938023   0.008981400462
  0.060394340095  -0.081760865193   0.019624772370
 -0.077684572641  -0.220738889064   0.053596402645
  0.082109894473   0.103691033962  -0.112261063986
 -0.001240696042   0.003951551466  -0.003512968529
  0.167064501856   0.034277647040   0.014969062303
 -0.005357190103   0.049467294596   0.041008189477
  0.079459336025   0.191760467224  -0.066713290654
 -0.573829883494   0.933764495555   0.367253751017
  0.013598004261  -0.047717171158   0.027141131538
  0.043110427321  -0.034157811264  -0.056848043506
  0.011162728928  -0.003809824536  -0.002961855227
  0.157488902830   0.095577960047  -0.149245846603
 -0.121060104960   0.055218146915   0.069361415522
 -0.041499842831   0.030409412040  -0.013090157815
 -0.075336742032   0.104491042393  -0.102099502699
 -0.005306022612   0.003199025702  -0.011268428436
  0.081289028635  -0.218789095555   0.055846457878
 -0.064436756680  -0.085498550797   0.017401873203
  0.007142536574  -0.016530842841  -0.001106015407
  0.029784214135   0.003215912205  -0.003504660627
  0.029045137933  -0.035669181964  -0.023484131971
  0.030305492197   0.020996995445   0.006330416823
 -0.003200817363  -0.030137837502   0.009214248351
  0.001826996512  -0.006918818255  -0.007069224233
 -0.005859298309  -0.003877225527   0.000135564872
 -0.162952822847   0.096766036177  -0.151335337476
 -0.031751099782  -0.029918595018  -0.035277899541
 -0.025722638720  -0.051606170725   0.003164233862
  0.577772265840   0.935478975942   0.369136100892
 -0.080565296255   0.191004840709  -0.065850445623
   14    3  0.0000  0.0000  1.0000
 -0.010989093425   0.017280681896   0.040977742081
 -0.034850341081   0.003225627059  -0.038779656448
 -0.096562179419  -0.024253304404   0.142542913399
  0.003071825119   0.010445308727   0.096754096832
 -0.008027815921  -0.008003793024   0.006237354790
  0.010535141583   0.020191292619   0.000515585943
  0.026461717546   0.030363355662   0.040949180825
  0.019862678181  -0.008791537108  -0.037903646353
 -0.002972962196   0.029958812970   0.008223758060
  0.000503330878  -0.018284729620  -0.001393775106
  0.036434282872  -0.029422478897   0.142317532629
  0.054175037075   0.016270372893   0.097907137178
  0.001630510152   0.035239396557   0.081870510044
 -0.003512532307  -0.440205084101  -3.967812129481
 -0.025761151739   0.024311899072  -0.091184261035
  0.037923434453   0.086764970923  -0.097540853358
 -0.026201944038   0.088589223454  -0.090264901200
  0.017242385648   0.023397972228  -0.098556361114
 -0.013419320944  -0.005294132224  -0.044064159075
 -0.019484685904  -0.008367987962  -0.018856683273
  0.009484530447  -0.033180879039  -0.108212046173
 -0.001394875736   0.000925258401  -0.061936894037
  0.023150704763  -0.010330290557   0.013215669437
  0.004354882164  -0.021718836444   0.000380072413
 -0.013816660378  -0.081557617719   0.074518774142
  0.073522490242  -0.291388295825   0.412730528523
 -0.026308886649  -0.139630370864   0.026072522161
 -0.009968614830   0.003276452466  -0.001959436216
  0.057063203708   0.016055060320   0.005588216623
 -0.036197167307   0.087377357052   0.072578837480
  0.129567316775   0.054195592869   0.040138258387
 -0.799784163836   0.537608557719   1.144854124426
 -0.005192414852  -0.009705939733   0.017327472358
 -0.043364604546  -0.051241771641   0.063934648281
  0.002663573350  -0.003659255838   0.001697026744
 -0.030123231578   0.022252517102   0.236269551741
 -0.067098116680   0.018348654258  -0.029237866306
  0.046759982006   0.089711697871   0.109702975609
  0.033396818295  -0.134562422033   0.020468101923
  0.002629862091  -0.001220246113   0.004772362281
 -0.073324239493  -0.293635043075   0.418958039910
  0.011873298137  -0.081381691931   0.072593758536
 -0.007646614586  -0.004569715443  -0.001011517274
 -0.020794163237  -0.028647789629   0.015852148505
  0.007813557414  -0.016055573858  -0.084077627917
 -0.013917818184  -0.011977574026  -0.083085595391
  0.027622188972   0.015188803541  -0.024093577089
  0.005193814706  -0.028122841685  -0.040078627957
 -0.010033639260  -0.005226907836   0.004900665195
  0.035826726443   0.025081719793   0.233832766354
  0.040500142704  -0.021877526960   0.053145163538
  0.007062525230  -0.038972386953   0.028446109428
  0.800787730750   0.537638850752   1.148378469694
 -0.126366453578   0.057586588336   0.041397539333
   15    1  1.0000  0.0000  0.0000
  0.025325278707   0.030063925403  -0.001672271159
  0.025545626542  -0.023895568243  -0.000602679474
 -0.021493980960   0.011576693582   0.017964775859
  0.015064199417  -0.002464185215   0.023665498402
  0.059071262382  -0.026316354342   0.052002160653
  0.042595359428  -0.027636362752   0.036681058220
  0.060191049236  -0.024748180612   0.001973345445
  0.042607079500   0.079671125432  -0.092524044088
 -0.022993216594   0.000525726828  -0.032536430219
  0.014716371820  -0.008205307250  -0.008383069617
  0.025044943769   0.011725299933   0.007609372111
  0.024892444796  -0.017621775923  -0.004781973435
  0.032440615392  -0.056865892501   0.036374319310
  0.028276482978   0.096956645890  -0.028862594967
 -3.968251953869  -0.001046788152  -0.003101970170
  0.616778297570  -0.001142811773   0.000764717919
  0.031375491889  -0.090751209698   0.019698614013
  0.028646419213   0.050802796495  -0.025806500931
 -0.016802265182   0.012658624590  -0.006289845895
  0.008860576263  -0.001073114551   0.011001625311
 -0.018902615634  -0.014150485205   0.000800194785
  0.017113453713   0.023985709237   0.013077368085
  0.035261488619   0.010015755455   0.021553862705
 -0.070494797370  -0.008737233051  -0.024681260664
 -0.105501606342   0.082485269930   0.073404498084
 -0.013170866294   0.016259312291   0.102119769498
  0.012561954577  -0.301041203747   0.290086090734
 -0.044499904466   0.169357334469  -0.102320152258
 -0.011932990876   0.002333002042  -0.011503513403
 -0.047282922705   0.047686380182   0.025285472260
  0.053257669896   0.197516674701  -0.054835110223
  0.000229522774  -0.031335668910   0.004380898133
  1.815990691621  -0.888118244192  -1.035726841580
 -0.098509253085   0.094353969285  -0.058668780648
 -0.054979523204   0.013060873426  -0.012430217215
  0.010118238399   0.008361316144   0.015143035746
 -0.049742274181  -0.174934479577   0.103709878013
  0.015932438142   0.304988499576  -0.294390488146
 -0.099220719650  -0.086225762238  -0.057240176824
 -0.018112352250  -0.015016239923  -0.115698827955
 -0.013563393164   0.033592504434  -0.010574273851
 -0.047043888849  -0.083118399020  -0.003106871426
  0.023869878072  -0.013385220235  -0.026729983287
 -0.025129642755   0.002190640392   0.013330463682
 -0.004223584373  -0.023609126338  -0.004680617232
 -0.005165185789   0.013176813993  -0.001687686405
  0.043715462235  -0.000645063568  -0.020000946917
 -0.079991586299  -0.001485891667   0.025769549030
 -0.100375895884  -0.090847301000   0.059952180776
  1.818916655630   0.887893016391   1.038926148264
  0.053167422315  -0.191173612455   0.051623463886
  0.000926828356   0.024455208878  -0.002607933111
 -0.024265878254  -0.010915288403   0.024593523949
 -0.020842905224  -0.009186348436  -0.030046823771
   15    2  0.0000  1.0000  0.0000
  0.011388491442   0.025422768544  -0.013828479568
 -0.017366919783   0.021054533222   0.030945310679
  0.000381288274   0.028906652588  -0.004438574928
 -0.008619267180   0.034481986111   0.034317738305
 -0.024963021702   0.032460549697   0.019621750545
  0.079976471324   0.130164621442  -0.022829374909
 -0.026264813780   0.032474276804   0.015414072736
 -0.027994113412   0.130137448053  -0.018622118227
  0.011405184786   0.029166783710   0.007824981190
 -0.002590247386   0.034262508786   0.021620288121
  0.030148719834   0.025753757721   0.021805030655
 -0.024055818353   0.020969829923  -0.004166136914
 -0.090702291464   0.049581048410   0.084640311253
  0.051436542417   0.049068589328   0.018958768053
 -0.001542818445  -2.661433280999  -0.552456256190
 -0.000902755595  -0.005162329698   0.028334962262
 -0.056582376275   0.049116811948   0.016963411629
  0.097035765531   0.050360096128   0.087054168269
 -0.016957196972   0.006693144862   0.008977728603
 -0.020198736674  -0.019224703402  -0.012068799643
 -0.007565990387   0.000903229362   0.001429214866
  0.008006255129  -0.036907972745  -0.000150469345
 -0.003358276019  -0.028541046641  -0.005374481342
 -0.056080597309   0.013955596448  -0.012544457739
 -0.005350232231   0.049476624162   0.040994966835
  0.167071296721   0.034293656623   0.014957413706
 -0.077680141607  -0.220719886705   0.053601403415
  0.060398947114  -0.081751006371   0.019626082801
 -0.001237090147   0.003960263809  -0.003509525341
  0.082111785481   0.103687482177  -0.112299876564
  0.157483534060   0.095595191100  -0.149262647806
  0.011175861809  -0.003802404986  -0.002962306745
 -0.573803574846   0.933755800725   0.367257181207
  0.079469777214   0.191771190840  -0.066711779653
  0.043127409335  -0.034149999619  -0.056852001681
  0.013600889884  -0.047708973895   0.027136061845
 -0.064431268375  -0.085499287385   0.017409394419
  0.081293891923  -0.218783858372   0.055845964079
 -0.041491424668   0.030419844769  -0.013084546270
 -0.121043421014   0.055208991146   0.069369453056
 -0.005294022683   0.003202391473  -0.011269750560
 -0.075327618265   0.104516057358  -0.102068103804
  0.001830429788  -0.006917477204  -0.007072104365
 -0.003198360644  -0.030125180466   0.009210797850
  0.029793695924   0.003214342555  -0.003492282474
  0.007149338832  -0.016519747077  -0.001110894805
  0.030311711024   0.021008680900   0.006327358255
  0.029056356338  -0.035662898620  -0.023488167284
 -0.080561644558   0.191015626758  -0.065845589742
  0.577772058070   0.935469859243   0.369167574265
 -0.162943513231   0.096757294340  -0.151326068171
 -0.005854270747  -0.003875496388   0.000131963233
 -0.025722244215  -0.051595397948   0.003166919470
 -0.031741634289  -0.029906582546  -0.035275477532
   15    3  0.0000  0.0000  1.0000
  0.010538523518   0.020182844420   0.000510782219
 -0.008026382832  -0.007997477132   0.006229419459
 -0.034845284905   0.003224133199  -0.038781631758
 -0.010986944203   0.017275865003   0.040975959837
  0.003071533725   0.010439217618   0.096749144169
 -0.096552436213  -0.024260549552   0.142537307787
  0.054178938368   0.016279198149   0.097912736059
  0.036435301394  -0.029424360953   0.142312287300
  0.019858518069  -0.008791074227  -0.037888932618
  0.026463523472   0.030375517608   0.040946292543
  0.000501371882  -0.018277446304  -0.001394703132
 -0.002968617474   0.029959526402   0.008226297050
  0.017245366545   0.023396392256  -0.098553988353
 -0.026209437990   0.088589534864  -0.090268604691
 -0.003577886637  -0.440245139158  -3.967836382739
  0.001625390701   0.035243518827   0.081867071831
  0.037916036232   0.086762884506  -0.097535324792
 -0.025763667917   0.024315392759  -0.091180402761
  0.004349580023  -0.021718525092   0.000381675879
  0.023152559311  -0.010328755244   0.013220004662
 -0.019480756705  -0.008359741062  -0.018865460606
 -0.013420041327  -0.005287731788  -0.044071910493
 -0.001388043656   0.000931501019  -0.061933983242
  0.009486675580  -0.033183067204  -0.108213727228
 -0.036200783631   0.087376449513   0.072598400826
  0.057043935663   0.016032342256   0.005598408286
  0.073524255035  -0.291390228791   0.412737947898
 -0.013827285013  -0.081558430086   0.074529076378
 -0.009973476873   0.003268096056  -0.001955985299
 -0.026317208213  -0.139624074648   0.026097585855
 -0.030115457990   0.022243951695   0.236264178339
  0.002670884129  -0.003657562167   0.001682074251
 -0.799771326709   0.537631403529   1.144850125419
  0.129583552015   0.054211255971   0.040139984906
 -0.043355315648  -0.051245787407   0.063926174064
 -0.005184652301  -0.009701607865   0.017321426597
  0.011863905695  -0.081374082164   0.072574911965
 -0.073325145821  -0.293615225462   0.418948518235
  0.046749726686   0.089708321771   0.109693641981
 -0.067092327497   0.018335033184  -0.029237178645
  0.002621773033  -0.001218818975   0.004765172220
  0.033388313156  -0.134571063509   0.020446779537
  0.005188830168  -0.028130504025  -0.040079458044
  0.027631205306   0.015190584312  -0.024100633728
 -0.020791956236  -0.028652244716   0.015856833371
 -0.007647605911  -0.004575432953  -0.001010898211
 -0.013911502873  -0.011975389813  -0.083084488571
  0.007814867220  -0.016062755377  -0.084061604173
 -0.126364194303   0.057579925942   0.041408835915
  0.800811254911   0.537642270448   1.148408460609
  0.035844769911   0.025095708583   0.233834519121
 -0.010028503719  -0.005219528823   0.004909572876
  0.007061906764  -0.038971000158   0.028448149518
  0.040503744088  -0.021873265239   0.053145542123
   16    1  1.0000  0.0000  0.0000
  0.025542759199  -0.023897399621  -0.000602737924
  0.025325398422   0.030056649102  -0.001679881708
  0.015064976947  -0.002464020521   0.023667832603
 -0.021502146536   0.011588978394   0.017966788076
  0.042593702840  -0.027624271815   0.036679936720
  0.059071370442  -0.026317033199   0.051998670585
  0.042609420082   0.079684800802  -0.092516067818
  0.060191995236  -0.024746708826   0.001973091086
  0.014723399811  -0.008199751813  -0.008375487110
 -0.022992823658   0.000531043051  -0.032535740399
  0.024887561525  -0.017628599733  -0.004788277170
  0.025044395342   0.011725168200   0.007609501349
  0.028276148127   0.096942620967  -0.028861722442
  0.032437685299  -0.056877851205   0.036370226049
  0.616776214753  -0.001136611552   0.000776312664
 -3.968204504675  -0.001070562648  -0.003067565259
  0.028643269711   0.050795320512  -0.025814586023
  0.031372700485  -0.090751379408   0.019696434502
  0.008865912250  -0.001060583598   0.010998567260
 -0.016795698860   0.012662518927  -0.006278855867
  0.017115770328   0.023985544841   0.013083108046
 -0.018897015448  -0.014154332189   0.000804854846
 -0.070493823974  -0.008747374408  -0.024686884957
  0.035258356161   0.010016896131   0.021561978688
 -0.013167770552   0.016236767967   0.102137653041
 -0.105503369204   0.082478119096   0.073406854487
 -0.044496541461   0.169360855548  -0.102308257538
  0.012569953452  -0.301023883880   0.290090386615
 -0.047271051571   0.047702606263   0.025277605057
 -0.011929771328   0.002330908674  -0.011493576654
  0.000231617922  -0.031337191381   0.004389834255
  0.053255667086   0.197502615029  -0.054838371711
 -0.098516783812   0.094339663432  -0.058669850987
  1.816000758260  -0.888098491388  -1.035758717678
  0.010109166968   0.008350585660   0.015145332273
 -0.054985451415   0.013056050230  -0.012434342325
  0.015931272781   0.304996168380  -0.294377423482
 -0.049741003896  -0.174927318365   0.103716134847
 -0.018135060074  -0.015021214887  -0.115691341057
 -0.099224147008  -0.086221447159  -0.057237617091
 -0.047042433288  -0.083101806744  -0.003107286191
 -0.013567963504   0.033588470909  -0.010573578809
 -0.025129230903   0.002191636968   0.013335490908
  0.023868571750  -0.013384026317  -0.026733416604
 -0.005163728708   0.013173571726  -0.001685657870
 -0.004234067844  -0.023610339091  -0.004681643838
 -0.079998533151  -0.001491618475   0.025779609752
  0.043727353845  -0.000652498769  -0.020004356602
  1.818898720564   0.887933749798   1.038842359764
 -0.100377349980  -0.090861728775   0.059951424324
  0.000921648981   0.024462292336  -0.002610300347
  0.053165434627  -0.191187761681   0.051622022664
 -0.020843504616  -0.009187875643  -0.030047049187
 -0.024267427729  -0.010909919855   0.024578584191
   16    2  0.0000  1.0000  0.0000
 -0.017370324226   0.021064495104   0.030951352137
  0.011385254873   0.025431174038  -0.013831624076
 -0.008620546721   0.034467100130   0.034314529974
  0.000383126366   0.028899858440  -0.004443351739
  0.079982355447   0.130149552124  -0.022831750920
 -0.024963451840   0.032455101932   0.019621617205
 -0.027994062653   0.130116455194  -0.018623675790
 -0.026272121170   0.032470732903   0.015417039202
 -0.002585451110   0.034252700007   0.021619575302
  0.011402968628   0.029161017773   0.007821605590
 -0.024055621308   0.020984710507  -0.004161048088
  0.030144806363   0.025759233697   0.021807402714
  0.051433128006   0.049067477822   0.018957475244
 -0.090701729637   0.049595319860   0.084648244343
 -0.000892997012  -0.005165733955   0.028339830149
 -0.001500528323  -2.661208162110  -0.552387375484
  0.097030618133   0.050364816645   0.087058003270
 -0.056573957917   0.049111274981   0.016966574897
 -0.020198890036  -0.019223597254  -0.012057935701
 -0.016954420655   0.006680580814   0.008982224617
  0.008004267857  -0.036919010254  -0.000155385698
 -0.007559752495   0.000899114535   0.001435560626
 -0.056081445664   0.013964135754  -0.012553950661
 -0.003352900002  -0.028546870642  -0.005377785435
  0.167054255595   0.034257117176   0.014975507119
 -0.005348380967   0.049459727575   0.041000309995
  0.060403323476  -0.081751619158   0.019614755687
 -0.077670733584  -0.220710731685   0.053570727114
  0.082107863646   0.103657958773  -0.112263441417
 -0.001233383481   0.003962266331  -0.003513405111
  0.011173796259  -0.003802140828  -0.002969328962
  0.157482585789   0.095601180047  -0.149241715612
  0.079447592973   0.191747600817  -0.066705732389
 -0.573814637178   0.933763185039   0.367290162819
  0.013608140362  -0.047704669042   0.027140018140
  0.043116101428  -0.034158595967  -0.056844355053
  0.081307167993  -0.218782899977   0.055830606263
 -0.064423894876  -0.085497881928   0.017399428314
 -0.121046976995   0.055216937630   0.069348331583
 -0.041492916423   0.030405945573  -0.013097539793
 -0.075312444277   0.104477644627  -0.102081131716
 -0.005296917998   0.003199966822  -0.011273739541
 -0.003190676531  -0.030137201286   0.009209635005
  0.001826260412  -0.006911040468  -0.007073021719
  0.007150597186  -0.016529659623  -0.001109777197
  0.029797262672   0.003209555568  -0.003501359734
  0.029051090074  -0.035665888098  -0.023485462301
  0.030302680713   0.021010958757   0.006324808020
  0.577740497054   0.935469459034   0.369107268154
 -0.080559277726   0.190997676700  -0.065849458757
 -0.005852590397  -0.003876980920   0.000131120270
 -0.162943089547   0.096774475534  -0.151338251479
 -0.031751615941  -0.029912639943  -0.035280692558
 -0.025720004617  -0.051601185125   0.003168583177
   16    3  0.0000  0.0000  1.0000
 -0.008023253298  -0.008010471762   0.006227457068
  0.010533345417   0.020178276905   0.000509337915
 -0.010988006172   0.017278487205   0.040969281050
 -0.034845235165   0.003238701394  -0.038787086268
 -0.096556143502  -0.024254464792   0.142541954686
  0.003073397339   0.010435525496   0.096754381152
  0.036431140578  -0.029401326854   0.142320121753
  0.054177884817   0.016279688888   0.097913421491
  0.026460916855   0.030374038375   0.040949155639
  0.019856794577  -0.008787929669  -0.037876821114
 -0.002972879762   0.029959800954   0.008222060102
  0.000501348705  -0.018278282270  -0.001394814886
 -0.026207820105   0.088580316711  -0.090277663826
  0.017241732728   0.023399438773  -0.098552880958
  0.001624214272   0.035247644173   0.081865561412
 -0.003496049457  -0.440335808835  -3.967826644181
 -0.025761421883   0.024311429542  -0.091181100959
  0.037914754994   0.086762192246  -0.097543399994
  0.023156200704  -0.010318959102   0.013219305701
  0.004348584303  -0.021710783873   0.000378671932
 -0.013417927687  -0.005286549619  -0.044063811338
 -0.019489303797  -0.008369466797  -0.018872104696
  0.009478801948  -0.033179735458  -0.108211448897
 -0.001396611148   0.000931672036  -0.061935974639
  0.057052577203   0.016034602802   0.005611470870
 -0.036207906322   0.087376201961   0.072588040544
 -0.013831589352  -0.081563306447   0.074533711676
  0.073532510968  -0.291363040682   0.412751440185
 -0.026308941610  -0.139622179913   0.026081563435
 -0.009971637883   0.003272767042  -0.001950794160
  0.002670755537  -0.003660611168   0.001692491141
 -0.030114826892   0.022240031012   0.236251023734
  0.129573300326   0.054201380660   0.040145208856
 -0.799776225300   0.537635213744   1.144863962735
 -0.005185715470  -0.009704155028   0.017315827416
 -0.043359661355  -0.051243698134   0.063926707659
 -0.073315679952  -0.293630255914   0.418954767161
  0.011854126714  -0.081376458780   0.072585263734
 -0.067090290465   0.018344394640  -0.029241729206
  0.046752598461   0.089711759142   0.109697807286
  0.033377453186  -0.134547568441   0.020452066120
  0.002623808063  -0.001220693342   0.004765490314
  0.027626708211   0.015188294583  -0.024088213574
  0.005192269462  -0.028127632756  -0.040078052692
 -0.007649590464  -0.004568928067  -0.001012900380
 -0.020790998632  -0.028652118085   0.015857795089
  0.007816555443  -0.016065075238  -0.084067981431
 -0.013914415315  -0.011976021020  -0.083080065283
  0.800809547000   0.537633011923   1.148380260753
 -0.126376455542   0.057604276783   0.041388208195
 -0.010031076196  -0.005224490888   0.004906182655
  0.035837000833   0.025093182364   0.233835615011
  0.040499056351  -0.021869274749   0.053148814184
  0.007062277730  -0.038963041670   0.028439059827
   17    1  1.0000  0.0000  0.0000
  0.059075010526  -0.026316746462   0.052001693176
  0.042604887387  -0.027628243053   0.036679593620
  0.025334190626   0.030054788885  -0.001676870064
  0.025553274687  -0.023902365753  -0.000604121474
 -0.021494353322   0.011579275507   0.017977280058
  0.015074160818  -0.002452376734   0.023670177187
  0.025045956594   0.011725668230   0.007603857247
  0.024900911920  -0.017626984419  -0.004786828197
  0.060197521441  -0.024743323026   0.001966324022
  0.042620696279   0.079687110814  -0.092512463562
 -0.022982151154   0.000528307372  -0.032531815286
  0.014728456358  -0.008199059743  -0.008377389764
  0.031380366502  -0.090755460911   0.019701700741
  0.028652638041   0.050799395345  -0.025817176774
  0.032444695425  -0.056873176272   0.036368105632
  0.028281755349   0.096950132798  -0.028863801501
 -3.968634284988  -0.001102450330  -0.003088003121
  0.616783995770  -0.001137251238   0.000776232234
  0.035263415197   0.010017442722   0.021561097237
 -0.070483116019  -0.008744371330  -0.024679883445
 -0.016787641657   0.012662776571  -0.006283291600
  0.008866817290  -0.001064126158   0.011001101853
 -0.018893025769  -0.014162952362   0.000804032104
  0.017119483351   0.023987844821   0.013078922322
 -0.011925164366   0.002335095038  -0.011495450088
 -0.047265929008   0.047697536974   0.025275068666
 -0.105497496329   0.082479232412   0.073409311910
 -0.013151007863   0.016253213031   0.102144862636
  0.012572196659  -0.301030182820   0.290084593801
 -0.044488237787   0.169357472485  -0.102311491121
 -0.054984904540   0.013058737192  -0.012430635152
  0.010117530026   0.008358043759   0.015146227966
  0.053271753118   0.197505526155  -0.054832663216
  0.000236274971  -0.031337433932   0.004386889957
  1.816016255281  -0.888089077607  -1.035767060323
 -0.098509835042   0.094338521502  -0.058669344941
 -0.013561472462   0.033591418584  -0.010569604009
 -0.047038892022  -0.083105234293  -0.003100943161
 -0.049740350464  -0.174935863425   0.103720147053
  0.015933235484   0.304995533461  -0.294380894541
 -0.099209395092  -0.086216473098  -0.057238352936
 -0.018119795579  -0.015015283531  -0.115696992679
  0.043733791879  -0.000652936723  -0.019999565538
 -0.079993228000  -0.001490597863   0.025778172309
  0.023882139375  -0.013384773978  -0.026731590430
 -0.025124493977   0.002190576246   0.013330594352
 -0.004226552129  -0.023608977445  -0.004678080010
 -0.005153085971   0.013173246946  -0.001685183527
 -0.024260890397  -0.010909363298   0.024583172595
 -0.020836626980  -0.009187838718  -0.030050168646
 -0.100361045957  -0.090860135991   0.059950130398
  1.818922142515   0.887938718865   1.038844634219
  0.053176351362  -0.191189819529   0.051623499395
  0.000933072643   0.024457264328  -0.002607757587
   17    2  0.0000  1.0000  0.0000
 -0.024961773045   0.032452572722   0.019621191762
  0.079983747333   0.130156076310  -0.022828418221
  0.011389740910   0.025429164017  -0.013826257243
 -0.017368861686   0.021058674911   0.030950474766
  0.000380826682   0.028897785786  -0.004443476209
 -0.008613840279   0.034472324688   0.034322451252
  0.030144589888   0.025752108673   0.021800557260
 -0.024052071643   0.020978706896  -0.004162030374
 -0.026268205240   0.032472602344   0.015412659029
 -0.027987038009   0.130125130567  -0.018625364432
  0.011406137645   0.029166015915   0.007817934396
 -0.002586415379   0.034259948143   0.021617708748
 -0.056575769936   0.049111472488   0.016967958517
  0.097033551888   0.050367962328   0.087058789418
 -0.090697339042   0.049594659881   0.084651440097
  0.051434487713   0.049067735886   0.018957734590
 -0.001595010583  -2.661365386633  -0.552443667296
 -0.000892925669  -0.005157578051   0.028336355150
 -0.003358786129  -0.028554474471  -0.005377685134
 -0.056078351730   0.013957842865  -0.012548548552
 -0.016955978347   0.006690632654   0.008985574617
 -0.020193693313  -0.019215355815  -0.012057211424
 -0.007556664039   0.000903857772   0.001431413916
  0.008003332090  -0.036914572935  -0.000145118600
 -0.001238395958   0.003962898785  -0.003510643952
  0.082123348708   0.103695635191  -0.112242400292
 -0.005346783916   0.049468581975   0.041003437965
  0.167062253486   0.034271351568   0.014969645967
 -0.077683494106  -0.220739715979   0.053579716393
  0.060403524561  -0.081753507913   0.019617608409
  0.043124253797  -0.034153424672  -0.056841597024
  0.013612446783  -0.047704276992   0.027136501396
  0.157487830013   0.095593540249  -0.149232482247
  0.011175861914  -0.003807902866  -0.002964467048
 -0.573825255263   0.933773510422   0.367271946233
  0.079459113795   0.191761080076  -0.066704174073
 -0.005298718014   0.003202895690  -0.011268680034
 -0.075331356758   0.104473021298  -0.102110754271
 -0.064431858840  -0.085487702895   0.017402957502
  0.081295907894  -0.218784567843   0.055841412671
 -0.041494232985   0.030416602683  -0.013094120779
 -0.121053013444   0.055230554415   0.069351389650
  0.030312174683   0.021007947380   0.006331368146
  0.029054781916  -0.035664886764  -0.023489697017
  0.001835572322  -0.006906665327  -0.007062954037
 -0.003186607524  -0.030132735222   0.009213033953
  0.029793364223   0.003218049296  -0.003503534653
  0.007152507159  -0.016534299605  -0.001109112196
 -0.025715414836  -0.051598291752   0.003167929666
 -0.031746073963  -0.029913860947  -0.035284452723
 -0.080565019473   0.191009212908  -0.065850062782
  0.577769573897   0.935488924900   0.369125359309
 -0.162935732305   0.096775921666  -0.151349484376
 -0.005844247847  -0.003875796666   0.000131844211
   17    3  0.0000  0.0000  1.0000
  0.003070508409   0.010437606245   0.096744434376
 -0.096563156264  -0.024259237233   0.142541717131
  0.010532608910   0.020184822913   0.000508554186
 -0.008030158917  -0.008015818043   0.006226800387
 -0.034851658357   0.003228989884  -0.038796508520
 -0.010990028695   0.017280877452   0.040966514089
  0.000501778188  -0.018282559864  -0.001392463453
 -0.002972881024   0.029957651958   0.008216353591
  0.054173994275   0.016272083356   0.097906399235
  0.036434957340  -0.029417857018   0.142309854896
  0.019860308896  -0.008791716619  -0.037900011648
  0.026461959137   0.030361594949   0.040946702871
  0.037921300563   0.086763191289  -0.097557363956
 -0.025754650866   0.024306650178  -0.091192121049
  0.017239280271   0.023401716716  -0.098557605503
 -0.026213325452   0.088585783352  -0.090271200774
 -0.003506279320  -0.440166993979  -3.967530049882
  0.001627176657   0.035246401629   0.081862426787
 -0.001389596439   0.000929667530  -0.061939459899
  0.009482549305  -0.033183658163  -0.108216735786
  0.004353792509  -0.021714230960   0.000376667020
  0.023153053800  -0.010330018794   0.013208151073
 -0.019485925735  -0.008365540661  -0.018867326867
 -0.013421033206  -0.005295397397  -0.044075868234
 -0.009962287811   0.003281579216  -0.001964230936
 -0.026308214755  -0.139633183507   0.026067587494
 -0.036202138317   0.087381733330   0.072569780668
  0.057064396960   0.016046360612   0.005593557850
  0.073532247914  -0.291365457652   0.412733010800
 -0.013822330860  -0.081561182669   0.074509990543
 -0.043366046526  -0.051253246398   0.063928638687
 -0.005188090614  -0.009704886693   0.017317099878
 -0.030115216694   0.022251627435   0.236259920783
  0.002655905037  -0.003664308094   0.001691663490
 -0.799768490523   0.537608229534   1.144857684698
  0.129568744389   0.054178393519   0.040146562608
  0.002631635881  -0.001219989818   0.004763295651
  0.033395596001  -0.134564700942   0.020462868916
  0.011867194935  -0.081380912747   0.072584065287
 -0.073320037800  -0.293627076757   0.418953406677
  0.046755055881   0.089702704199   0.109699551353
 -0.067093464976   0.018344171554  -0.029241657624
 -0.013919826498  -0.011975868075  -0.083086579286
  0.007812241556  -0.016066563546  -0.084087624395
  0.005189918473  -0.028118840338  -0.040085125610
  0.027623629173   0.015185429937  -0.024100215524
 -0.020790980105  -0.028654105303   0.015849659634
 -0.007651126821  -0.004570430621  -0.001018444017
  0.007068641363  -0.038972907527   0.028437261259
  0.040500315401  -0.021880561628   0.053137153396
 -0.126373293093   0.057590068190   0.041383978535
  0.800789898280   0.537653322570   1.148367735950
  0.035833645760   0.025080103719   0.233847963004
 -0.010042095599  -0.005223510224   0.004903580160
   18    1  1.0000  0.0000  0.0000
  0.042600579257  -0.027624559170   0.036675035934
  0.059077238490  -0.026309358001   0.051999315266
  0.025550771392  -0.023898343053  -0.000600184527
  0.025338920510   0.030062024228  -0.001675642641
  0.015070926723  -0.002459464797   0.023665748332
 -0.021491127406   0.011584523558   0.017969894226
  0.024898306795  -0.017631538127  -0.004786873764
  0.025052738176   0.011729742167   0.007603848232
  0.042616277781   0.079679332622  -0.092517931176
  0.060199604053  -0.024753751732   0.001975709404
  0.014725368737  -0.008198058181  -0.008385113622
 -0.022978155289   0.000531382080  -0.032539532852
  0.028655397039   0.050792964371  -0.025814187074
  0.031385214291  -0.090756812617   0.019694227311
  0.028286995692   0.096948374466  -0.028870154387
  0.032442880699  -0.056868261634   0.036374853964
  0.616788026515  -0.001136494477   0.000766431679
 -3.968563714534  -0.001113350217  -0.003038291061
 -0.070487903756  -0.008735906591  -0.024690121137
  0.035269796856   0.010022099890   0.021563410943
  0.008873234711  -0.001063461931   0.011005653898
 -0.016794535699   0.012659180849  -0.006283967299
  0.017117559307   0.023989613790   0.013081806048
 -0.018889590126  -0.014152549918   0.000802906423
 -0.047272958035   0.047695105578   0.025291215494
 -0.011931097516   0.002328468751  -0.011499826374
 -0.013181127497   0.016231660487   0.102132564784
 -0.105494866520   0.082480084334   0.073410958345
 -0.044492557086   0.169356090591  -0.102314806246
  0.012588145306  -0.301020657953   0.290083931505
  0.010120553729   0.008360750381   0.015148363587
 -0.054986314043   0.013065889153  -0.012435460540
  0.000232148832  -0.031337390334   0.004387103611
  0.053265954699   0.197510950063  -0.054839044609
 -0.098516457072   0.094342478282  -0.058672830711
  1.815991379668  -0.888093904152  -1.035736887119
 -0.047027328925  -0.083108494318  -0.003112805576
 -0.013559431113   0.033588954305  -0.010572969923
  0.015947890482   0.304996911444  -0.294381864319
 -0.049734572019  -0.174928846291   0.103708454352
 -0.018122773113  -0.015008685015  -0.115698672357
 -0.099217415920  -0.086220385069  -0.057246000115
 -0.079989842850  -0.001491991388   0.025785160517
  0.043727923462  -0.000649119986  -0.020002892937
 -0.025118749517   0.002188141223   0.013330072322
  0.023874282304  -0.013380891313  -0.026734327456
 -0.005153313714   0.013175105072  -0.001689016208
 -0.004224661194  -0.023608834529  -0.004676971591
 -0.020837318300  -0.009188403970  -0.030051559089
 -0.024264767470  -0.010911259143   0.024580616637
  1.818891122476   0.887897192672   1.038866298005
 -0.100375570768  -0.090851356697   0.059952310407
  0.000935714976   0.024459399131  -0.002612558380
  0.053181196523  -0.191174288882   0.051624601868
   18    2  0.0000  1.0000  0.0000
  0.079983865168   0.130148698108  -0.022827275426
 -0.024961863414   0.032456140508   0.019625329896
 -0.017360756343   0.021057499844   0.030954067574
  0.011391683780   0.025429339484  -0.013834015617
 -0.008619854948   0.034481485573   0.034316062382
  0.000381823857   0.028902094652  -0.004443643816
 -0.024049221418   0.020983636123  -0.004161740953
  0.030149656639   0.025767844818   0.021799353518
 -0.027989701539   0.130127256260  -0.018626829504
 -0.026266670611   0.032478016325   0.015413862765
 -0.002589413501   0.034266012673   0.021611401622
  0.011411475510   0.029165514483   0.007816447669
  0.097033709496   0.050361453659   0.087051985900
 -0.056579209058   0.049115429054   0.016963797716
  0.051436972307   0.049071331570   0.018954381381
 -0.090699461000   0.049590844509   0.084644718388
 -0.000898279523  -0.005166590404   0.028337730075
 -0.001618817248  -2.661340911911  -0.552398544313
 -0.056081411991   0.013960379526  -0.012548183273
 -0.003353480698  -0.028542099656  -0.005376606479
 -0.020192820969  -0.019226446998  -0.012065928793
 -0.016959459788   0.006685350694   0.008979696328
  0.008007672233  -0.036911267774  -0.000157480760
 -0.007562815787   0.000898503088   0.001430824447
  0.082113070046   0.103666935361  -0.112291104279
 -0.001234415617   0.003961381002  -0.003510591709
  0.167054806554   0.034263557611   0.014961343018
 -0.005343888861   0.049468630786   0.040987564753
  0.060405449326  -0.081743711871   0.019625303821
 -0.077675860229  -0.220706823494   0.053580944479
  0.013606204337  -0.047709540835   0.027139567815
  0.043118771280  -0.034146594441  -0.056851213391
  0.011178121528  -0.003801790729  -0.002960371401
  0.157487081739   0.095597493867  -0.149247938219
  0.079470357035   0.191769136896  -0.066713130709
 -0.573785015899   0.933748173179   0.367285754208
 -0.075327180476   0.104493923802  -0.102061270823
 -0.005295189057   0.003196968241  -0.011270371622
  0.081278645335  -0.218789389319   0.055817477321
 -0.064428188251  -0.085503170410   0.017405576930
 -0.121033567913   0.055212340844   0.069366837198
 -0.041489691686   0.030410610452  -0.013088055324
  0.029058977268  -0.035662458216  -0.023486015407
  0.030306455302   0.021007682237   0.006322057270
 -0.003195714548  -0.030125888532   0.009214920873
  0.001828646358  -0.006913622235  -0.007075916302
  0.007149708829  -0.016525054348  -0.001106500312
  0.029805834873   0.003214016872  -0.003488093718
 -0.031743456694  -0.029917711497  -0.035283630314
 -0.025721551316  -0.051591863675   0.003162125636
  0.577751117732   0.935471632001   0.369143864872
 -0.080555676860   0.191018349834  -0.065844150872
 -0.005852082833  -0.003880454024   0.000124095500
 -0.162945388453   0.096757726430  -0.151318490018
   18    3  0.0000  0.0000  1.0000
 -0.096560527015  -0.024250370199   0.142535934029
  0.003072389292   0.010441480429   0.096749165322
 -0.008032777833  -0.008011812647   0.006230019914
  0.010534712104   0.020189432558   0.000507594067
 -0.010987775762   0.017289664577   0.040971665960
 -0.034845809683   0.003230468571  -0.038794817950
 -0.002969734358   0.029961187304   0.008215742076
  0.000498992822  -0.018285934618  -0.001400695128
  0.036437239466  -0.029421278707   0.142303644532
  0.054174001326   0.016273633988   0.097909733252
  0.026464057983   0.030368450745   0.040939121520
  0.019864001248  -0.008783541794  -0.037906522381
 -0.025754312078   0.024308643591  -0.091193417892
  0.037912684112   0.086770051536  -0.097558845689
 -0.026207662525   0.088594638958  -0.090280982664
  0.017241885034   0.023397303840  -0.098562389543
  0.001633002615   0.035254581846   0.081863534953
 -0.003539068587  -0.440307885557  -3.967449185061
  0.009488584382  -0.033185744248  -0.108217585166
 -0.001388976079   0.000936380712  -0.061946461622
  0.023155797265  -0.010317274210   0.013209214695
  0.004351957122  -0.021724026081   0.000376149376
 -0.013420991010  -0.005288219241  -0.044072877333
 -0.019483780098  -0.008363483625  -0.018878924503
 -0.026307067007  -0.139619109121   0.026071533441
 -0.009971461125   0.003269757822  -0.001962970846
  0.057044652907   0.016025193546   0.005589590476
 -0.036200897217   0.087385297125   0.072578355267
 -0.013819712236  -0.081556746013   0.074506639039
  0.073536691739  -0.291371219003   0.412753053377
 -0.005197724942  -0.009701120708   0.017321712727
 -0.043356562096  -0.051242584967   0.063918389184
  0.002659295072  -0.003659717253   0.001685688503
 -0.030121388605   0.022246256068   0.236256719001
  0.129572781454   0.054202924508   0.040135160570
 -0.799741711816   0.537622832440   1.144838347561
  0.033389512597  -0.134562177187   0.020440853235
  0.002630587602  -0.001221866175   0.004774681221
 -0.073323997170  -0.293608005930   0.418972139194
  0.011872132474  -0.081368889872   0.072582103737
 -0.067090468354   0.018326310592  -0.029226362301
  0.046756676341   0.089711026711   0.109695757577
  0.007817666313  -0.016066315836  -0.084066390156
 -0.013911948424  -0.011972074768  -0.083095077285
  0.027621591580   0.015193166662  -0.024107050899
  0.005186749813  -0.028122142403  -0.040094203214
 -0.007648472291  -0.004565219234  -0.001021854618
 -0.020793934476  -0.028651144593   0.015844254749
  0.040505076067  -0.021878928321   0.053138826369
  0.007063519600  -0.038963967923   0.028423533787
  0.800760298054   0.537622822162   1.148387249268
 -0.126370749419   0.057581703995   0.041378421881
 -0.010038621924  -0.005217556807   0.004907073964
  0.035839595748   0.025085146754   0.233825010426
   19    1  1.0000  0.0000  0.0000
  1.815472508893  -0.574116451762  -0.806681089312
 -0.096306898595   0.080526339626   0.119679139588
  0.052980420447   0.156886094334  -0.027042729406
  0.000704169380   0.011289420451   0.004922270640
 -0.055303291159   0.043596226555  -0.038831044948
  0.010465579868   0.013371227125  -0.000740678990
  0.012269256542  -0.078030201348   0.072552660209
 -0.045265078930   0.060057961310  -0.008561862652
 -0.105217581907  -0.005416942813  -0.028602990939
 -0.013328736199   0.166969456080   0.065497137880
 -0.011726739895  -0.001101022755  -0.007266397067
 -0.047493240929   0.082216257266  -0.022498649960
 -0.017856456148  -0.007465372793  -0.024014949914
  0.017368158249   0.007740172684  -0.017622905884
 -0.016727235612  -0.016336400304   0.000572161077
  0.008911500768  -0.020085936317   0.017393005245
  0.035587462576  -0.003728870074  -0.005783647011
 -0.070602928673  -0.056269282919   0.003617935680
 -2.981482799860   0.511415416109   0.610426098612
  0.052958647700  -0.034208704569  -0.046732362157
  0.050824644839  -0.161520505227   0.128496078958
 -0.011052128661   0.042679779410  -0.049586397744
  0.051436257923  -0.152006331362   0.105851784122
 -0.011135049411   0.033823753343  -0.044938701952
  0.008744179962   0.024241455272  -0.019435338371
  0.029368747997   0.017428714987  -0.010690733241
  0.121071907288  -0.003960142670   0.020264664403
  0.094931513368  -0.046758825591  -0.044594432495
  0.024109681701  -0.001521885224  -0.006266582375
  0.020283240850  -0.001993674976   0.035671679626
  0.008365545304   0.010676113241   0.013893385239
  0.028785695882  -0.002135102664   0.015009413823
  0.023982885595  -0.003881338454  -0.005402471080
  0.019900372913   0.013006647132   0.011585921648
  0.120578339613   0.124711801018   0.051853721937
  0.094437104736  -0.019439330289  -0.045445437434
  0.030591200186   0.130226878875  -0.066290238642
  0.026272304146  -0.011696534206   0.026906532151
 -0.000569176570  -0.052142039645   0.011951094946
  0.017867346933  -0.047642029699   0.080666858474
  0.277373887543  -0.034423313987  -0.076424207776
 -0.375502350531  -0.113221730553  -0.234837853086
  0.182797846151  -0.011650827214   0.184871746950
  0.190382057594   0.074260849042  -0.037230469994
 -0.019003329123  -0.033694392592   0.022138402003
  0.001480648150  -0.024509013850   0.001776487960
  0.007065230402  -0.000498561612   0.000225424470
  0.554040206123  -0.136601372349   0.130504671865
 -0.007229222915   0.003014413851  -0.011283709224
 -0.002120655594   0.028090667512  -0.026549377144
 -0.047157625999   0.004462138876  -0.027327034287
 -0.011636712217   0.016081160437  -0.012166757493
 -0.036637327234   0.005917957875   0.019405936710
 -0.008053983458  -0.006634764597  -0.002885163635
   19    2  0.0000  1.0000  0.0000
 -0.888392293646   0.934245201957   0.554685586307
  0.094536481715   0.191961863903   0.058814113815
  0.197188275692   0.093961018706   0.011069586139
 -0.031681275207  -0.003954193235   0.001625448178
  0.013038051033  -0.033999734774  -0.046531559988
  0.007498972930  -0.047190078587  -0.004261533451
 -0.299713423070  -0.220672030101  -0.290308620980
  0.169807249006  -0.081539905790  -0.083743872879
  0.082853766995   0.049406413645   0.089545296634
  0.016172059421   0.034450746881   0.025535316465
  0.001899070930   0.003860313081   0.002235792972
  0.047464980429   0.104054465440  -0.136082308356
 -0.014509512875   0.001619697221  -0.006635761514
  0.023944269492  -0.036636394544  -0.005172888750
  0.013019199224   0.006593265641  -0.021994660346
 -0.000573147290  -0.019236718754  -0.010757078706
  0.010516279785  -0.028763972141   0.001998497916
 -0.009295436836   0.014106707079  -0.030793406860
  0.510035935752  -3.590522683757   0.518942551636
 -0.033986554014  -0.044377317591   0.003884470709
 -0.151753035945   0.229426124204   0.045561962983
  0.033986008665   0.097663859005  -0.058522247494
 -0.161196008553   0.229662130738   0.056444969257
  0.042724344466   0.097104469204   0.035639685393
  0.010057801054  -0.021745930431   0.037320472241
 -0.002380314935   0.043451983458  -0.024247125278
  0.124892196657   0.039512368944   0.102115706283
 -0.019863538069   0.006736245580   0.022337677859
 -0.003248650540   0.025000606781  -0.022941132249
  0.013632103167   0.060728145501   0.005112595947
  0.024748760465  -0.022602883072  -0.031440447628
  0.017215344094   0.043327258699   0.032179723977
 -0.001615084840   0.025476137161  -0.027252137494
 -0.002191544712   0.060862751878   0.010702607487
 -0.004385969441   0.039633336929   0.018010734817
 -0.046879559729   0.006569639927  -0.038261259849
  0.017452012227  -0.135513303406   0.040923949545
 -0.134826475889  -0.136798599359  -0.096175886856
  0.099598279544   0.042689611160  -0.024147837701
 -0.000922665349  -0.008906966657   0.013833510326
  0.022038920764  -0.120733795353   0.111688829101
  0.125473434348   0.155962066485   0.226683595701
 -0.066495521183  -0.139343982889   0.001881210044
  0.010438380194  -0.143565287518  -0.059121634103
  0.005840622096  -0.005223590956  -0.009835033329
  0.052132536578  -0.096728525138   0.031365175955
 -0.000014663586   0.010819301612   0.003831454046
  0.135932441686   2.297218492113  -1.070067382567
 -0.041758817119   0.029759198046   0.040300232477
  0.008929531500   0.038299618749  -0.015867982563
 -0.014570350703  -0.058938559102  -0.001649705349
 -0.003944350084  -0.015879743062   0.020305143485
 -0.004120197598  -0.005904732935  -0.006682185983
  0.005251081305   0.004615889423  -0.002082207427
   19    3  0.0000  0.0000  1.0000
 -1.023245501950   0.360876026007   1.144995797764
 -0.073960059777  -0.080574461450   0.018269388569
 -0.049523060386  -0.160073514805   0.254987067472
  0.009045345326   0.000417018930   0.000024935075
 -0.008065877559  -0.053748651569   0.059725115033
  0.018575609280   0.031393190640   0.016679726772
  0.293924183853   0.051460538157   0.411782388361
 -0.103780344137   0.028338817382   0.073404590866
  0.068348729985   0.037356536892   0.063816309059
  0.107804472436   0.017561394629   0.014255204056
 -0.007720676215   0.001800040329  -0.000292735707
  0.031671268532  -0.108266016665   0.026071599607
  0.007156597954   0.000967209313  -0.016649152530
  0.015117662876   0.002566277634  -0.039571670073
 -0.004916798351   0.010069067634   0.001443477321
  0.016443059801  -0.013662299430   0.013950418525
  0.026142704209  -0.004262604248  -0.060679413707
 -0.021954765704  -0.014313023043  -0.111100136707
  0.452429124904   0.445275348183  -4.100897001598
 -0.044268605287   0.010343769418  -0.020006187410
  0.106993646505   0.055183420434  -0.229833864101
 -0.044131149787   0.035534204826  -0.099649286476
  0.135563654041   0.051000449888  -0.243936903818
 -0.046122773147  -0.054610939321  -0.099582949306
  0.019115733980  -0.029388995482  -0.020199677453
  0.020866230086   0.034713813242   0.020664747299
  0.061541783589   0.018291857788   0.096349881338
 -0.047080592953  -0.037929533362   0.064930465314
 -0.002713190588  -0.023723893393   0.021094216362
  0.014191268880   0.016125895579   0.041240794869
 -0.015489250973   0.040979499394  -0.018548364054
 -0.005822419813  -0.033613466387   0.029601681063
 -0.003921312471  -0.018070348823   0.017376991897
  0.043200212536   0.008482789245   0.037600114260
  0.030091588149   0.110663718845   0.101068475484
 -0.041529165882   0.030737976628   0.066213199666
 -0.029228618767  -0.099273006655   0.067789886148
  0.073868045572   0.037261818787   0.053852442332
 -0.078898562608   0.021541930800   0.014478165968
 -0.004235733057  -0.030175971561   0.008488490145
  0.093770076296   0.136009598451   0.078270933861
  0.231469874177   0.214421732013   0.471343884928
  0.042577581460  -0.070582954621   0.192961190539
 -0.208035156662   0.003307507922   0.187722492406
  0.023776256979   0.024019706170   0.013330063469
 -0.039164496498   0.002287406478   0.087441529739
  0.005392533010   0.002828443314  -0.009134178215
 -0.122842475900  -1.055952645081   1.385501427936
  0.034141199644   0.007844813593  -0.057968356046
  0.011696967063   0.021608884923  -0.015502734847
  0.013370463949  -0.009366443787  -0.022419113837
  0.032457127852   0.028498563358  -0.009065693692
 -0.004687406571   0.004112522706   0.008107189485
 -0.009405007881  -0.006293019850   0.010203136589
   20    1  1.0000  0.0000  0.0000
 -0.096294220744   0.080529030340   0.119682613327
  1.815461778340  -0.574129216535  -0.806671585933
  0.000706180885   0.011292830584   0.004927303102
  0.052977439972   0.156876439180  -0.027035895260
  0.010466287688   0.013365895116  -0.000737797052
 -0.055305358835   0.043584522508  -0.038825489668
 -0.045261765539   0.060061275185  -0.008555129844
  0.012265973130  -0.078018292160   0.072553744928
 -0.013329157210   0.166971611183   0.065498856333
 -0.105216396072  -0.005408649693  -0.028600534209
 -0.047494409678   0.082235602228  -0.022497311808
 -0.011728626152  -0.001096607321  -0.007266302623
  0.017368834383   0.007741160552  -0.017616442881
 -0.017856274053  -0.007473744165  -0.024015515953
  0.008911402683  -0.020085303436   0.017396460570
 -0.016726255621  -0.016325153449   0.000572346802
 -0.070603840040  -0.056265806272   0.003621865739
  0.035588404095  -0.003730392797  -0.005777772815
  0.052952399303  -0.034195673259  -0.046736447542
 -2.981526264505   0.511406694895   0.610325445858
 -0.011046512336   0.042683045150  -0.049586169825
  0.050825094602  -0.161519878334   0.128490520634
 -0.011138904924   0.033825752803  -0.044938509047
  0.051434505770  -0.152008825916   0.105861269724
  0.029378353428   0.017436654595  -0.010688419928
  0.008741844970   0.024240604433  -0.019428652896
  0.094935027796  -0.046750430643  -0.044592626330
  0.121067358437  -0.003962251583   0.020269980520
  0.020285460134  -0.001993662268   0.035673553998
  0.024108333596  -0.001526448508  -0.006261099373
  0.028779898820  -0.002134454666   0.015014040031
  0.008370977299   0.010678047161   0.013895757550
  0.019903951998   0.013013203588   0.011586559593
  0.023984660084  -0.003881553761  -0.005397705900
  0.094432875539  -0.019445673911  -0.045447928375
  0.120583551284   0.124722169185   0.051854445414
  0.026273277178  -0.011693884400   0.026910872095
  0.030602911101   0.130218357247  -0.066283017850
  0.017871300697  -0.047643340666   0.080670290039
 -0.000567159574  -0.052143331932   0.011952725195
 -0.375494609985  -0.113238040139  -0.234823670638
  0.277381828109  -0.034417136419  -0.076421144535
  0.190377102846   0.074272316584  -0.037236330773
  0.182802541449  -0.011640471995   0.184867008229
  0.001486184339  -0.024516389402   0.001773800201
 -0.019003544069  -0.033699098738   0.022144593685
  0.554032734662  -0.136641333648   0.130470656049
  0.007064499241  -0.000503571259   0.000226283467
 -0.002120574961   0.028093496907  -0.026560290351
 -0.007227183036   0.003015726033  -0.011273650181
 -0.011637361011   0.016076883482  -0.012167825898
 -0.047158838970   0.004460364030  -0.027335807786
 -0.008051850170  -0.006631990771  -0.002874827800
 -0.036633866373   0.005918925076   0.019412909991
   20    2  0.0000  1.0000  0.0000
  0.094661292890   0.192117064102   0.058883069040
 -0.888606488341   0.934248223745   0.554868521395
 -0.031658241970  -0.004016108713   0.001619636960
  0.197198736572   0.093903242103   0.011134570829
  0.007480128275  -0.047235795145  -0.004261370981
  0.013097355446  -0.034032594531  -0.046541825799
  0.169947142474  -0.081557700919  -0.083821231891
 -0.299724935726  -0.220607788067  -0.290366659983
  0.016164947358   0.034543875137   0.025626648900
  0.082777961329   0.049402899705   0.089428943009
  0.047440538990   0.104077679815  -0.136089867274
  0.001915091863   0.003878523169   0.002242632208
  0.023935580478  -0.036609257460  -0.005131285891
 -0.014531093480   0.001620390520  -0.006639529763
 -0.000552805924  -0.019250995840  -0.010776009414
  0.013021480403   0.006581767364  -0.021983697748
 -0.009298759308   0.014115373470  -0.030788255936
  0.010536348052  -0.028724739735   0.001989116720
 -0.033962780864  -0.044271341910   0.003886401216
  0.509881488186  -3.591359983427   0.518683483647
  0.033909186226   0.097663613966  -0.058590778536
 -0.151618112130   0.229274196285   0.045512193935
  0.042703201037   0.097057869297   0.035653870116
 -0.161200503869   0.229724704912   0.056483105371
 -0.002427277289   0.043416826591  -0.024231255888
  0.010002504025  -0.021766696725   0.037338248715
 -0.019933887243   0.006744260293   0.022428839783
  0.124879578917   0.039493578226   0.102078666099
  0.013652501230   0.060696785273   0.005077729284
 -0.003283166619   0.024982419402  -0.022913852104
  0.017208825354   0.043282994330   0.032191845633
  0.024776800770  -0.022578117686  -0.031450539852
 -0.002171298029   0.060859100558   0.010726419643
 -0.001607048514   0.025443033728  -0.027192971554
 -0.046869204373   0.006600782938  -0.038253875638
 -0.004338623356   0.039649235949   0.017969443030
 -0.134752098365  -0.136747831405  -0.096058755701
  0.017406154545  -0.135610102650   0.040987130471
 -0.000951782887  -0.008922596586   0.013817915030
  0.099593307772   0.042786903543  -0.024141699713
  0.125419022468   0.156034342624   0.226632931997
  0.021963566145  -0.120523652319   0.111738991259
  0.010407612437  -0.143568971520  -0.059204851585
 -0.066437575911  -0.139291176666   0.001930940907
  0.052120891490  -0.096711623379   0.031409606088
  0.005853334770  -0.005231372595  -0.009828798115
  0.136057588329   2.297657304534  -1.070340086205
 -0.000015114078   0.010790693344   0.003803459798
  0.008969372266   0.038308089606  -0.015841923882
 -0.041746100490   0.029776444518   0.040298124020
 -0.003928774684  -0.015872085179   0.020327208571
 -0.014535976167  -0.058937911770  -0.001645949961
  0.005269631722   0.004611089715  -0.002057922605
 -0.004099522199  -0.005914864536  -0.006616697659
   20    3  0.0000  0.0000  1.0000
 -0.073950712855  -0.080577906447   0.018271738511
 -1.023234573951   0.360882326892   1.144959965319
  0.009044155258   0.000407760376   0.000028362870
 -0.049526469216  -0.160081529107   0.254986228441
  0.018572361968   0.031384062732   0.016681595878
 -0.008065213561  -0.053755550164   0.059732635219
 -0.103779822732   0.028336923283   0.073406583549
  0.293932316815   0.051438069868   0.411784930852
  0.107786121336   0.017570864156   0.014235609623
  0.068347276799   0.037355534507   0.063812885370
  0.031678029579  -0.108251817570   0.026078792463
 -0.007718653706   0.001809226086  -0.000294600676
  0.015106544564   0.002569513821  -0.039570502505
  0.007155735643   0.000964850377  -0.016649958860
  0.016433663081  -0.013660772451   0.013953515069
 -0.004920885311   0.010059391499   0.001444746369
 -0.021952412974  -0.014315620147  -0.111097727856
  0.026141057014  -0.004266884890  -0.060682637047
 -0.044269549770   0.010358595262  -0.020006285638
  0.452460087144   0.445381456745  -4.100911173437
 -0.044122021461   0.035528615194  -0.099644280846
  0.106986080458   0.055178225835  -0.229825129721
 -0.046121734167  -0.054609359406  -0.099587856700
  0.135560977772   0.050992110732  -0.243931047349
  0.020865259692   0.034707289315   0.020666117651
  0.019108673382  -0.029393748757  -0.020195068885
 -0.047079041718  -0.037932084582   0.064931648742
  0.061536034023   0.018281057183   0.096357191141
  0.014197800808   0.016126852551   0.041246927261
 -0.002716406873  -0.023730026982   0.021100321027
 -0.005822255865  -0.033631220168   0.029602371636
 -0.015488127801   0.040974645146  -0.018546476777
  0.043201987687   0.008487211702   0.037602371232
 -0.003931313530  -0.018076077982   0.017383741249
 -0.041531716639   0.030738300501   0.066213250383
  0.030097040241   0.110666256162   0.101069597628
  0.073865536568   0.037264116806   0.053850898696
 -0.029227872140  -0.099274153846   0.067792120047
 -0.004243060010  -0.030173143329   0.008497851391
 -0.078898748790   0.021526110658   0.014468993440
  0.231461320185   0.214401788220   0.471360090946
  0.093777337370   0.136019499869   0.078254172861
 -0.208035546281   0.003289669246   0.187719084420
  0.042582138327  -0.070575010096   0.192945587089
 -0.039173602737   0.002285730425   0.087441205484
  0.023770469382   0.024020056198   0.013334931154
 -0.122830580626  -1.055937503232   1.385497010788
  0.005389909337   0.002829427092  -0.009131973628
  0.011701638949   0.021610134989  -0.015491913492
  0.034135230944   0.007841753574  -0.057971896728
  0.032466851934   0.028502892348  -0.009069031043
  0.013366780908  -0.009363361655  -0.022428302914
 -0.009402417751  -0.006288930215   0.010207391489
 -0.004685676703   0.004104381676   0.008115398815
   21    1  1.0000  0.0000  0.0000
 -0.055313545952   0.043588462940  -0.038827665345
  0.010464008084   0.013370876769  -0.000734751351
  1.815461549979  -0.574135416264  -0.806677952345
 -0.096302883770   0.080528006350   0.119686327733
  0.052967742790   0.156889252191  -0.027029261559
  0.000703153596   0.011286424597   0.004929560736
 -0.011735013503  -0.001107657985  -0.007263948775
 -0.047496211079   0.082236974108  -0.022491518097
  0.012258968184  -0.078033375121   0.072548692546
 -0.045270393010   0.060057690206  -0.008554365092
 -0.105226005217  -0.005417160322  -0.028599802500
 -0.013338786665   0.166963968841   0.065502332970
  0.035580424105  -0.003733522452  -0.005788536985
 -0.070611057876  -0.056266593898   0.003619085543
 -0.017859282017  -0.007469220985  -0.024016937709
  0.017359888182   0.007740102683  -0.017622007466
 -0.016732125969  -0.016331874636   0.000572283906
  0.008904613211  -0.020085087410   0.017393423591
  0.051431410811  -0.152011253670   0.105859124785
 -0.011142670655   0.033824053732  -0.044948305068
 -2.981147900506   0.511460772793   0.610395191169
  0.052948304446  -0.034200728809  -0.046735741944
  0.050822240053  -0.161523268092   0.128490125742
 -0.011058993845   0.042681231092  -0.049589081948
  0.024103002651  -0.001528671782  -0.006262144399
  0.020276352189  -0.001990492382   0.035673315699
  0.008734992632   0.024244129518  -0.019433977650
  0.029368519399   0.017433394762  -0.010688613243
  0.121061120454  -0.003961463090   0.020269851446
  0.094925337892  -0.046752900315  -0.044597131911
  0.120572514173   0.124720403613   0.051855288275
  0.094430816660  -0.019444691422  -0.045445956234
  0.008360314174   0.010672237456   0.013894495071
  0.028777367170  -0.002135087089   0.015010730358
  0.023974954290  -0.003884863422  -0.005395489732
  0.019896090126   0.013007172864   0.011582259239
  0.277380790517  -0.034417326335  -0.076416660802
 -0.375504865405  -0.113227141704  -0.234832249370
  0.030592869079   0.130219369429  -0.066285776047
  0.026262854418  -0.011697494813   0.026905182802
 -0.000576913803  -0.052148967122   0.011948999495
  0.017865286658  -0.047645005299   0.080673956319
  0.007060046591  -0.000501448208   0.000229728367
  0.554009625691  -0.136613257922   0.130457994216
  0.182792768778  -0.011631443647   0.184861325997
  0.190371276103   0.074266124128  -0.037237603740
 -0.019012403868  -0.033700080106   0.022142071576
  0.001475198687  -0.024507324814   0.001775967593
 -0.036636748100   0.005917988475   0.019410379976
 -0.008057289024  -0.006638679872  -0.002875929786
 -0.007231229085   0.003003197326  -0.011278551177
 -0.002124677194   0.028092582054  -0.026554518594
 -0.047169055855   0.004458990129  -0.027335655316
 -0.011646349372   0.016078092934  -0.012167560965
   21    2  0.0000  1.0000  0.0000
  0.013035784098  -0.034017634168  -0.046523191357
  0.007492098609  -0.047200841194  -0.004264327529
 -0.888405251476   0.934206117724   0.554703032815
  0.094538850482   0.191940565772   0.058817287803
  0.197194447710   0.093929179697   0.011071322145
 -0.031682221981  -0.003963179234   0.001624030115
  0.001895717372   0.003844185840   0.002238906061
  0.047464026715   0.104018634883  -0.136084031627
 -0.299711227418  -0.220655807165  -0.290295322030
  0.169801294080  -0.081541754594  -0.083746443099
  0.082853548502   0.049396556475   0.089543832740
  0.016167883870   0.034435944847   0.025564238517
  0.010513497941  -0.028775863169   0.002002904178
 -0.009295180159   0.014091486468  -0.030785977163
 -0.014511905449   0.001605014310  -0.006635742086
  0.023946749839  -0.036643944442  -0.005164734593
  0.013018282430   0.006583469596  -0.021996123247
 -0.000575484480  -0.019253845788  -0.010759216827
 -0.161207292769   0.229645504036   0.056441121482
  0.042722082727   0.097089169495   0.035644774053
  0.510105156498  -3.589828272617   0.518791904310
 -0.033988442556  -0.044398318106   0.003896502904
 -0.151757090175   0.229424992945   0.045557673303
  0.033978720678   0.097658888367  -0.058525566676
 -0.003249373645   0.024992855468  -0.022929983955
  0.013628880982   0.060713326913   0.005120394744
  0.010058918166  -0.021752364752   0.037316512598
 -0.002387966846   0.043441124564  -0.024246118338
  0.124893829138   0.039500386242   0.102116153764
 -0.019867002019   0.006721185438   0.022331094571
 -0.004384612459   0.039631959933   0.018008953939
 -0.046883664540   0.006550338384  -0.038260739393
  0.024743219699  -0.022611338149  -0.031431286984
  0.017216026679   0.043312503301   0.032180679473
 -0.001619500429   0.025463011616  -0.027247912637
 -0.002191074676   0.060851101251   0.010707371932
  0.022033965848  -0.120732953586   0.111697535586
  0.125468050135   0.155964097241   0.226686645278
  0.017444791460  -0.135521787692   0.040921738121
 -0.134834260197  -0.136816138690  -0.096178638733
  0.099601279449   0.042687917827  -0.024138111084
 -0.000920729730  -0.008916515176   0.013829022514
 -0.000015760032   0.010809931549   0.003833090581
  0.135981772184   2.297128496068  -1.070057217479
 -0.066498285344  -0.139341232492   0.001872537275
  0.010433585580  -0.143579706407  -0.059117363613
  0.005845746001  -0.005232619952  -0.009836220866
  0.052142637268  -0.096739414581   0.031367086189
 -0.004120357877  -0.005913192114  -0.006674757064
  0.005244596902   0.004605939873  -0.002082445775
 -0.041772992941   0.029762444793   0.040305289495
  0.008925890329   0.038292158501  -0.015875138305
 -0.014570528406  -0.058964969638  -0.001648400181
 -0.003941125769  -0.015896795710   0.020313374153
   21    3  0.0000  0.0000  1.0000
 -0.008060413113  -0.053749392755   0.059707600374
  0.018571844320   0.031394413667   0.016647983108
 -1.023237867881   0.360873742208   1.144954430863
 -0.073960263436  -0.080588581699   0.018239798315
 -0.049536677906  -0.160053708560   0.254954754830
  0.009046631910   0.000414832163  -0.000002645360
 -0.007714836703   0.001807830715  -0.000319949871
  0.031667574012  -0.108277853818   0.026053714684
  0.293933991183   0.051449763542   0.411740937016
 -0.103772733921   0.028327471764   0.073370168505
  0.068341218420   0.037348755151   0.063782643878
  0.107793948200   0.017547897187   0.014211309012
  0.026145374616  -0.004270718383  -0.060714687762
 -0.021955606658  -0.014315990987  -0.111132257370
  0.007155520915   0.000961145665  -0.016684098728
  0.015112033185   0.002561534919  -0.039606326669
 -0.004920046223   0.010060228719   0.001415418388
  0.016438919060  -0.013659702892   0.013927022564
  0.135566527334   0.051002848649  -0.243964880590
 -0.046122675696  -0.054617907223  -0.099623332501
  0.452433010471   0.445401466271  -4.099358492049
 -0.044267165939   0.010345311306  -0.020023443320
  0.106983561048   0.055179656349  -0.229846885975
 -0.044119063901   0.035531619804  -0.099669862060
 -0.002714509365  -0.023725034783   0.021064769187
  0.014192115701   0.016127873499   0.041214021811
  0.019104310004  -0.029394212014  -0.020218363652
  0.020869052627   0.034708737693   0.020633626874
  0.061540613597   0.018278511601   0.096329730076
 -0.047075407874  -0.037930955498   0.064906801068
  0.030090404750   0.110658262381   0.101037895199
 -0.041528532321   0.030742992273   0.066184408486
 -0.015491061785   0.040976136802  -0.018576850044
 -0.005822434240  -0.033620551111   0.029576497764
 -0.003923308309  -0.018079623147   0.017359861256
  0.043206301807   0.008485473859   0.037566531146
  0.093774917486   0.136022177094   0.078231914834
  0.231474299966   0.214406317228   0.471303901670
 -0.029230299709  -0.099277631014   0.067768381440
  0.073861798067   0.037253780239   0.053822069976
 -0.078902540129   0.021534155187   0.014439717721
 -0.004243627643  -0.030176317214   0.008460394234
  0.005384763760   0.002831900863  -0.009156031705
 -0.122830346596  -1.055937665377   1.385487318084
  0.042588285523  -0.070569009383   0.192915963165
 -0.208049396963   0.003311882465   0.187688165636
  0.023778487638   0.024007221884   0.013302915922
 -0.039166676348   0.002280835904   0.087411114873
 -0.004686652897   0.004105348542   0.008083934648
 -0.009406130719  -0.006293881279   0.010172921574
  0.034136224260   0.007842249877  -0.058000359131
  0.011705989933   0.021611497584  -0.015522617988
  0.013369135775  -0.009361027993  -0.022454004815
  0.032471420706   0.028505892077  -0.009093548590
   22    1  1.0000  0.0000  0.0000
  0.010462982695   0.013368045885  -0.000735111210
 -0.055320100684   0.043595187724  -0.038828233065
 -0.096310883105   0.080535008082   0.119673921067
  1.815453904127  -0.574119186939  -0.806683392688
  0.000700835182   0.011292282667   0.004927824069
  0.052972367714   0.156870586474  -0.027036739861
 -0.047501562756   0.082219421552  -0.022496607674
 -0.011735814562  -0.001108334247  -0.007259496654
 -0.045268494874   0.060061814385  -0.008557636970
  0.012265381418  -0.078020699180   0.072563432851
 -0.013340774165   0.166971565305   0.065494298886
 -0.105234290126  -0.005411518258  -0.028602076773
 -0.070609643647  -0.056268368018   0.003619635711
  0.035578208252  -0.003726968890  -0.005780920359
  0.017352217288   0.007738698865  -0.017623994567
 -0.017861433394  -0.007471173291  -0.024014668098
  0.008903745570  -0.020091977149   0.017396493097
 -0.016729936405  -0.016333150054   0.000574836302
 -0.011141578410   0.033829496978  -0.044943441203
  0.051429868709  -0.152004058020   0.105856042099
  0.052952101966  -0.034203744412  -0.046731942386
 -2.981082462734   0.511496157023   0.610349226474
 -0.011058141813   0.042675429378  -0.049583364015
  0.050821130253  -0.161526157055   0.128489073023
  0.020273166249  -0.001988367809   0.035670339914
  0.024099536014  -0.001522957044  -0.006257113669
  0.029366726805   0.017434187377  -0.010693942646
  0.008735356010   0.024241440678  -0.019436336445
  0.094921489739  -0.046761166375  -0.044592275369
  0.121063702415  -0.003956867484   0.020261053899
  0.094426372676  -0.019436508918  -0.045447661897
  0.120568968661   0.124706990463   0.051857296834
  0.028773262907  -0.002127937027   0.015014111856
  0.008358944491   0.010671390204   0.013892302267
  0.019894218522   0.013005477764   0.011591481713
  0.023975149108  -0.003885869768  -0.005399924697
 -0.375495953826  -0.113228354821  -0.234819270940
  0.277366136873  -0.034423853074  -0.076429225690
  0.026269448625  -0.011691130377   0.026910499599
  0.030587758120   0.130222698933  -0.066287391866
  0.017862496921  -0.047643465192   0.080666187846
 -0.000575521091  -0.052144328261   0.011954146254
  0.554032642747  -0.136653242274   0.130483746134
  0.007053968909  -0.000501872282   0.000227397943
  0.190370303798   0.074264260255  -0.037228976119
  0.182794101618  -0.011643445682   0.184876793091
  0.001473200847  -0.024513348090   0.001776988058
 -0.019008581413  -0.033699648583   0.022143225903
 -0.008065100770  -0.006635473158  -0.002885579388
 -0.036645219381   0.005915041215   0.019412663826
 -0.002129320351   0.028084307614  -0.026554080657
 -0.007239878057   0.003014401802  -0.011272090770
 -0.011641371004   0.016070930249  -0.012166102111
 -0.047163632660   0.004458350858  -0.027335420931
   22    2  0.0000  1.0000  0.0000
  0.007492137598  -0.047198560443  -0.004269576355
  0.013031623985  -0.034015637909  -0.046527880908
  0.094533868759   0.191941277436   0.058815127290
 -0.888401883682   0.934241213537   0.554705345172
 -0.031683042061  -0.003966345546   0.001623717519
  0.197186236078   0.093949858047   0.011068705306
  0.047453016519   0.104008611211  -0.136107090310
  0.001900695989   0.003843892186   0.002231843159
  0.169806743553  -0.081556257298  -0.083744575851
 -0.299718130908  -0.220689331111  -0.290308326080
  0.016167886067   0.034430703361   0.025529985683
  0.082850600028   0.049379602288   0.089540105299
 -0.009291686870   0.014091767932  -0.030798004172
  0.010515204048  -0.028781165098   0.001998523037
  0.023947338520  -0.036653288079  -0.005168439032
 -0.014511161176   0.001609123008  -0.006638378057
 -0.000574013428  -0.019253489199  -0.010764618421
  0.013020492840   0.006575699851  -0.021994023687
  0.042721442277   0.097079858304   0.035641971445
 -0.161195343106   0.229645394515   0.056440427183
 -0.033990344868  -0.044390087249   0.003885393460
  0.510149256504  -3.589690063597   0.518927142259
  0.033982669156   0.097644581098  -0.058525964059
 -0.151753396054   0.229419726450   0.045568500587
  0.013626751619   0.060716894035   0.005116702227
 -0.003254933852   0.024988913936  -0.022937310579
 -0.002378022892   0.043430064972  -0.024244346676
  0.010060555772  -0.021757662518   0.037316308402
 -0.019868986750   0.006712147055   0.022332411396
  0.124888129969   0.039490508098   0.102112607230
 -0.046884415781   0.006546086567  -0.038259409085
 -0.004385150312   0.039621824144   0.018013350995
  0.017214055956   0.043304586640   0.032177068532
  0.024748430869  -0.022619656986  -0.031441367863
 -0.002196708279   0.060840217440   0.010701471736
 -0.001617359742   0.025465546353  -0.027250976426
  0.125472784968   0.155952362811   0.226681887841
  0.022022378347  -0.120733852992   0.111681869406
 -0.134825859345  -0.136816691071  -0.096174735559
  0.017448798400  -0.135529402807   0.040921917865
 -0.000922428196  -0.008915880620   0.013835417726
  0.099595630584   0.042677931051  -0.024147979371
  0.135945956507   2.297213822844  -1.070002080933
 -0.000014019970   0.010803255829   0.003832639046
  0.010435282102  -0.143583162741  -0.059130059491
 -0.066497837077  -0.139354218856   0.001872532293
  0.052133358090  -0.096739041630   0.031368807620
  0.005845962820  -0.005238481700  -0.009828520651
  0.005246066226   0.004593610487  -0.002092285406
 -0.004114658716  -0.005920088922  -0.006680067689
  0.008920856291   0.038285547646  -0.015866253468
 -0.041763889570   0.029748750764   0.040286896466
 -0.003941921508  -0.015893976896   0.020318711821
 -0.014579016300  -0.058957036628  -0.001645117872
   22    3  0.0000  0.0000  1.0000
  0.018574571044   0.031394428594   0.016645959089
 -0.008069042037  -0.053751144391   0.059699632211
 -0.073964226491  -0.080586499197   0.018229454782
 -1.023237060016   0.360845227539   1.144952547846
  0.009045067568   0.000420510112  -0.000001445285
 -0.049544529989  -0.160065828210   0.254940443786
  0.031670889000  -0.108284909291   0.026052024893
 -0.007723503790   0.001807325770  -0.000320972320
 -0.103764511625   0.028338110019   0.073374140657
  0.293922588001   0.051456929082   0.411749667141
  0.107801830614   0.017563769809   0.014217461424
  0.068339014337   0.037354693397   0.063775153709
 -0.021960007282  -0.014308727007  -0.111133724438
  0.026135818747  -0.004260349450  -0.060710632450
  0.015112351194   0.002573035016  -0.039599119694
  0.007152314910   0.000962902115  -0.016685528812
  0.016435546192  -0.013664229977   0.013930645166
 -0.004920487850   0.010069240123   0.001417465166
 -0.046114110695  -0.054609691905  -0.099616294196
  0.135559671789   0.051004103455  -0.243961129347
 -0.044258728210   0.010359603028  -0.020017029247
  0.452500434645   0.445340369829  -4.099324115363
 -0.044117737113   0.035524116223  -0.099671567929
  0.106991008145   0.055187604728  -0.229851550052
  0.014195891125   0.016130516161   0.041215341027
 -0.002715658819  -0.023722034264   0.021061487849
  0.020869559128   0.034711393064   0.020632344051
  0.019105736082  -0.029388638344  -0.020220862236
 -0.047076145065  -0.037926245568   0.064901116398
  0.061541959300   0.018286668972   0.096331174409
 -0.041533711036   0.030745504506   0.066182566398
  0.030081425319   0.110661210738   0.101042371451
 -0.005821676017  -0.033610988214   0.029568646381
 -0.015496626051   0.040980466046  -0.018568780255
  0.043204048706   0.008483884699   0.037573436089
 -0.003931063033  -0.018073660044   0.017353703998
  0.231471747342   0.214414320593   0.471307070790
  0.093774212896   0.136015112695   0.078222104992
  0.073864491005   0.037261200623   0.053822840197
 -0.029236151847  -0.099283602975   0.067764203759
 -0.004241552857  -0.030173004922   0.008458664689
 -0.078897722550   0.021538786824   0.014440427084
 -0.122827462426  -1.055968235505   1.385468723193
  0.005387333189   0.002829286823  -0.009157286310
 -0.208050464407   0.003309301503   0.187697628118
  0.042580131871  -0.070587155752   0.192924081434
 -0.039165294521   0.002282334411   0.087414637558
  0.023768350414   0.024003641024   0.013299286825
 -0.009406179632  -0.006290403554   0.010169934300
 -0.004683794288   0.004113804665   0.008082897438
  0.011699918474   0.021606641091  -0.015529008956
  0.034138800123   0.007848274385  -0.057996635275
  0.032460712281   0.028494046626  -0.009105088078
  0.013372024205  -0.009363015717  -0.022448514054
   23    1  1.0000  0.0000  0.0000
  0.052964708877   0.156871530314  -0.027034809529
  0.000696112280   0.011292076770   0.004923819257
 -0.055319095699   0.043590585255  -0.038833105447
  0.010454091270   0.013367181797  -0.000741507575
  1.815443212464  -0.574121763961  -0.806678262282
 -0.096308606703   0.080533676999   0.119675058699
 -0.105231764239  -0.005411477033  -0.028605394557
 -0.013342519220   0.166967958302   0.065500923324
 -0.011739786593  -0.001106547216  -0.007260547677
 -0.047501126332   0.082223118600  -0.022495107561
  0.012258158882  -0.078016643067   0.072561405410
 -0.045272495148   0.060066388972  -0.008555085243
 -0.016738789999  -0.016332252355   0.000573900637
  0.008901060277  -0.020088472967   0.017393690714
  0.035575682282  -0.003729738040  -0.005784168879
 -0.070617113034  -0.056263038062   0.003617419043
 -0.017867252759  -0.007473099700  -0.024019307225
  0.017354455524   0.007740456982  -0.017618141386
  0.050816533332  -0.161525725610   0.128488346846
 -0.011060734960   0.042682756078  -0.049582582837
  0.051421067194  -0.152005374426   0.105854691848
 -0.011143487188   0.033834238728  -0.044939093125
 -2.980897598736   0.511440329752   0.610357677709
  0.052952702210  -0.034202558789  -0.046726375525
  0.121057196225  -0.003961545001   0.020266474456
  0.094923436613  -0.046749537649  -0.044594743831
  0.024098487758  -0.001521148143  -0.006259488326
  0.020267875525  -0.001991721292   0.035672332852
  0.008730517027   0.024239822589  -0.019433698017
  0.029361187051   0.017434655047  -0.010687185367
  0.023969194805  -0.003885766791  -0.005399213875
  0.019889296859   0.013005900874   0.011592593446
  0.120571568022   0.124718636401   0.051860675222
  0.094422230212  -0.019439912507  -0.045450480991
  0.008349848352   0.010679170384   0.013894996981
  0.028771070811  -0.002132342790   0.015010995822
 -0.000587612979  -0.052148877059   0.011961903699
  0.017862002443  -0.047638775554   0.080667413347
  0.277364851743  -0.034416497417  -0.076421889781
 -0.375499802790  -0.113240917827  -0.234825724928
  0.030586652141   0.130218013253  -0.066283417619
  0.026264798549  -0.011687601732   0.026907615483
 -0.019010707998  -0.033699767165   0.022142063685
  0.001478341735  -0.024509328746   0.001768659626
  0.007053883479  -0.000500134330   0.000228028948
  0.554013424297  -0.136665313541   0.130464277373
  0.182790466294  -0.011632845361   0.184877038711
  0.190363893584   0.074269534388  -0.037236017952
 -0.047166164828   0.004458182187  -0.027334301630
 -0.011644034525   0.016073481980  -0.012166570297
 -0.036644491534   0.005917811163   0.019413275397
 -0.008066347791  -0.006629930754  -0.002878959256
 -0.007239638482   0.003016029454  -0.011271266719
 -0.002128836577   0.028087118618  -0.026558831101
   23    2  0.0000  1.0000  0.0000
  0.197194826390   0.093897219109   0.011132858948
 -0.031657832133  -0.004025853669   0.001619571594
  0.013096325186  -0.034042577205  -0.046541176271
  0.007477088399  -0.047236708590  -0.004266272753
 -0.888603952775   0.934256557034   0.554873651923
  0.094658810802   0.192101528450   0.058871078357
  0.082775632755   0.049379888956   0.089426898777
  0.016162796409   0.034524262959   0.025618307625
  0.001915027568   0.003878082267   0.002236466886
  0.047436726776   0.104061257293  -0.136099852753
 -0.299725777199  -0.220626210111  -0.290362035408
  0.169947341042  -0.081569561951  -0.083824163487
  0.013017580244   0.006562625858  -0.021992149231
 -0.000551236425  -0.019263632542  -0.010777711150
  0.010536235548  -0.028739695983   0.001994862589
 -0.009299412581   0.014100846326  -0.030791076203
 -0.014532439044   0.001612084761  -0.006645315601
  0.023927946119  -0.036620919105  -0.005133893863
 -0.151615634191   0.229263944481   0.045519907671
  0.033910808282   0.097655201073  -0.058589351418
 -0.161199925513   0.229714799639   0.056472830535
  0.042696183903   0.097041517016   0.035651846668
  0.509949219493  -3.590774886772   0.518745806250
 -0.033966262954  -0.044289443463   0.003879946280
  0.124876682184   0.039485704146   0.102074634778
 -0.019932681698   0.006731918645   0.022423595641
 -0.003283711519   0.024974664483  -0.022915575589
  0.013658224388   0.060683340259   0.005070907336
  0.010005108664  -0.021777025376   0.037338094235
 -0.002427429857   0.043399226736  -0.024229247861
 -0.001607893883   0.025431678297  -0.027196609254
 -0.002170831717   0.060845177670   0.010727368884
 -0.004342100167   0.039639728126   0.017968958349
 -0.046872360094   0.006585719334  -0.038251324264
  0.024780990649  -0.022586638170  -0.031447791521
  0.017210066302   0.043266714329   0.032190664075
  0.099589790454   0.042781708113  -0.024143691848
 -0.000951324402  -0.008936178671   0.013821409290
  0.021959286661  -0.120539489307   0.111730342419
  0.125419013246   0.156025876278   0.226639901658
  0.017399220994  -0.135617001286   0.040985071336
 -0.134753061478  -0.136762264161  -0.096053707322
  0.005848776526  -0.005246155505  -0.009827345841
  0.052116615157  -0.096727595852   0.031410582157
 -0.000020697542   0.010783752637   0.003799801336
  0.136047473407   2.297680427286  -1.070299506839
 -0.066442881006  -0.139298459957   0.001922549720
  0.010411536232  -0.143584444733  -0.059206545195
 -0.014537739222  -0.058950364941  -0.001648050791
 -0.003929055974  -0.015879883207   0.020328130806
 -0.004101559558  -0.005923423008  -0.006621944678
  0.005271057537   0.004594922032  -0.002066039602
 -0.041742803180   0.029763969367   0.040295323445
  0.008972212800   0.038294070605  -0.015840990828
   23    3  0.0000  0.0000  1.0000
 -0.049537950894  -0.160081286837   0.254956489343
  0.009041995184   0.000412605475   0.000014712999
 -0.008068966904  -0.053757171930   0.059708792887
  0.018571323473   0.031389495188   0.016654235184
 -1.023237624856   0.360853485362   1.144929442269
 -0.073947474644  -0.080586422837   0.018244847348
  0.068342860670   0.037352538591   0.063783505418
  0.107792880393   0.017558557697   0.014215222631
 -0.007719424914   0.001806710116  -0.000312245082
  0.031670212845  -0.108255713476   0.026055005069
  0.293919037616   0.051439894350   0.411743085040
 -0.103775721640   0.028333631347   0.073381333384
 -0.004929103288   0.010071833586   0.001425839393
  0.016426895530  -0.013658305433   0.013935103637
  0.026137912832  -0.004262798703  -0.060704711614
 -0.021954886938  -0.014314207813  -0.111122584170
  0.007156771868   0.000963359502  -0.016674970605
  0.015111172199   0.002573162543  -0.039596691111
  0.106980102961   0.055179136593  -0.229844245176
 -0.044125514028   0.035531898579  -0.099672791109
  0.135551057585   0.050993859130  -0.243945231054
 -0.046110720937  -0.054596573986  -0.099614534424
  0.452578711904   0.445401152685  -4.099657739658
 -0.044259858702   0.010354309347  -0.020024833817
  0.061530431627   0.018282647570   0.096329312177
 -0.047083249704  -0.037934771226   0.064906051305
 -0.002721014488  -0.023728677262   0.021082078020
  0.014193240739   0.016129036438   0.041223848907
  0.019102864600  -0.029389196492  -0.020209406798
  0.020868659827   0.034708861465   0.020642442248
 -0.003925324509  -0.018078744955   0.017358121572
  0.043202635029   0.008489531468   0.037580832524
  0.030089552643   0.110663462718   0.101053000898
 -0.041532880700   0.030748050561   0.066194126671
 -0.015500732135   0.040965295176  -0.018556234562
 -0.005824758027  -0.033618078709   0.029575990120
 -0.078901869424   0.021532271719   0.014439613277
 -0.004238478467  -0.030171737188   0.008472291904
  0.093771679957   0.136013187026   0.078224067154
  0.231471439479   0.214407729725   0.471329277958
 -0.029233011561  -0.099276795123   0.067763537832
  0.073860856378   0.037259556547   0.053822449181
  0.023770181008   0.024009403418   0.013305586524
 -0.039171855581   0.002281778205   0.087429065628
  0.005379335077   0.002822434957  -0.009153096876
 -0.122825691449  -1.055945335889   1.385464098322
  0.042580186495  -0.070578763693   0.192928338614
 -0.208051146400   0.003297987285   0.187704934993
  0.013367036611  -0.009361908860  -0.022445489891
  0.032461850842   0.028495536317  -0.009092570658
 -0.004684186796   0.004109139843   0.008082198476
 -0.009408178437  -0.006289722388   0.010174789367
  0.034140423266   0.007841143136  -0.057988854686
  0.011698316785   0.021613529134  -0.015517436982
   24    1  1.0000  0.0000  0.0000
  0.000697624920   0.011290702450   0.004921866241
  0.052969394308   0.156890408989  -0.027032661717
  0.010453562272   0.013373011572  -0.000737534472
 -0.055314438563   0.043600530468  -0.038831262998
 -0.096309626236   0.080524935561   0.119690792497
  1.815458676197  -0.574120716250  -0.806690861016
 -0.013337590708   0.166966138484   0.065504352220
 -0.105230897154  -0.005414835599  -0.028604110093
 -0.047497436208   0.082231300161  -0.022492303193
 -0.011738703880  -0.001107142769  -0.007267072966
 -0.045268821043   0.060056440766  -0.008560216906
  0.012254232466  -0.078027137683   0.072544846774
  0.008902866496  -0.020079594979   0.017390584273
 -0.016738246720  -0.016331906408   0.000568789265
 -0.070611588965  -0.056266306879   0.003624893198
  0.035574379641  -0.003731875624  -0.005785060626
  0.017356048346   0.007741660981  -0.017634250901
 -0.017866726280  -0.007466937453  -0.024017504235
 -0.011061637916   0.042685519879  -0.049593003095
  0.050819030097  -0.161525646392   0.128497564992
 -0.011144948239   0.033826246200  -0.044947319569
  0.051423510448  -0.152003825548   0.105859797117
  0.052948779197  -0.034217655918  -0.046739886310
 -2.980978729378   0.511359079307   0.610488219601
  0.094922197476  -0.046755479642  -0.044589710144
  0.121061701503  -0.003956694202   0.020262079623
  0.020267674728  -0.001993870592   0.035666806029
  0.024104557507  -0.001520183491  -0.006263712375
  0.029358406369   0.017432417303  -0.010692508680
  0.008734623486   0.024246101756  -0.019437043986
  0.019889165975   0.013007620657   0.011584027005
  0.023970773789  -0.003879506876  -0.005403359376
  0.094433887690  -0.019439488254  -0.045446428420
  0.120564006892   0.124717260497   0.051855856381
  0.028772616104  -0.002123068319   0.015011262258
  0.008351427352   0.010679405311   0.013898213951
  0.017862455934  -0.047645045192   0.080665866427
 -0.000584319025  -0.052147665160   0.011951097583
 -0.375506975134  -0.113222585389  -0.234845800032
  0.277373854668  -0.034413570153  -0.076422384027
  0.026263556152  -0.011695254782   0.026903541662
  0.030587412374   0.130222839621  -0.066289081995
  0.001481325530  -0.024505863637   0.001771910228
 -0.019011905449  -0.033693490650   0.022141826068
  0.554011944156  -0.136607108697   0.130457888368
  0.007057173004  -0.000505999470   0.000223889080
  0.190371688707   0.074265126039  -0.037231343096
  0.182792651426  -0.011638547365   0.184878286221
 -0.011647926892   0.016077516992  -0.012167387607
 -0.047170660299   0.004457278809  -0.027333766621
 -0.008064089134  -0.006638750381  -0.002880297792
 -0.036642431788   0.005918034955   0.019403634179
 -0.002129736704   0.028097437884  -0.026551252721
 -0.007233769494   0.003008739111  -0.011280766270
   24    2  0.0000  1.0000  0.0000
 -0.031658790984  -0.004023129598   0.001619207418
  0.197194891924   0.093895808155   0.011133526769
  0.007483232426  -0.047242499184  -0.004262666208
  0.013094664555  -0.034038026051  -0.046543929589
  0.094661681814   0.192113913710   0.058877071665
 -0.888603420122   0.934243983916   0.554861418575
  0.016174242884   0.034546575671   0.025640826967
  0.082775273978   0.049398217171   0.089432582932
  0.047447158899   0.104121942248  -0.136058074490
  0.001911918699   0.003874787275   0.002242245915
  0.169949358078  -0.081570295379  -0.083826605268
 -0.299722987230  -0.220633147737  -0.290364996109
 -0.000553233500  -0.019246883762  -0.010774762039
  0.013017291903   0.006579701815  -0.021984164403
 -0.009296425556   0.014100675672  -0.030786553106
  0.010532222641  -0.028736648675   0.001991152193
  0.023927884547  -0.036607665837  -0.005129930039
 -0.014532771619   0.001607321446  -0.006641838730
  0.033908711801   0.097659466270  -0.058585409431
 -0.151622127843   0.229256296053   0.045506828357
  0.042700968192   0.097053365011   0.035656194268
 -0.161213712339   0.229715126019   0.056488731586
 -0.033962001651  -0.044284786607   0.003876756525
  0.509914156308  -3.590992722428   0.518776852773
 -0.019936163299   0.006742183873   0.022422922883
  0.124886827588   0.039491274812   0.102075120839
  0.013658755083   0.060680741415   0.005077072758
 -0.003286115403   0.024976818601  -0.022910686597
 -0.002432279182   0.043409491855  -0.024234378053
  0.010008060836  -0.021770080038   0.037339508900
 -0.002174340194   0.060852512407   0.010730743903
 -0.001604276664   0.025431177039  -0.027198570396
 -0.046868181684   0.006595492773  -0.038243788446
 -0.004344617437   0.039637235244   0.017972970777
  0.017211762899   0.043281335405   0.032198562202
  0.024773397089  -0.022589717792  -0.031453571081
 -0.000951881831  -0.008930918195   0.013824212693
  0.099603421823   0.042771613250  -0.024148815202
  0.125413884774   0.156035615647   0.226637844574
  0.021967109781  -0.120556996833   0.111733726066
 -0.134758987792  -0.136749344188  -0.096054317351
  0.017410040183  -0.135608965264   0.040988592303
  0.052118234113  -0.096722456853   0.031404405549
  0.005849739871  -0.005245126120  -0.009835069869
  0.136048298424   2.297669603169  -1.070456744470
 -0.000021517693   0.010792612494   0.003798624070
  0.010402542098  -0.143586535480  -0.059205240648
 -0.066441806063  -0.139298704833   0.001938670919
 -0.003930700929  -0.015881956401   0.020312485933
 -0.014536044738  -0.058944694111  -0.001650420220
  0.005275878428   0.004594675289  -0.002063295172
 -0.004097072770  -0.005925382798  -0.006612686437
  0.008972379152   0.038298629055  -0.015843245409
 -0.041744534268   0.029758491405   0.040310898449
   24    3  0.0000  0.0000  1.0000
  0.009042351663   0.000417521073   0.000010182737
 -0.049523462147  -0.160067811398   0.254966456715
  0.018567925946   0.031389732499   0.016660438946
 -0.008066388333  -0.053747662239   0.059709838802
 -0.073956141580  -0.080587468507   0.018252204740
 -1.023253849313   0.360875729709   1.144969633505
  0.107795500871   0.017544743342   0.014224915771
  0.068344117022   0.037349325975   0.063787834488
  0.031665607887  -0.108271739657   0.026041544433
 -0.007715413007   0.001802927532  -0.000314596795
 -0.103779597154   0.028327875991   0.073378758533
  0.293927198421   0.051449326645   0.411743156760
  0.016438230437  -0.013662232076   0.013930842420
 -0.004920051402   0.010067652693   0.001426381703
 -0.021956280188  -0.014313586558  -0.111127756159
  0.026148077333  -0.004268485346  -0.060701083608
  0.015115183395   0.002566339223  -0.039596655130
  0.007154153778   0.000964531820  -0.016679627518
 -0.044133913132   0.035537145635  -0.099675755723
  0.106986691391   0.055180736201  -0.229844680750
 -0.046114087807  -0.054612677222  -0.099602336215
  0.135559334512   0.050995351248  -0.243962815457
 -0.044262458787   0.010336258139  -0.020021981759
  0.452513152739   0.445398741205  -4.099704908809
 -0.047086041767  -0.037941741275   0.064905701072
  0.061535877573   0.018283163287   0.096321050490
  0.014188509316   0.016124641560   0.041211782554
 -0.002708791203  -0.023724822350   0.021079804274
  0.020871825036   0.034706548376   0.020647820138
  0.019105283994  -0.029388253741  -0.020211210604
  0.043202477960   0.008481106320   0.037571152359
 -0.003917197841  -0.018079081649   0.017353696809
 -0.041532569824   0.030742542904   0.066194152979
  0.030091175811   0.110666183957   0.101044580751
 -0.005825139254  -0.033610783910   0.029576145187
 -0.015504595807   0.040964973522  -0.018556594785
 -0.004240249736  -0.030182093717   0.008468206130
 -0.078901923640   0.021537809791   0.014443323955
  0.231476907169   0.214413020531   0.471316661435
  0.093764919837   0.136021763927   0.078252269168
  0.073863086333   0.037253152713   0.053821044830
 -0.029231553906  -0.099276247370   0.067767074625
 -0.039169553605   0.002282697031   0.087423486446
  0.023776343052   0.024021009727   0.013305531180
 -0.122824075636  -1.055939849757   1.385515017264
  0.005387847050   0.002821256395  -0.009154396776
 -0.208050694521   0.003314058830   0.187694482391
  0.042579545693  -0.070570821574   0.192931453300
  0.032461631454   0.028501100256  -0.009088221988
  0.013367868910  -0.009362895520  -0.022442951660
 -0.009404441208  -0.006288775786   0.010178120724
 -0.004688138956   0.004105360293   0.008083115280
  0.011701057946   0.021608703712  -0.015526622459
  0.034134727228   0.007843997591  -0.057995666701
   25    1  1.0000  0.0000  0.0000
 -0.017875773242  -0.007471626699  -0.024016461077
  0.017353530903   0.007738789579  -0.017615501362
 -0.016748162138  -0.016326394027   0.000570487457
  0.008889474556  -0.020085473426   0.017395911735
  0.035567367060  -0.003726588624  -0.005780156157
 -0.070629003556  -0.056268178891   0.003624416490
  1.815435332614  -0.574147089903  -0.806640755822
 -0.096318191733   0.080525833836   0.119680243879
  0.052951418162   0.156880021042  -0.027029996536
  0.000685076183   0.011297319865   0.004925048092
 -0.055332302902   0.043584851085  -0.038827533615
  0.010441956531   0.013368716135  -0.000739203402
  0.012248578114  -0.078030573341   0.072562641695
 -0.045285327329   0.060060261341  -0.008561914646
 -0.105241565474  -0.005410407817  -0.028605109986
 -0.013355808024   0.166975697226   0.065501961107
 -0.011748247435  -0.001103089328  -0.007263407903
 -0.047508697860   0.082234497991  -0.022492064518
  0.008348376714   0.010682997145   0.013894991581
  0.028766413954  -0.002126983254   0.015009379942
  0.023960993701  -0.003884184890  -0.005398124030
  0.019881726036   0.013006023996   0.011588559332
  0.120560558027   0.124715115125   0.051861783097
  0.094418554687  -0.019443205699  -0.045448190662
 -2.980352336901   0.511377362344   0.610308946234
  0.052937459778  -0.034196603686  -0.046729695350
  0.050809931417  -0.161517692314   0.128489124813
 -0.011069630333   0.042682063399  -0.049580765483
  0.051413486320  -0.152003474330   0.105856775787
 -0.011159515140   0.033828849325  -0.044945733682
  0.008722568186   0.024248179194  -0.019430915819
  0.029352688340   0.017439605279  -0.010690976201
  0.121045048380  -0.003958806055   0.020262691516
  0.094912799869  -0.046753854799  -0.044593825914
  0.024082969535  -0.001525200276  -0.006260782740
  0.020264603915  -0.001993095148   0.035671454724
 -0.007250352765   0.003019028223  -0.011275366468
 -0.002145902836   0.028092322211  -0.026558991138
 -0.047178071014   0.004458052955  -0.027339769644
 -0.011660899105   0.016077205820  -0.012167829939
 -0.036653990909   0.005920672464   0.019415187791
 -0.008076061957  -0.006636499802  -0.002878465812
  0.030577969545   0.130217417433  -0.066287719833
  0.026252503735  -0.011689577839   0.026906863432
 -0.000583020600  -0.052150584396   0.011960648347
  0.017848270678  -0.047638789929   0.080666316739
  0.277345164728  -0.034417471644  -0.076414145464
 -0.375509201752  -0.113236409321  -0.234825887411
  0.182777475116  -0.011628928267   0.184871629643
  0.190346461281   0.074275684170  -0.037229248806
 -0.019028681466  -0.033697960241   0.022143677529
  0.001461213675  -0.024510730925   0.001773311081
  0.007048366610  -0.000500405512   0.000227453804
  0.554002406120  -0.136626686802   0.130459033574
   25    2  0.0000  1.0000  0.0000
 -0.014506125975   0.001604486456  -0.006635918864
  0.023949768652  -0.036660515299  -0.005168014308
  0.013021150148   0.006574206037  -0.021994029301
 -0.000569230150  -0.019260606352  -0.010760582420
  0.010513695406  -0.028786706709   0.001995725903
 -0.009290986489   0.014092018101  -0.030784944877
 -0.888390483180   0.934201927071   0.554696547718
  0.094543009129   0.191928957076   0.058821322306
  0.197199882448   0.093944195705   0.011075728390
 -0.031675839162  -0.003967613680   0.001618711292
  0.013044066670  -0.034025966622  -0.046528078568
  0.007494058058  -0.047210487404  -0.004263753416
 -0.299720564006  -0.220679946150  -0.290310761140
  0.169809187317  -0.081552852699  -0.083743906324
  0.082860380702   0.049381469162   0.089542870724
  0.016169194665   0.034428721279   0.025551289327
  0.001899456703   0.003839087726   0.002242494699
  0.047463502589   0.104002602951  -0.136098117170
  0.024757411856  -0.022622427771  -0.031440411113
  0.017213208352   0.043298393110   0.032179293626
 -0.001615888985   0.025459046427  -0.027257515819
 -0.002185548875   0.060847477626   0.010701286136
 -0.004381234829   0.039629416763   0.018011878377
 -0.046878183092   0.006541673387  -0.038255707774
  0.509968351995  -3.589462747193   0.518854208599
 -0.033991996961  -0.044401446876   0.003891526459
 -0.151756047136   0.229421151225   0.045559835901
  0.033982817627   0.097652515058  -0.058530131338
 -0.161197325871   0.229638974819   0.056439617281
  0.042726377788   0.097083111763   0.035647497582
  0.010060389051  -0.021761854602   0.037315521111
 -0.002383611388   0.043435938319  -0.024238361890
  0.124896198959   0.039485140801   0.102119269920
 -0.019866523358   0.006716271347   0.022329417811
 -0.003246496808   0.024982220771  -0.022935270608
  0.013629016950   0.060713121709   0.005115862652
 -0.041759758896   0.029751687720   0.040295420832
  0.008929397125   0.038283579834  -0.015869176386
 -0.014566970880  -0.058958144820  -0.001642052798
 -0.003944543872  -0.015903466574   0.020318026670
 -0.004118389075  -0.005924273287  -0.006677794896
  0.005251190854   0.004601233756  -0.002078179644
  0.017448728762  -0.135531195150   0.040920712035
 -0.134827355147  -0.136823514176  -0.096178835867
  0.099601901133   0.042684174965  -0.024142302796
 -0.000918827166  -0.008928679193   0.013833681560
  0.022035102131  -0.120740714633   0.111702613235
  0.125465766492   0.155958163187   0.226677205614
 -0.066494657761  -0.139354579172   0.001871652635
  0.010437639886  -0.143588893553  -0.059120236939
  0.005849796755  -0.005243215696  -0.009836961332
  0.052139310536  -0.096738360696   0.031367738942
 -0.000011927392   0.010800802975   0.003829957341
  0.135938557715   2.297146441185  -1.070035869088
   25    3  0.0000  0.0000  1.0000
  0.007153429406   0.000960480193  -0.016671354487
  0.015115853357   0.002564744385  -0.039591937519
 -0.004921714429   0.010065083887   0.001431040817
  0.016443563363  -0.013661198459   0.013937252931
  0.026138930326  -0.004265654214  -0.060698879268
 -0.021955463629  -0.014318447205  -0.111121091181
 -1.023239521816   0.360876549509   1.144952351622
 -0.073945158028  -0.080587240614   0.018249352629
 -0.049530063331  -0.160093534362   0.254964104928
  0.009039603820   0.000413531203   0.000002925809
 -0.008063530158  -0.053752167205   0.059726001209
  0.018570553124   0.031385181955   0.016660709888
  0.293942321757   0.051471359683   0.411750614616
 -0.103770690212   0.028330271391   0.073382968086
  0.068340886950   0.037354949836   0.063797353583
  0.107787563199   0.017545224026   0.014221837942
 -0.007718416802   0.001810849520  -0.000307192271
  0.031664501504  -0.108256631550   0.026058321309
 -0.015488035779   0.040978207607  -0.018564241891
 -0.005821035870  -0.033616010252   0.029581280386
 -0.003925434094  -0.018072248046   0.017361263524
  0.043203398593   0.008490280384   0.037582562929
  0.030100774875   0.110661893062   0.101048024573
 -0.041532875944   0.030743585737   0.066190400119
  0.452388076654   0.445359931227  -4.099854440312
 -0.044263505089   0.010355514535  -0.020027780796
  0.106982138024   0.055178255072  -0.229838479022
 -0.044118257026   0.035537408153  -0.099667036458
  0.135562064428   0.050981826225  -0.243956184407
 -0.046120692469  -0.054624203411  -0.099612526319
  0.019100297342  -0.029395163290  -0.020216727639
  0.020864602997   0.034707827955   0.020649296151
  0.061544239042   0.018278674168   0.096343693048
 -0.047079584217  -0.037924895756   0.064919395539
 -0.002714266595  -0.023725387001   0.021076518427
  0.014190932547   0.016122506123   0.041223776655
  0.034142992925   0.007847929333  -0.057985927729
  0.011707925499   0.021612836777  -0.015518756431
  0.013368864643  -0.009358664272  -0.022449758165
  0.032468732935   0.028503559320  -0.009084445081
 -0.004684323594   0.004101117899   0.008092940580
 -0.009397597884  -0.006289928008   0.010186748675
 -0.029228445398  -0.099275513996   0.067769889823
  0.073859542246   0.037258405077   0.053820003224
 -0.078894948638   0.021533152005   0.014449006013
 -0.004236215230  -0.030174403222   0.008473848326
  0.093776757873   0.136032950242   0.078250487372
  0.231467643288   0.214410008973   0.471329499184
  0.042574269524  -0.070564585611   0.192919811383
 -0.208043530220   0.003310113749   0.187697046660
  0.023773757544   0.024016354136   0.013305345840
 -0.039167348179   0.002279670543   0.087422344786
  0.005384002832   0.002818295769  -0.009145920947
 -0.122797565984  -1.055942653186   1.385484661338
   26    1  1.0000  0.0000  0.0000
  0.017347535727   0.007738132885  -0.017623592756
 -0.017872429746  -0.007463464262  -0.024016687249
  0.008889696557  -0.020085894912   0.017389419246
 -0.016746681634  -0.016332886013   0.000573231053
 -0.070631331107  -0.056262610924   0.003620415801
  0.035567088061  -0.003722979888  -0.005784293795
 -0.096329639681   0.080528466378   0.119673990986
  1.815446844023  -0.574120914979  -0.806672224891
  0.000688126102   0.011296713712   0.004925324654
  0.052962919352   0.156882536750  -0.027033408658
  0.010442129937   0.013369225635  -0.000741326048
 -0.055330465588   0.043601782185  -0.038831535287
 -0.045284066054   0.060068542394  -0.008562968992
  0.012245580263  -0.078018670619   0.072558615839
 -0.013350044753   0.166961409319   0.065510721277
 -0.105238977782  -0.005413716382  -0.028608021933
 -0.047514813541   0.082204808053  -0.022505991574
 -0.011750514833  -0.001106090864  -0.007259960788
  0.028765157503  -0.002131164971   0.015012616640
  0.008349696816   0.010674812703   0.013893138504
  0.019882054308   0.013008550835   0.011590326796
  0.023961070678  -0.003885401880  -0.005401920722
  0.094416069270  -0.019443004155  -0.045448185570
  0.120553761388   0.124719267477   0.051859141915
  0.052934882723  -0.034202890611  -0.046738972007
 -2.980396624973   0.511343898918   0.610364975734
 -0.011076456427   0.042684047655  -0.049585506320
  0.050807041229  -0.161511265577   0.128493355763
 -0.011150408968   0.033827665413  -0.044937233254
  0.051416837879  -0.152006566611   0.105849312032
  0.029347735392   0.017433953481  -0.010684391252
  0.008725047776   0.024244508495  -0.019438090709
  0.094903045505  -0.046753956287  -0.044596655144
  0.121051697274  -0.003948898218   0.020262590156
  0.020263809319  -0.001984487296   0.035668674741
  0.024093953590  -0.001516775028  -0.006268241788
 -0.002142692119   0.028088408804  -0.026552863035
 -0.007251263917   0.003023719853  -0.011279438121
 -0.011656873495   0.016083762240  -0.012157789261
 -0.047175013687   0.004462642044  -0.027332830657
 -0.008076771324  -0.006631865237  -0.002881511538
 -0.036654599854   0.005920009627   0.019407295128
  0.026251918812  -0.011683551189   0.026902359257
  0.030575755496   0.130228091166  -0.066289945258
  0.017849636541  -0.047645520758   0.080664809977
 -0.000594962806  -0.052145555804   0.011956865788
 -0.375516912094  -0.113221291581  -0.234828601154
  0.277357200961  -0.034446609700  -0.076408259860
  0.190358000931   0.074265786839  -0.037235626257
  0.182783189303  -0.011643881691   0.184880774835
  0.001466906976  -0.024507786038   0.001777228667
 -0.019023833484  -0.033698691801   0.022139266024
  0.554014589632  -0.136624913348   0.130508082772
  0.007046398546  -0.000499436238   0.000223540295
   26    2  0.0000  1.0000  0.0000
  0.023947970357  -0.036661651477  -0.005170275493
 -0.014504093069   0.001598433334  -0.006635027648
 -0.000569628934  -0.019258336969  -0.010767681453
  0.013020636852   0.006570271884  -0.021997738497
 -0.009287886670   0.014085978152  -0.030793005844
  0.010516792141  -0.028789401241   0.001997526524
  0.094539823305   0.191933031846   0.058815849079
 -0.888419367210   0.934217922913   0.554702094446
 -0.031679380081  -0.003977917084   0.001619955045
  0.197199827333   0.093935779911   0.011070216260
  0.007493645179  -0.047204713159  -0.004262871093
  0.013034854426  -0.034031944370  -0.046524807921
  0.169805658737  -0.081561053046  -0.083737322994
 -0.299708027884  -0.220690335202  -0.290308797433
  0.016164588570   0.034420008311   0.025525924621
  0.082850705020   0.049375426798   0.089541620757
  0.047449127507   0.104017388504  -0.136096920761
  0.001897754543   0.003837067379   0.002233740859
  0.017211215844   0.043297601079   0.032184884864
  0.024754512543  -0.022628878328  -0.031436012311
 -0.002187840608   0.060837128583   0.010707256125
 -0.001617221217   0.025459413112  -0.027248622871
 -0.046880945511   0.006540689162  -0.038262180021
 -0.004379285665   0.039619893682   0.018016121178
 -0.033988919832  -0.044402224199   0.003895100937
  0.510008870670  -3.589329520819   0.518852751779
  0.033984414289   0.097643122947  -0.058522305055
 -0.151751934315   0.229417418538   0.045565543166
  0.042717279141   0.097069752728   0.035643523371
 -0.161197326434   0.229640182188   0.056437906545
 -0.002379137109   0.043431155539  -0.024243797188
  0.010059342669  -0.021765299349   0.037319342625
 -0.019861350183   0.006711069798   0.022336966166
  0.124889814003   0.039481392025   0.102110396681
  0.013628184477   0.060705791967   0.005118041590
 -0.003247539886   0.024981452725  -0.022933396673
  0.008924789580   0.038282967335  -0.015870201363
 -0.041755579563   0.029739277490   0.040294224112
 -0.003937152679  -0.015902425482   0.020320344383
 -0.014577337427  -0.058964332997  -0.001643974737
  0.005244753845   0.004593635317  -0.002084107100
 -0.004113176936  -0.005925986792  -0.006679969713
 -0.134821534601  -0.136828687666  -0.096172365741
  0.017450201241  -0.135537212485   0.040926887934
 -0.000923144313  -0.008927064625   0.013836377739
  0.099595290824   0.042676219374  -0.024148672752
  0.125477105866   0.155938357169   0.226690761640
  0.022037059252  -0.120714066112   0.111674900897
  0.010437732350  -0.143589923135  -0.059133484258
 -0.066494709310  -0.139363207084   0.001858431815
  0.052140092607  -0.096743557329   0.031370741267
  0.005850111292  -0.005244021694  -0.009828309557
  0.135958729749   2.297187860988  -1.070004830928
 -0.000008364771   0.010796069864   0.003839247000
   26    3  0.0000  0.0000  1.0000
  0.015111979471   0.002563450318  -0.039594772665
  0.007154116349   0.000970854214  -0.016674949527
  0.016435448942  -0.013664439532   0.013934640654
 -0.004921196348   0.010067795046   0.001429158775
 -0.021955320969  -0.014315687514  -0.111126248474
  0.026138612624  -0.004263729638  -0.060702149343
 -0.073959335271  -0.080580539816   0.018239466757
 -1.023253293431   0.360864754295   1.144975084864
  0.009041502521   0.000415608664   0.000002149145
 -0.049533218564  -0.160072639666   0.254958466711
  0.018573391866   0.031391951984   0.016656529754
 -0.008074952521  -0.053745308871   0.059713240457
 -0.103767334883   0.028341284392   0.073384118407
  0.293918605989   0.051454414633   0.411750260066
  0.107802719119   0.017549712942   0.014228765215
  0.068345617807   0.037357262838   0.063784849895
  0.031672665511  -0.108284552364   0.026049889014
 -0.007722045438   0.001804754840  -0.000312383512
 -0.005818601935  -0.033618271977   0.029583061245
 -0.015490360060   0.040977290651  -0.018566763772
  0.043199331107   0.008484845887   0.037581784134
 -0.003925865457  -0.018074151951   0.017356827209
 -0.041530491737   0.030743196777   0.066188984563
  0.030090101947   0.110659465011   0.101049363836
 -0.044264148883   0.010347321835  -0.020021985871
  0.452459727562   0.445359792656  -4.099790393703
 -0.044121940514   0.035536580376  -0.099666710079
  0.106993731047   0.055186337758  -0.229834457827
 -0.046117493898  -0.054621986392  -0.099608918766
  0.135569254134   0.050983722443  -0.243956216917
  0.020865275795   0.034703860457   0.020643985208
  0.019108503565  -0.029391887926  -0.020219139990
 -0.047079675345  -0.037932097746   0.064910245697
  0.061549894136   0.018290055071   0.096333421699
  0.014198737930   0.016128362052   0.041217409576
 -0.002716830656  -0.023727758183   0.021069791025
  0.011706747917   0.021607847658  -0.015517904922
  0.034140323840   0.007847703530  -0.057996667059
  0.032466641113   0.028508999995  -0.009087701037
  0.013376908366  -0.009368339716  -0.022437139895
 -0.009405520539  -0.006299676195   0.010176299721
 -0.004686518489   0.004109298174   0.008083370178
  0.073869243049   0.037255115824   0.053822472470
 -0.029230234635  -0.099277357445   0.067766120604
 -0.004234032934  -0.030180499635   0.008468133408
 -0.078895810781   0.021538631044   0.014448414299
  0.231469649920   0.214414665006   0.471325848757
  0.093760848267   0.136013234383   0.078247601675
 -0.208039944671   0.003316287292   0.187717123633
  0.042572926915  -0.070580185994   0.192931973183
 -0.039171193854   0.002279940396   0.087428136213
  0.023767956650   0.024014005211   0.013306768670
 -0.122825608704  -1.055908351402   1.385505554219
  0.005380507058   0.002819058312  -0.009154807576
   27    1  1.0000  0.0000  0.0000
  0.035558116165  -0.003725285661  -0.005786524125
 -0.070635262938  -0.056263360636   0.003615759846
 -0.017884040393  -0.007468685852  -0.024017591539
  0.017334335850   0.007738991105  -0.017623069731
 -0.016751626768  -0.016338146668   0.000579270229
  0.008883675079  -0.020086845566   0.017394191257
 -0.055337763246   0.043588308770  -0.038834976026
  0.010441406210   0.013366786987  -0.000736909728
  1.815425458315  -0.574123432267  -0.806657417347
 -0.096336996758   0.080527916334   0.119668284164
  0.052948544123   0.156870840402  -0.027035019241
  0.000680926934   0.011291525828   0.004928780890
 -0.011755824159  -0.001108850532  -0.007260301919
 -0.047518376342   0.082212584791  -0.022495945056
  0.012243924546  -0.078016790425   0.072562687831
 -0.045287091383   0.060061154035  -0.008553948909
 -0.105248254935  -0.005410267100  -0.028602888648
 -0.013356382448   0.166962416254   0.065515025741
  0.120542343628   0.124709547243   0.051862534593
  0.094410377174  -0.019437277607  -0.045450410793
  0.008340058301   0.010674710947   0.013892017865
  0.028763085294  -0.002127757096   0.015006928790
  0.023952271659  -0.003888233739  -0.005403319854
  0.019879542006   0.013002595201   0.011587056592
  0.051412727426  -0.152006555797   0.105855251933
 -0.011161980027   0.033828646370  -0.044932916465
 -2.979984129287   0.511459127945   0.610290347948
  0.052930914941  -0.034201222428  -0.046726672579
  0.050808467498  -0.161519349449   0.128494931719
 -0.011079474737   0.042680577511  -0.049583086034
  0.024078901367  -0.001523365290  -0.006260238633
  0.020251612409  -0.001993688245   0.035671771696
  0.008716029670   0.024239903626  -0.019431924634
  0.029340723505   0.017433844192  -0.010687654009
  0.121043496570  -0.003954640218   0.020262813035
  0.094897013504  -0.046757926551  -0.044584184312
 -0.036659176586   0.005919994445   0.019411862322
 -0.008085519478  -0.006630696861  -0.002882436113
 -0.007254036268   0.003020338438  -0.011275037360
 -0.002143190091   0.028086631768  -0.026554072675
 -0.047185059758   0.004461394231  -0.027325212708
 -0.011667094620   0.016075654850  -0.012160864504
  0.277333184995  -0.034420019785  -0.076422489873
 -0.375510055168  -0.113231901188  -0.234826646663
  0.030561575076   0.130217634494  -0.066290887476
  0.026245919951  -0.011690304022   0.026900502723
 -0.000602916841  -0.052146762312   0.011959889993
  0.017836051810  -0.047638404739   0.080659067997
  0.007034909221  -0.000500584998   0.000225055750
  0.554007892513  -0.136645204299   0.130491774552
  0.182772875467  -0.011638373317   0.184876473417
  0.190342629786   0.074270367085  -0.037232322214
 -0.019029683219  -0.033697278268   0.022141654628
  0.001454944459  -0.024510281940   0.001781033661
   27    2  0.0000  1.0000  0.0000
  0.010513812355  -0.028801095234   0.001999349101
 -0.009292167327   0.014072773335  -0.030794207458
 -0.014508058767   0.001585709776  -0.006640408936
  0.023948706161  -0.036673180031  -0.005167268242
  0.013019250768   0.006561565557  -0.021996976658
 -0.000569508965  -0.019280731632  -0.010763969058
  0.013034876539  -0.034044903068  -0.046525990558
  0.007494293434  -0.047218189374  -0.004267072841
 -0.888417398844   0.934195574474   0.554716301469
  0.094536828971   0.191918960595   0.058817093392
  0.197196117145   0.093930164783   0.011073789091
 -0.031679740088  -0.003993633876   0.001620895179
  0.001895749710   0.003822093282   0.002235318147
  0.047448322329   0.103988982460  -0.136100333618
 -0.299718572498  -0.220701168869  -0.290301095291
  0.169805574394  -0.081576042011  -0.083743215201
  0.082857571486   0.049362278293   0.089542733382
  0.016166265999   0.034413510243   0.025528892690
 -0.004381785030   0.039601987074   0.018013894816
 -0.046885585037   0.006524182858  -0.038255796339
  0.024748219302  -0.022638678332  -0.031429105183
  0.017213438911   0.043282131542   0.032176798359
 -0.001621798233   0.025443024268  -0.027256849951
 -0.002187979910   0.060831550905   0.010704942706
 -0.161197090927   0.229619087350   0.056439832928
  0.042718098731   0.097061471907   0.035641293787
  0.510108042619  -3.588599970066   0.518878163453
 -0.033983739114  -0.044413634398   0.003882794930
 -0.151750153434   0.229402890567   0.045560024958
  0.033986775289   0.097630923593  -0.058524409135
 -0.003250350994   0.024969641010  -0.022929877589
  0.013633418068   0.060691906731   0.005112398292
  0.010060769054  -0.021777798573   0.037318086804
 -0.002382755586   0.043413510290  -0.024245830498
  0.124887996734   0.039473171514   0.102115898052
 -0.019866128695   0.006695156358   0.022331987517
 -0.004119883802  -0.005935328682  -0.006684899428
  0.005244355630   0.004584018986  -0.002080989824
 -0.041768180926   0.029719539908   0.040291558968
  0.008921703912   0.038266708512  -0.015868078406
 -0.014573183633  -0.058979428273  -0.001641009939
 -0.003942698011  -0.015917178528   0.020317748521
  0.022025813615  -0.120730817696   0.111673461400
  0.125479069907   0.155925468244   0.226682340152
  0.017451329585  -0.135549827980   0.040921715074
 -0.134826044020  -0.136841961703  -0.096175832865
  0.099596148196   0.042662981377  -0.024144550764
 -0.000921391655  -0.008938423793   0.013837365288
 -0.000010547706   0.010781175360   0.003836615429
  0.135938554444   2.297165578012  -1.070013246462
 -0.066499697501  -0.139376421010   0.001863692292
  0.010434784803  -0.143594893370  -0.059125918231
  0.005853083087  -0.005255134032  -0.009826533286
  0.052135469526  -0.096759278632   0.031368479585
   27    3  0.0000  0.0000  1.0000
  0.026136405719  -0.004264428226  -0.060728482083
 -0.021955202323  -0.014313027562  -0.111145503560
  0.007152129023   0.000960854614  -0.016700637197
  0.015112310236   0.002571272995  -0.039617365636
 -0.004923642075   0.010066821051   0.001394244393
  0.016433255223  -0.013667893107   0.013905216559
 -0.008071347803  -0.053760739259   0.059679708202
  0.018572767977   0.031383435684   0.016625413595
 -1.023245859996   0.360867891953   1.144931438620
 -0.073948517674  -0.080585126649   0.018214728690
 -0.049548578734  -0.160079554945   0.254921402664
  0.009048513454   0.000415615537  -0.000027011217
 -0.007720345871   0.001805635008  -0.000340794284
  0.031682232723  -0.108279240583   0.026026224506
  0.293935225894   0.051452908453   0.411738781849
 -0.103769060364   0.028341240595   0.073349854801
  0.068353287409   0.037350649718   0.063759321589
  0.107795790519   0.017560492696   0.014197242475
  0.030090056341   0.110660000261   0.101019301263
 -0.041530775335   0.030742704617   0.066156706921
 -0.015497159473   0.040972959347  -0.018595433784
 -0.005820075853  -0.033625098972   0.029552444066
 -0.003932425291  -0.018077056628   0.017334779496
  0.043203588136   0.008492191479   0.037553212363
  0.135560563063   0.050998729475  -0.243983435274
 -0.046119796143  -0.054608210431  -0.099640923773
  0.452513983268   0.445438276314  -4.098271264235
 -0.044258140839   0.010353367236  -0.020047174675
  0.106989148478   0.055189429821  -0.229868175161
 -0.044124296190   0.035529290537  -0.099691576108
 -0.002726496120  -0.023733220949   0.021044364530
  0.014192746221   0.016127745837   0.041199550118
  0.019100369366  -0.029392132392  -0.020236650447
  0.020865212893   0.034714399434   0.020612306144
  0.061531074693   0.018283442898   0.096303760793
 -0.047079339139  -0.037929165181   0.064874388490
 -0.004686067120   0.004113223155   0.008058464148
 -0.009406152511  -0.006286589544   0.010150470191
  0.034135426897   0.007846817883  -0.058016072203
  0.011700297715   0.021611447561  -0.015546167323
  0.013376115804  -0.009375481780  -0.022465685832
  0.032465182970   0.028500201151  -0.009119782276
  0.093764892240   0.136031094510   0.078190740845
  0.231473491821   0.214400077187   0.471298867386
 -0.029233682628  -0.099281741252   0.067738744587
  0.073871641408   0.037257459017   0.053800075526
 -0.078902632551   0.021531609266   0.014421368643
 -0.004243344973  -0.030173965093   0.008437428937
  0.005383965435   0.002824610437  -0.009178631427
 -0.122831076139  -1.055981741051   1.385470134521
  0.042587922575  -0.070575493679   0.192896973476
 -0.208054035409   0.003308481155   0.187680246137
  0.023768927251   0.024010438775   0.013282870675
 -0.039168474201   0.002275091627   0.087399989298
   28    1  1.0000  0.0000  0.0000
 -0.070637147085  -0.056270526709   0.003623591950
  0.035560665105  -0.003724536038  -0.005787812951
  0.017335565758   0.007734369258  -0.017625159916
 -0.017882944046  -0.007467233008  -0.024019236687
  0.008884110945  -0.020086355639   0.017392386719
 -0.016758529111  -0.016332298466   0.000571778709
  0.010440055555   0.013370906061  -0.000738251347
 -0.055335716861   0.043590706676  -0.038834837960
 -0.096330925400   0.080515851581   0.119678474861
  1.815444433445  -0.574144749473  -0.806658721765
  0.000678791599   0.011291744110   0.004926794810
  0.052949685983   0.156887173733  -0.027030113354
 -0.047510780270   0.082234763295  -0.022494270568
 -0.011757435072  -0.001102966831  -0.007259961846
 -0.045281472144   0.060056638748  -0.008560017156
  0.012236185252  -0.078030608349   0.072553091439
 -0.013360309185   0.166965642394   0.065503134909
 -0.105242361457  -0.005410643051  -0.028603721972
  0.094413497389  -0.019448521427  -0.045444796459
  0.120551002669   0.124712747118   0.051859046472
  0.028758844114  -0.002127383549   0.015015128401
  0.008340451627   0.010679481856   0.013897225367
  0.019877612194   0.013002559736   0.011588046955
  0.023959803441  -0.003884142996  -0.005401514395
 -0.011165812190   0.033824513033  -0.044952825852
  0.051406027752  -0.152007422645   0.105853225105
  0.052929516849  -0.034205575058  -0.046735331398
 -2.980018375705   0.511432445027   0.610379986445
 -0.011080718552   0.042682072087  -0.049584691388
  0.050797200200  -0.161524307732   0.128491247644
  0.020256124483  -0.001988721243   0.035674414681
  0.024078848018  -0.001524106445  -0.006262388698
  0.029341959572   0.017433193781  -0.010687747809
  0.008717839339   0.024243293022  -0.019431543139
  0.094904939272  -0.046752497730  -0.044589696018
  0.121041998512  -0.003965816314   0.020263695087
 -0.008079666158  -0.006642990976  -0.002879968776
 -0.036659525253   0.005919114626   0.019406623081
 -0.002146616890   0.028096388015  -0.026557423802
 -0.007251614261   0.003012294944  -0.011275439445
 -0.011669906675   0.016079097043  -0.012166028002
 -0.047181344919   0.004457504385  -0.027333934450
 -0.375529434568  -0.113223448585  -0.234840131222
  0.277360767739  -0.034428555597  -0.076409701445
  0.026243419696  -0.011685708859   0.026903683356
  0.030571231261   0.130224858084  -0.066291001244
  0.017838461351  -0.047641241675   0.080669728498
 -0.000597059417  -0.052149412603   0.011956282700
  0.553980306903  -0.136597461624   0.130471231740
  0.007038257085  -0.000503016006   0.000227127718
  0.190344128945   0.074265340202  -0.037234037422
  0.182767898494  -0.011632559332   0.184869723623
  0.001462395315  -0.024510722219   0.001772902085
 -0.019034330644  -0.033699168638   0.022141734128
   28    2  0.0000  1.0000  0.0000
 -0.009298916534   0.014080979822  -0.030786845567
  0.010531932780  -0.028766437353   0.001987956081
  0.023929473942  -0.036644631079  -0.005135725798
 -0.014534003260   0.001586068318  -0.006639065041
 -0.000556940045  -0.019281119247  -0.010776111861
  0.013016218108   0.006543667780  -0.021983994746
  0.007480338777  -0.047267022466  -0.004267312074
  0.013097848765  -0.034063291762  -0.046540838254
  0.094659852474   0.192085296202   0.058878074900
 -0.888582814041   0.934216659047   0.554845934429
 -0.031660404363  -0.004047339561   0.001621219305
  0.197193881622   0.093864863214   0.011132648734
  0.047443020538   0.104068227374  -0.136070791902
  0.001912830900   0.003843935499   0.002244892249
  0.169947143771  -0.081601129186  -0.083819732726
 -0.299731665173  -0.220664051421  -0.290371299888
  0.016175800505   0.034515679835   0.025633541311
  0.082774478242   0.049369582472   0.089429100443
 -0.046867786869   0.006569363074  -0.038245680768
 -0.004342246132   0.039612097746   0.017966091989
  0.017211630678   0.043251805173   0.032201975566
  0.024776909645  -0.022606098694  -0.031453406093
 -0.002175139884   0.060829149298   0.010723913604
 -0.001604596720   0.025400656917  -0.027197109770
  0.042701276139   0.097022742318   0.035661482776
 -0.161207490593   0.229686048111   0.056487611650
 -0.033965362753  -0.044317258487   0.003879882245
  0.509950612618  -3.589517249153   0.518789317712
  0.033915035313   0.097633416245  -0.058596646637
 -0.151621138763   0.229232565392   0.045508763578
  0.013655951608   0.060658953327   0.005080454584
 -0.003289499070   0.024951101512  -0.022911645578
 -0.002426549178   0.043383670106  -0.024226051394
  0.010000749234  -0.021803259162   0.037336518113
 -0.019934094809   0.006712705622   0.022427896945
  0.124878093301   0.039458105665   0.102073696818
  0.005271014451   0.004573877496  -0.002064342215
 -0.004099214379  -0.005951268859  -0.006618473794
  0.008972191614   0.038271805736  -0.015845739166
 -0.041743898082   0.029733869042   0.040306674334
 -0.003928972960  -0.015908749654   0.020318943798
 -0.014539730876  -0.058969494159  -0.001652431097
  0.125414534039   0.156007804529   0.226638354454
  0.021969136725  -0.120576412120   0.111726677944
 -0.134759195434  -0.136780469561  -0.096060954247
  0.017399382908  -0.135637314770   0.040982243648
 -0.000950477798  -0.008959852532   0.013830762374
  0.099601574597   0.042748835020  -0.024150697872
  0.136031781623   2.297646199007  -1.070415338104
 -0.000025915544   0.010767486157   0.003802557150
  0.010411671907  -0.143622669271  -0.059197285060
 -0.066443165353  -0.139325914745   0.001934540675
  0.052117610049  -0.096745732399   0.031408361590
  0.005847241740  -0.005270451413  -0.009832569345
   28    3  0.0000  0.0000  1.0000
 -0.021949325346  -0.014310394844  -0.111145496234
  0.026142245249  -0.004266100874  -0.060727868687
  0.015117731848   0.002566881301  -0.039619937004
  0.007152290321   0.000961467613  -0.016704056602
  0.016443082688  -0.013659560542   0.013907899388
 -0.004921318471   0.010062088186   0.001396049064
  0.018577582229   0.031386244207   0.016626216966
 -0.008063922429  -0.053751524159   0.059687031379
 -0.073948061209  -0.080584032956   0.018235036629
 -1.023243866142   0.360885913453   1.144935341545
  0.009052823934   0.000414290903  -0.000030679650
 -0.049538343354  -0.160060278337   0.254930257169
  0.031666932441  -0.108238498666   0.026029711243
 -0.007719667646   0.001799289232  -0.000342433767
 -0.103772672589   0.028332606278   0.073347490230
  0.293940361574   0.051455940505   0.411728056081
  0.107794548962   0.017546067751   0.014209397670
  0.068355509397   0.037352646261   0.063766274598
 -0.041532472208   0.030734038386   0.066159837118
  0.030098951075   0.110665987592   0.101014708102
 -0.005817707174  -0.033617130397   0.029554071207
 -0.015490798621   0.040980173469  -0.018595256850
  0.043211022457   0.008485138573   0.037548413581
 -0.003920493343  -0.018070460903   0.017334004099
 -0.046127039651  -0.054626050826  -0.099637349556
  0.135555099959   0.051005738209  -0.243991035999
 -0.044264743179   0.010338703856  -0.020060031380
  0.452346635005   0.445302336092  -4.098219157441
 -0.044123531731   0.035548324690  -0.099704836336
  0.106982352817   0.055183306915  -0.229874291029
  0.014194574858   0.016122441229   0.041191980237
 -0.002710131229  -0.023726611654   0.021053440660
  0.020866136376   0.034718668527   0.020615015094
  0.019107805650  -0.029390251138  -0.020238942347
 -0.047077595890  -0.037934310345   0.064885493342
  0.061538050097   0.018276496799   0.096305070711
 -0.009397549988  -0.006291698484   0.010157446902
 -0.004681543554   0.004106341240   0.008058644054
  0.011702265303   0.021613007819  -0.015556551490
  0.034141635540   0.007844841338  -0.058017546698
  0.032463590748   0.028503951250  -0.009122092576
  0.013369312093  -0.009360243416  -0.022479821434
  0.231477493974   0.214405451807   0.471282764188
  0.093781182390   0.136035172510   0.078209415419
  0.073865678400   0.037256317725   0.053803702406
 -0.029227653866  -0.099275727806   0.067745472943
 -0.004241894791  -0.030173673403   0.008439243509
 -0.078895244898   0.021537911035   0.014417947183
 -0.122819833009  -1.055952179569   1.385437510145
  0.005381103478   0.002821206616  -0.009181417599
 -0.208049391450   0.003312133942   0.187663562402
  0.042599484808  -0.070566946907   0.192900353683
 -0.039162497116   0.002282982272   0.087392102343
  0.023771815216   0.024011567645   0.013279841386
   29    1  1.0000  0.0000  0.0000
 -0.016759802288  -0.016333682249   0.000569509527
  0.008880982739  -0.020086212299   0.017391251357
  0.035563269378  -0.003726231479  -0.005787234335
 -0.070639735131  -0.056272007758   0.003622980427
 -0.017887372492  -0.007465907003  -0.024021928821
  0.017335471377   0.007737064176  -0.017633524426
  0.052944048825   0.156887814043  -0.027036352037
  0.000676332189   0.011297585431   0.004922126895
 -0.055341159053   0.043593594140  -0.038827897970
  0.010435078029   0.013367282740  -0.000742595391
  1.815454241287  -0.574128703081  -0.806682699635
 -0.096331993819   0.080519725753   0.119681037109
 -0.105250697147  -0.005410538862  -0.028604179744
 -0.013362454506   0.166966329183   0.065505015710
 -0.011761367006  -0.001104620879  -0.007259215513
 -0.047525549243   0.082222126602  -0.022505568435
  0.012235221825  -0.078025066806   0.072548497285
 -0.045295713804   0.060061740716  -0.008561675274
  0.023952985788  -0.003879531061  -0.005400600958
  0.019870732686   0.013011364229   0.011587305389
  0.120547664118   0.124724075178   0.051861069532
  0.094410781686  -0.019446163640  -0.045446597733
  0.008338761244   0.010677234182   0.013892220196
  0.028752523705  -0.002129893762   0.015009500244
  0.050799588208  -0.161522410638   0.128492454719
 -0.011083031711   0.042689402201  -0.049590369089
  0.051403494443  -0.152004838327   0.105850778172
 -0.011166177948   0.033824469549  -0.044942891264
 -2.979862797544   0.511362501768   0.610433262680
  0.052919245897  -0.034208871305  -0.046740901387
  0.121044567305  -0.003958497688   0.020265669067
  0.094901547103  -0.046757704136  -0.044595221359
  0.024080454303  -0.001514004570  -0.006264279247
  0.020251109075  -0.001987104343   0.035670749298
  0.008709875391   0.024246121368  -0.019436111318
  0.029336158690   0.017437417135  -0.010690352390
 -0.047185187047   0.004461854754  -0.027332824727
 -0.011669432492   0.016084111657  -0.012162360511
 -0.036663679501   0.005919158460   0.019412546147
 -0.008086365779  -0.006641956251  -0.002876375434
 -0.007259197455   0.003010805084  -0.011280094864
 -0.002150591695   0.028090424187  -0.026557088764
 -0.000608488898  -0.052150771211   0.011954664858
  0.017841208421  -0.047643925836   0.080667154488
  0.277361043696  -0.034427656797  -0.076413344174
 -0.375536625975  -0.113218458633  -0.234843086584
  0.030563442997   0.130224542567  -0.066287510636
  0.026238009011  -0.011689869913   0.026902288314
 -0.019031445259  -0.033693091964   0.022140988741
  0.001454284759  -0.024510256096   0.001773606564
  0.007035334525  -0.000499116606   0.000227206657
  0.553999835916  -0.136605776766   0.130494512550
  0.182772161499  -0.011638111478   0.184876799709
  0.190349409680   0.074264236332  -0.037230313615
   29    2  0.0000  1.0000  0.0000
  0.013020813851   0.006564047625  -0.022000103700
 -0.000571488192  -0.019264308778  -0.010763122595
  0.010517083815  -0.028795688593   0.002001384639
 -0.009285490127   0.014078997159  -0.030789934999
 -0.014506079071   0.001592653106  -0.006639068712
  0.023946634629  -0.036666391030  -0.005174666563
  0.197197381921   0.093930135519   0.011068802867
 -0.031680738625  -0.003986596476   0.001624698393
  0.013041879982  -0.034033413750  -0.046522976103
  0.007495503804  -0.047220664288  -0.004264609342
 -0.888403364994   0.934217816971   0.554698816275
  0.094539081642   0.191926699781   0.058821050745
  0.082850623061   0.049370075667   0.089541522126
  0.016174374982   0.034417577643   0.025535060431
  0.001902804304   0.003828039525   0.002235851269
  0.047459883868   0.104024632712  -0.136080837819
 -0.299711090793  -0.220701466606  -0.290312835288
  0.169807728950  -0.081572319558  -0.083736883599
 -0.001622266433   0.025449187148  -0.027249694050
 -0.002193170179   0.060831034788   0.010702262772
 -0.004386519231   0.039609045540   0.018010057914
 -0.046880677959   0.006537740690  -0.038256914014
  0.024751224341  -0.022635442325  -0.031433801374
  0.017214827227   0.043291864512   0.032182550779
 -0.151755896388   0.229399669675   0.045561357360
  0.033982290743   0.097634615441  -0.058524476435
 -0.161192425070   0.229634234939   0.056443513421
  0.042725369514   0.097068725993   0.035643643980
  0.510025580396  -3.588954966333   0.518922540030
 -0.033988802791  -0.044411392650   0.003891480189
  0.124889117309   0.039480327983   0.102113735345
 -0.019864590987   0.006708025869   0.022331313823
 -0.003251887230   0.024971300007  -0.022932056987
  0.013631608759   0.060699236199   0.005114709131
  0.010059436979  -0.021771462075   0.037316838239
 -0.002383737598   0.043418965232  -0.024244511359
 -0.014575897644  -0.058963727114  -0.001646689601
 -0.003940253475  -0.015912636772   0.020308110391
 -0.004122323170  -0.005934888183  -0.006680286314
  0.005245458841   0.004589037069  -0.002085892590
 -0.041757015842   0.029731556135   0.040293205521
  0.008929305492   0.038280455763  -0.015864476020
  0.099597589576   0.042664840890  -0.024157716709
 -0.000921793647  -0.008933159207   0.013830883670
  0.022030061742  -0.120740882030   0.111680119565
  0.125476584994   0.155935333401   0.226686909112
  0.017451241073  -0.135540332229   0.040924015701
 -0.134824193820  -0.136836048780  -0.096175796030
  0.005844749531  -0.005253174101  -0.009840466639
  0.052137108839  -0.096749531944   0.031368005606
 -0.000014276811   0.010788529416   0.003838203508
  0.135936963355   2.297169833449  -1.070064227883
 -0.066490299604  -0.139366908318   0.001875410462
  0.010441966159  -0.143598834710  -0.059124008536
   29    3  0.0000  0.0000  1.0000
 -0.004923808741   0.010066394262   0.001405825499
  0.016440783464  -0.013663312339   0.013912125467
  0.026142282748  -0.004263645325  -0.060727667570
 -0.021953142716  -0.014312854861  -0.111147807912
  0.007151573433   0.000963303360  -0.016696458761
  0.015115570432   0.002569065669  -0.039612630592
 -0.049539708799  -0.160049828917   0.254935948144
  0.009047256489   0.000413379962  -0.000019773772
 -0.008061148445  -0.053757365742   0.059691855114
  0.018570169601   0.031398100086   0.016631998438
 -1.023251235212   0.360855577067   1.144963683006
 -0.073951509550  -0.080592993304   0.018228230400
  0.068346293146   0.037358918935   0.063763565085
  0.107797529398   0.017544841074   0.014211506812
 -0.007718258311   0.001802748264  -0.000338785247
  0.031671096900  -0.108252048252   0.026032631474
  0.293930129227   0.051437527573   0.411730551440
 -0.103773347076   0.028337337625   0.073357902763
 -0.003921849353  -0.018072736609   0.017335051564
  0.043203636863   0.008482590958   0.037556079749
  0.030098945120   0.110676020504   0.101016832404
 -0.041534024227   0.030741392103   0.066172758067
 -0.015496738011   0.040980854870  -0.018588136272
 -0.005819144980  -0.033617252755   0.029557275307
  0.106991413175   0.055174031923  -0.229871577725
 -0.044126752910   0.035537120241  -0.099707126539
  0.135568320267   0.050996805545  -0.243984050281
 -0.046117127721  -0.054619897910  -0.099631548773
  0.452432570587   0.445341664556  -4.098493240415
 -0.044264875229   0.010335950326  -0.020045031691
  0.061540784361   0.018278228318   0.096305824071
 -0.047084431238  -0.037925993854   0.064885013445
 -0.002712288060  -0.023726476132   0.021047420669
  0.014195361437   0.016124506942   0.041191874557
  0.019108891137  -0.029387631237  -0.020240586989
  0.020869624640   0.034712497934   0.020618520568
  0.013369792157  -0.009361997352  -0.022469850529
  0.032463997194   0.028501422367  -0.009112231100
 -0.004682167949   0.004112806020   0.008057926673
 -0.009401107388  -0.006289438476   0.010154661689
  0.034139914740   0.007842827569  -0.058020984049
  0.011701302343   0.021613548735  -0.015554359549
 -0.078904594417   0.021537312780   0.014421369901
 -0.004241419715  -0.030177092847   0.008452785801
  0.093775295018   0.136017590671   0.078235388038
  0.231473752658   0.214420555077   0.471296801345
 -0.029227880327  -0.099282445369   0.067749580189
  0.073866449077   0.037257312237   0.053808501316
  0.023768130666   0.024016916620   0.013285658248
 -0.039170673754   0.002288084447   0.087400050725
  0.005381772069   0.002825349411  -0.009179384177
 -0.122825040415  -1.055933789799   1.385451302988
  0.042583527053  -0.070582996672   0.192901880511
 -0.208043890859   0.003307213718   0.187672850477
   30    1  1.0000  0.0000  0.0000
  0.008874781436  -0.020083700479   0.017395177493
 -0.016758361388  -0.016328428851   0.000571304768
 -0.070642142085  -0.056264615523   0.003618139788
  0.035555851706  -0.003726328053  -0.005776812021
  0.017334020746   0.007744788231  -0.017613824657
 -0.017890209572  -0.007470390409  -0.024016344458
  0.000673073912   0.011295230017   0.004919927749
  0.052943405334   0.156866468598  -0.027030938225
  0.010432201873   0.013365663989  -0.000738821948
 -0.055342386962   0.043585063748  -0.038828635944
 -0.096337684144   0.080531240296   0.119680328409
  1.815409686033  -0.574129384411  -0.806634470168
 -0.013362839880   0.166969638117   0.065503616620
 -0.105251589523  -0.005410478460  -0.028604784018
 -0.047528617214   0.082226527498  -0.022493416387
 -0.011759394725  -0.001104967478  -0.007261261994
 -0.045292687748   0.060060467016  -0.008555411813
  0.012236915128  -0.078018483249   0.072563003778
  0.019869049393   0.013016792098   0.011586819848
  0.023951625418  -0.003887155645  -0.005398007073
  0.094404004495  -0.019440613265  -0.045453664913
  0.120546382341   0.124710541770   0.051858447132
  0.028755955696  -0.002130858893   0.015013867425
  0.008338230613   0.010683488925   0.013889694026
 -0.011087789596   0.042685778148  -0.049581642173
  0.050795573912  -0.161526571355   0.128490623915
 -0.011169635096   0.033831240898  -0.044937066291
  0.051405387906  -0.152005932132   0.105854272756
  0.052931564081  -0.034199396536  -0.046724567996
 -2.979741192870   0.511426300719   0.610312742763
  0.094898300746  -0.046757701649  -0.044592614771
  0.121034311639  -0.003958737393   0.020264144481
  0.020253521974  -0.001992291403   0.035671300655
  0.024074308274  -0.001526149463  -0.006262734275
  0.029341725212   0.017439941391  -0.010687915229
  0.008706865977   0.024245711043  -0.019433121712
 -0.011673218478   0.016080483480  -0.012162857324
 -0.047187627644   0.004450385504  -0.027336757179
 -0.008090169957  -0.006630639219  -0.002878452413
 -0.036662842194   0.005915419244   0.019412515415
 -0.002155302432   0.028090251752  -0.026559209272
 -0.007254445008   0.003016798636  -0.011269151319
  0.017836657082  -0.047640610511   0.080664871182
 -0.000602434960  -0.052147525110   0.011961321532
 -0.375521818632  -0.113239777097  -0.234825729553
  0.277327862244  -0.034414791157  -0.076423435589
  0.026243394963  -0.011696202864   0.026904103309
  0.030571921698   0.130214046153  -0.066290463921
  0.001456292829  -0.024516672856   0.001773116809
 -0.019036718613  -0.033698679709   0.022140170060
  0.554011191384  -0.136654153601   0.130466598332
  0.007035994671  -0.000498003677   0.000221529355
  0.190338011672   0.074280444167  -0.037231312419
  0.182761038329  -0.011633470988   0.184865787456
   30    2  0.0000  1.0000  0.0000
 -0.000568139856  -0.019272221929  -0.010766701872
  0.013022258202   0.006565862571  -0.021993655755
 -0.009292445176   0.014086548513  -0.030790361630
  0.010517780779  -0.028792370305   0.001997321273
  0.023951373508  -0.036675129563  -0.005170361572
 -0.014505021496   0.001591881471  -0.006636246485
 -0.031673783491  -0.003981658220   0.001620861661
  0.197199740279   0.093948549135   0.011078964637
  0.007495514338  -0.047212460521  -0.004266923586
  0.013040738099  -0.034037504249  -0.046523744265
  0.094539356060   0.191924263079   0.058816897808
 -0.888408821547   0.934194770198   0.554714632536
  0.016168971543   0.034414000036   0.025536563436
  0.082858747792   0.049372158072   0.089541562337
  0.047457542656   0.103988025491  -0.136095933348
  0.001899822333   0.003830021821   0.002239539809
  0.169809692755  -0.081571998103  -0.083743305208
 -0.299720422782  -0.220698305482  -0.290307365063
 -0.002187904927   0.060834958079   0.010703004622
 -0.001618857137   0.025453527071  -0.027248036848
 -0.046881171909   0.006527222728  -0.038260294512
 -0.004377464858   0.039615113920   0.018012709754
  0.017217919909   0.043283868564   0.032182041776
  0.024754125795  -0.022631949196  -0.031435622414
  0.033984203967   0.097642749833  -0.058534671813
 -0.151751515607   0.229411710969   0.045563170016
  0.042725934912   0.097073299788   0.035641198957
 -0.161193260465   0.229628807731   0.056439649561
 -0.033988719273  -0.044407459750   0.003890196419
  0.510021426448  -3.588926714134   0.518877288704
 -0.019864755315   0.006699884340   0.022331404742
  0.124885006884   0.039472066822   0.102115341382
  0.013629633215   0.060701302028   0.005112204498
 -0.003253575951   0.024975224657  -0.022937489011
 -0.002386811534   0.043424290328  -0.024241169383
  0.010061469063  -0.021772755710   0.037316397167
 -0.003944292805  -0.015907567335   0.020313206681
 -0.014564454368  -0.058965249470  -0.001638225213
  0.005240240958   0.004588422892  -0.002081754909
 -0.004119037722  -0.005934792498  -0.006683968955
  0.008927804251   0.038275272356  -0.015866883714
 -0.041763840257   0.029736374323   0.040285939112
 -0.000920861392  -0.008937817229   0.013838000839
  0.099600722261   0.042674025945  -0.024148933015
  0.125476116522   0.155942347735   0.226682309929
  0.022029316339  -0.120743655210   0.111693222354
 -0.134821079043  -0.136833918193  -0.096177801852
  0.017450196677  -0.135547163733   0.040924002654
  0.052137806110  -0.096753319025   0.031367843776
  0.005849865538  -0.005251652108  -0.009836429717
  0.135925076867   2.297148361900  -1.070012134109
 -0.000010351524   0.010785338957   0.003829959110
  0.010435023170  -0.143588241487  -0.059128255208
 -0.066496838795  -0.139366347902   0.001860833908
   30    3  0.0000  0.0000  1.0000
  0.016437686847  -0.013664880518   0.013909025206
 -0.004928134312   0.010061725667   0.001403912631
 -0.021961362467  -0.014323192218  -0.111146792878
  0.026141101919  -0.004269810688  -0.060728370399
  0.015110354400   0.002572000946  -0.039615271933
  0.007152432384   0.000967085728  -0.016690410192
  0.009038656248   0.000406753049  -0.000013541564
 -0.049545182168  -0.160081993444   0.254926496413
  0.018567257333   0.031391623773   0.016630615428
 -0.008063891242  -0.053754998503   0.059688811698
 -0.073945151686  -0.080592136716   0.018229900079
 -1.023230451652   0.360850596194   1.144930236954
  0.107788163403   0.017564114232   0.014183647710
  0.068345692488   0.037358679899   0.063767466953
  0.031680555556  -0.108263036771   0.026031134643
 -0.007718264462   0.001812421592  -0.000337605335
 -0.103777701558   0.028336829753   0.073357564887
  0.293942961526   0.051450987880   0.411739742323
  0.043204163452   0.008494499749   0.037557688380
 -0.003929820965  -0.018080075124   0.017344088060
 -0.041531187334   0.030750296360   0.066169744413
  0.030093588697   0.110665808637   0.101032276654
 -0.005826499577  -0.033622000298   0.029555677604
 -0.015494440883   0.040981377623  -0.018590840481
 -0.044119259262   0.035530144502  -0.099688073878
  0.106986146081   0.055182848879  -0.229865007315
 -0.046118688984  -0.054608373148  -0.099637200210
  0.135562675074   0.050991232701  -0.243981238328
 -0.044264705367   0.010356689221  -0.020043952383
  0.452502572568   0.445423461960  -4.098516113435
 -0.047082861070  -0.037923474384   0.064886365729
  0.061532692958   0.018279486058   0.096312160831
  0.014192691978   0.016129277365   0.041200474714
 -0.002722228678  -0.023722455923   0.021053828016
  0.020861780855   0.034709754750   0.020625620233
  0.019102679225  -0.029392396657  -0.020237938543
  0.032463308285   0.028498933177  -0.009113155394
  0.013371426936  -0.009369524489  -0.022472018710
 -0.009401449246  -0.006285994400   0.010156818403
 -0.004689085679   0.004107459656   0.008063277572
  0.011703954498   0.021609185537  -0.015548454987
  0.034136267696   0.007851443635  -0.058015713899
 -0.004244829931  -0.030179850418   0.008447392641
 -0.078903794281   0.021525859307   0.014426675630
  0.231466167859   0.214411631131   0.471311761010
  0.093774582563   0.136021421926   0.078208304126
  0.073865580687   0.037259109054   0.053798885050
 -0.029234037034  -0.099281920223   0.067747660075
 -0.039169285628   0.002282111305   0.087403120148
  0.023770064366   0.024005104216   0.013284464587
 -0.122804827698  -1.055963306694   1.385462477011
  0.005375345245   0.002824229138  -0.009177055993
 -0.208038530471   0.003298303873   0.187675612256
  0.042575120509  -0.070583067855   0.192895827790
   31    1  1.0000  0.0000  0.0000
  0.012229996903  -0.078024182365   0.072563524628
 -0.045290364562   0.060066415063  -0.008560572254
 -0.105255127504  -0.005412102537  -0.028604381215
 -0.013363229750   0.166970058017   0.065499463237
 -0.011758379022  -0.001103701898  -0.007256159899
 -0.047532984233   0.082217940109  -0.022502747153
 -0.017888528901  -0.007470774573  -0.024016862420
  0.017330313875   0.007737800907  -0.017624310826
 -0.016761442121  -0.016331187106   0.000570401044
  0.008873153045  -0.020090553250   0.017395411812
  0.035554515585  -0.003725546629  -0.005783132203
 -0.070645589140  -0.056267069093   0.003621314593
  1.815430002750  -0.574133966431  -0.806658835521
 -0.096337486743   0.080523478774   0.119668010943
  0.052933972255   0.156876613055  -0.027041080767
  0.000672943594   0.011296451916   0.004922968785
 -0.055345006678   0.043592125596  -0.038838298682
  0.010432252834   0.013369074965  -0.000741643888
  0.008705222595   0.024243645675  -0.019437505591
  0.029337438527   0.017430071333  -0.010693105967
  0.121033372519  -0.003950681144   0.020265884410
  0.094892507304  -0.046754407830  -0.044588586004
  0.024071146640  -0.001523566589  -0.006259376618
  0.020240674764  -0.001987770492   0.035672034544
  0.008334706817   0.010679610870   0.013896850788
  0.028754985739  -0.002123364676   0.015008370113
  0.023944615457  -0.003890146716  -0.005402431082
  0.019876828535   0.013012581316   0.011587071697
  0.120546884883   0.124712840289   0.051861089576
  0.094403983837  -0.019444799224  -0.045449453542
 -2.979623770893   0.511407149688   0.610366898557
  0.052919285002  -0.034201214018  -0.046728503492
  0.050792083057  -0.161516093216   0.128489036653
 -0.011079356900   0.042677448613  -0.049583512430
  0.051400430395  -0.152006322733   0.105855862099
 -0.011166444241   0.033830813224  -0.044941809918
  0.182764378265  -0.011636569694   0.184874331616
  0.190341008382   0.074258016063  -0.037228516602
 -0.019040441727  -0.033699172702   0.022143839271
  0.001454888076  -0.024516506732   0.001779298286
  0.007032306373  -0.000495714166   0.000226156486
  0.554001538670  -0.136614575263   0.130504439606
 -0.007262354387   0.003011894197  -0.011279412005
 -0.002154668313   0.028091387031  -0.026554851838
 -0.047193943663   0.004457902830  -0.027326477984
 -0.011674706038   0.016079187711  -0.012161126967
 -0.036668862323   0.005922164636   0.019413003947
 -0.008086661359  -0.006634208615  -0.002888599564
  0.030563737632   0.130223946773  -0.066290228193
  0.026235986404  -0.011688004475   0.026904103899
 -0.000607391090  -0.052151651343   0.011954951761
  0.017831100462  -0.047640209794   0.080658246762
  0.277336289529  -0.034423016263  -0.076432145707
 -0.375535811116  -0.113231539084  -0.234828896781
   31    2  0.0000  1.0000  0.0000
 -0.299712108892  -0.220700040379  -0.290309977564
  0.169809609183  -0.081572212664  -0.083747230246
  0.082854334135   0.049364770088   0.089539617645
  0.016163838591   0.034399693345   0.025540942360
  0.001893156368   0.003830780147   0.002234098212
  0.047452466034   0.103981167490  -0.136100990244
 -0.014507896587   0.001586725505  -0.006637441669
  0.023947037223  -0.036676183612  -0.005174380174
  0.013022058243   0.006559496764  -0.021998772147
 -0.000566707472  -0.019275209297  -0.010760340350
  0.010516579280  -0.028800825093   0.001996066537
 -0.009293529224   0.014071807046  -0.030788081157
 -0.888391087403   0.934197593118   0.554696889851
  0.094537539033   0.191920262852   0.058817220754
  0.197193833675   0.093936965155   0.011069609842
 -0.031682724436  -0.003986622699   0.001623071537
  0.013036382996  -0.034035247745  -0.046526293846
  0.007495816712  -0.047215160004  -0.004261033337
  0.010062318262  -0.021773542187   0.037314073714
 -0.002380575677   0.043417535597  -0.024242454793
  0.124891444163   0.039474562172   0.102112971269
 -0.019863809138   0.006699331432   0.022331569219
 -0.003241452333   0.024967202771  -0.022940686181
  0.013630017981   0.060696361830   0.005117871574
  0.024750287521  -0.022639773104  -0.031436788799
  0.017213192792   0.043284651578   0.032178631572
 -0.001613829689   0.025447325710  -0.027257717631
 -0.002193773599   0.060832420815   0.010702347127
 -0.004380175524   0.039609836272   0.018006665504
 -0.046886150482   0.006528884589  -0.038259697346
  0.509995202288  -3.588721783550   0.518902892760
 -0.033989213920  -0.044413127448   0.003889411658
 -0.151750550075   0.229410014949   0.045564009175
  0.033981886652   0.097632734943  -0.058531991614
 -0.161194126174   0.229628867752   0.056439623445
  0.042728366848   0.097064962124   0.035647418669
 -0.066494667037  -0.139369581198   0.001871017796
  0.010440727142  -0.143603829735  -0.059118199504
  0.005849037770  -0.005251305362  -0.009834569545
  0.052136536304  -0.096759987374   0.031368764230
 -0.000009739375   0.010782596397   0.003829487615
  0.135951543369   2.297172479357  -1.070000929644
 -0.041765076704   0.029735111606   0.040285453614
  0.008926930596   0.038273571367  -0.015869206647
 -0.014563471225  -0.058971398025  -0.001637829439
 -0.003946018543  -0.015905157387   0.020323671498
 -0.004116485141  -0.005933793117  -0.006682122587
  0.005244601688   0.004582225195  -0.002087217821
  0.017452744614  -0.135547628129   0.040917062004
 -0.134826638549  -0.136835919005  -0.096183727104
  0.099601219973   0.042667896386  -0.024148984458
 -0.000919417948  -0.008944743468   0.013832689985
  0.022038624406  -0.120763517010   0.111704299296
  0.125471891304   0.155938753238   0.226679215384
   31    3  0.0000  0.0000  1.0000
  0.293918181135   0.051449402021   0.411740213077
 -0.103770098314   0.028333623153   0.073370851718
  0.068347833750   0.037357287456   0.063770617193
  0.107801107770   0.017544021216   0.014234327716
 -0.007721434352   0.001805493105  -0.000316496981
  0.031684363219  -0.108256483555   0.026050023693
  0.007162602912   0.000963578221  -0.016679596306
  0.015113184452   0.002572434516  -0.039598793167
 -0.004920655516   0.010065979828   0.001422432545
  0.016439922240  -0.013661094894   0.013927231878
  0.026142038156  -0.004266664432  -0.060722086919
 -0.021952322576  -0.014311078335  -0.111135604034
 -1.023256232668   0.360862161697   1.144958478319
 -0.073945481551  -0.080577617646   0.018245950825
 -0.049526701749  -0.160074054150   0.254945182017
  0.009041600774   0.000419614445  -0.000007709152
 -0.008063420242  -0.053751216958   0.059696877169
  0.018575992453   0.031386760243   0.016642845356
  0.019104024850  -0.029389863733  -0.020214325946
  0.020862411538   0.034712102859   0.020625933871
  0.061539031211   0.018282422949   0.096325594145
 -0.047076914391  -0.037927942708   0.064893513131
 -0.002719449007  -0.023734085475   0.021065649399
  0.014203343198   0.016129070157   0.041214044702
 -0.015493989988   0.040978974626  -0.018581978641
 -0.005824400132  -0.033623138960   0.029564600554
 -0.003927387109  -0.018076388410   0.017346737861
  0.043202291422   0.008487288269   0.037564902500
  0.030098780119   0.110682223561   0.101031871368
 -0.041527605787   0.030741743130   0.066172367753
  0.452408375843   0.445277790967  -4.099139770639
 -0.044263209872   0.010355867782  -0.020023232520
  0.106999001050   0.055188747134  -0.229856363072
 -0.044126877846   0.035537364631  -0.099681205564
  0.135557483004   0.051002930732  -0.243962565429
 -0.046113607980  -0.054605033334  -0.099621372939
  0.042590056300  -0.070562410163   0.192919317793
 -0.208046708397   0.003305029277   0.187694104661
  0.023773792254   0.024012058761   0.013289835582
 -0.039166828330   0.002288856480   0.087406668176
  0.005386889299   0.002835409839  -0.009163975913
 -0.122840500690  -1.055968063362   1.385427612106
  0.034133716395   0.007860145822  -0.057998441122
  0.011704549452   0.021617230776  -0.015529452802
  0.013380344243  -0.009362797965  -0.022456521874
  0.032461206306   0.028505181953  -0.009104119017
 -0.004686198908   0.004113361009   0.008079845523
 -0.009400331728  -0.006295278192   0.010176860434
 -0.029227080387  -0.099274812871   0.067754356486
  0.073873151446   0.037265261267   0.053810414053
 -0.078895196268   0.021537392245   0.014440293339
 -0.004237083621  -0.030167504864   0.008454993951
  0.093762340833   0.135993525096   0.078244038825
  0.231462101785   0.214415194785   0.471285024318
   32    1  1.0000  0.0000  0.0000
 -0.045293968040   0.060065200002  -0.008556384480
  0.012233683655  -0.078020174063   0.072562459436
 -0.013363264930   0.166973827069   0.065503720253
 -0.105251317766  -0.005411706272  -0.028603705272
 -0.047521751309   0.082215434660  -0.022496277693
 -0.011758991663  -0.001105753708  -0.007260990569
  0.017331950088   0.007737147112  -0.017625329991
 -0.017893356245  -0.007468222744  -0.024018162028
  0.008878167332  -0.020082434222   0.017391373009
 -0.016761385950  -0.016329015797   0.000573704882
 -0.070642698544  -0.056268445202   0.003621114858
  0.035555224335  -0.003723611524  -0.005784292441
 -0.096345138960   0.080526655104   0.119668455338
  1.815440706537  -0.574129733284  -0.806687420852
  0.000676645246   0.011293797090   0.004927687967
  0.052939922433   0.156885772333  -0.027035400581
  0.010434318420   0.013365466278  -0.000740480565
 -0.055340532573   0.043592895117  -0.038832411187
  0.029339009045   0.017427378341  -0.010683406505
  0.008708891012   0.024240759032  -0.019433618555
  0.094899468740  -0.046761679413  -0.044591530590
  0.121037465006  -0.003957015914   0.020267095988
  0.020246423708  -0.001990520962   0.035671086006
  0.024073723594  -0.001522525104  -0.006256938350
  0.028757254628  -0.002136027894   0.015012317404
  0.008335804204   0.010673892393   0.013892573189
  0.019876800959   0.013015735814   0.011588427205
  0.023950203702  -0.003883044321  -0.005404947919
  0.094408382750  -0.019442832784  -0.045450298677
  0.120545810359   0.124715208856   0.051856171744
  0.052926894476  -0.034202464756  -0.046734835279
 -2.979695701638   0.511431993316   0.610374732551
 -0.011078127740   0.042681547726  -0.049580973886
  0.050794640843  -0.161526145178   0.128491807859
 -0.011168617955   0.033828881368  -0.044945329588
  0.051401737297  -0.152010954478   0.105855470006
  0.190344707291   0.074265565539  -0.037230173102
  0.182759812466  -0.011639265490   0.184868598054
  0.001446649258  -0.024516021472   0.001779728151
 -0.019036615926  -0.033698592284   0.022143871155
  0.553977974524  -0.136627185151   0.130491840470
  0.007031807530  -0.000504242149   0.000231578858
 -0.002154639229   0.028086668649  -0.026554059286
 -0.007259242009   0.003016969658  -0.011276894636
 -0.011673671110   0.016075066362  -0.012164554150
 -0.047189469842   0.004458449346  -0.027328684737
 -0.008088418707  -0.006633896246  -0.002883798032
 -0.036669134411   0.005918238206   0.019411894874
  0.026234512884  -0.011690940937   0.026908503968
  0.030557735277   0.130224928089  -0.066294517043
  0.017832393422  -0.047644431217   0.080666209559
 -0.000608638782  -0.052142430576   0.011954425760
 -0.375535474010  -0.113226176826  -0.234833392899
  0.277351436313  -0.034421987492  -0.076426039653
   32    2  0.0000  1.0000  0.0000
  0.169808208007  -0.081570464112  -0.083740607074
 -0.299710315461  -0.220682919615  -0.290291594884
  0.016163432542   0.034425338961   0.025545387224
  0.082849548649   0.049373806076   0.089545646009
  0.047465501861   0.104009410717  -0.136084436356
  0.001898740963   0.003828200930   0.002240337869
  0.023947559975  -0.036666229904  -0.005167391539
 -0.014512117011   0.001578346232  -0.006633502771
 -0.000570423286  -0.019268129021  -0.010757358948
  0.013021756534   0.006564123600  -0.021996743153
 -0.009288282742   0.014075986115  -0.030788788416
  0.010512381074  -0.028798176713   0.002000210134
  0.094532841621   0.191930706069   0.058810478395
 -0.888400129901   0.934201768583   0.554700372337
 -0.031673697188  -0.003982532346   0.001625875474
  0.197189887824   0.093903766425   0.011068548719
  0.007500043428  -0.047222936252  -0.004258442526
  0.013042955825  -0.034039519227  -0.046522766730
 -0.002383581284   0.043424391392  -0.024240073049
  0.010062170509  -0.021775997263   0.037325612367
 -0.019865544579   0.006703066268   0.022330281724
  0.124890566479   0.039481356800   0.102114195056
  0.013628449499   0.060693517578   0.005113964966
 -0.003252032121   0.024969099516  -0.022931104166
  0.017218950242   0.043289787579   0.032184106370
  0.024752935708  -0.022632925947  -0.031434516600
 -0.002191526598   0.060835654159   0.010702797941
 -0.001621016607   0.025444990217  -0.027251867318
 -0.046883825666   0.006540720552  -0.038257170736
 -0.004388477093   0.039610660978   0.018011793668
 -0.033985727071  -0.044408102503   0.003891196325
  0.510018237674  -3.588767097092   0.518824838855
  0.033985342147   0.097631513079  -0.058519406562
 -0.151754694846   0.229404494627   0.045556694467
  0.042728619154   0.097075408243   0.035645023015
 -0.161204460205   0.229626473451   0.056444231945
  0.010435268906  -0.143600720676  -0.059117674377
 -0.066488534715  -0.139373423241   0.001875437347
  0.052136730121  -0.096760916361   0.031368305922
  0.005845267591  -0.005255033866  -0.009838911188
  0.135953439354   2.297104973173  -1.070084890198
 -0.000011808708   0.010789064142   0.003835395600
  0.008933167359   0.038262682166  -0.015869773560
 -0.041763092000   0.029737247758   0.040308259856
 -0.003937024811  -0.015918988933   0.020310710359
 -0.014568963986  -0.058977706820  -0.001649708082
  0.005244386273   0.004587834686  -0.002083697711
 -0.004116450522  -0.005937257006  -0.006677572068
 -0.134824356959  -0.136831757249  -0.096171992877
  0.017446262561  -0.135546705111   0.040924129355
 -0.000921778995  -0.008935804985   0.013833933633
  0.099602383443   0.042664459219  -0.024148488448
  0.125477611421   0.155932182494   0.226692736756
  0.022025215610  -0.120747687543   0.111687977650
   32    3  0.0000  0.0000  1.0000
 -0.103775867334   0.028324662199   0.073373141857
  0.293935517228   0.051441263112   0.411752522985
  0.107794762932   0.017543879901   0.014204174164
  0.068344007056   0.037340998100   0.063773638880
  0.031664013012  -0.108274435133   0.026047537452
 -0.007722221076   0.001803654933  -0.000321543365
  0.015114145880   0.002555320329  -0.039601269563
  0.007148853172   0.000970552131  -0.016685111582
  0.016440175847  -0.013672099880   0.013922295435
 -0.004917511434   0.010059741396   0.001411395943
 -0.021953295766  -0.014318517721  -0.111136827325
  0.026146596836  -0.004262137116  -0.060708600243
 -0.073945839358  -0.080576208278   0.018236033012
 -1.023270169674   0.360894672021   1.144964784500
  0.009041899552   0.000403958707  -0.000008189875
 -0.049526486242  -0.160058246656   0.254953542039
  0.018571611358   0.031395371590   0.016645208474
 -0.008067574966  -0.053750200772   0.059697762923
  0.020864701155   0.034701357373   0.020631760054
  0.019106342618  -0.029396377046  -0.020219130465
 -0.047081383629  -0.037938674952   0.064903368366
  0.061535601186   0.018275338979   0.096311139729
  0.014196164292   0.016119956405   0.041203970903
 -0.002713448930  -0.023735969163   0.021063127556
 -0.005824895907  -0.033620332576   0.029569201250
 -0.015493631295   0.040967844702  -0.018580398099
  0.043201679253   0.008484644960   0.037559616099
 -0.003927012425  -0.018083797649   0.017345419672
 -0.041530686101   0.030738948596   0.066173395110
  0.030091951315   0.110655480498   0.101037002154
 -0.044264085155   0.010339434226  -0.020043440313
  0.452499986500   0.445486051824  -4.099089077362
 -0.044118287952   0.035531877521  -0.099682382477
  0.106999241232   0.055180060231  -0.229855015404
 -0.046114452777  -0.054612590510  -0.099623798264
  0.135571190171   0.051006566200  -0.243972747192
 -0.208048517859   0.003308642561   0.187673814045
  0.042584223490  -0.070561816431   0.192911431527
 -0.039174487324   0.002279387284   0.087412225720
  0.023772069305   0.024016040973   0.013296579828
 -0.122834571235  -1.055924935937   1.385500372526
  0.005381280386   0.002819679289  -0.009164622534
  0.011699556808   0.021605302163  -0.015528757552
  0.034137098701   0.007842689908  -0.058011857694
  0.032458971421   0.028508829413  -0.009104042427
  0.013369771573  -0.009367835858  -0.022452875263
 -0.009404541984  -0.006295814970   0.010158911298
 -0.004685034969   0.004106660002   0.008077610876
  0.073868761891   0.037253512566   0.053816550529
 -0.029228596125  -0.099284143146   0.067756000211
 -0.004237074204  -0.030173961932   0.008447294615
 -0.078904546824   0.021535632913   0.014433118973
  0.231465123369   0.214400502960   0.471294493743
  0.093758923006   0.136009579759   0.078231244553
   33    1  1.0000  0.0000  0.0000
 -0.011767123729  -0.001101512789  -0.007261697799
 -0.047536388969   0.082215550207  -0.022503349010
  0.012232312098  -0.078027095694   0.072567081119
 -0.045301751271   0.060060112864  -0.008555948109
 -0.105261239037  -0.005416732320  -0.028612067178
 -0.013377321077   0.166963748098   0.065495325504
  0.035546918800  -0.003730303082  -0.005784248779
 -0.070649472473  -0.056269332951   0.003616912912
 -0.017897067167  -0.007472558573  -0.024020088270
  0.017326809294   0.007733452127  -0.017625119915
 -0.016771139173  -0.016331885914   0.000570463983
  0.008864623156  -0.020092890753   0.017391473606
 -0.055352056266   0.043589765432  -0.038831137495
  0.010422185083   0.013367228204  -0.000736201170
  1.815424848588  -0.574133199520  -0.806667490225
 -0.096345791964   0.080528205931   0.119668977615
  0.052927143758   0.156877744034  -0.027033345502
  0.000665828487   0.011291998129   0.004925474893
  0.024063556478  -0.001525902247  -0.006258128977
  0.020239995490  -0.001993119031   0.035672117377
  0.008697584615   0.024243045819  -0.019435899316
  0.029331759627   0.017432101598  -0.010684668778
  0.121028639850  -0.003964233615   0.020260809608
  0.094889293826  -0.046761501696  -0.044589710494
  0.120538998146   0.124710649434   0.051858088278
  0.094398090825  -0.019444687907  -0.045448319378
  0.008330735578   0.010675789809   0.013898817122
  0.028740971319  -0.002128666264   0.015005397540
  0.023937344150  -0.003885282088  -0.005401785777
  0.019861792297   0.013008830348   0.011588389066
  0.051392811491  -0.152008667526   0.105860367699
 -0.011181113240   0.033818440657  -0.044946147265
 -2.979254037495   0.511546890675   0.610352180845
  0.052916967107  -0.034202775523  -0.046732673505
  0.050788883844  -0.161527965773   0.128493871570
 -0.011089650197   0.042679021826  -0.049580015638
  0.007020293087  -0.000501145108   0.000226605501
  0.553989269289  -0.136618782754   0.130505642089
  0.182752174469  -0.011639594615   0.184863016773
  0.190335315602   0.074267702959  -0.037227549993
 -0.019048949221  -0.033698752624   0.022144644000
  0.001441503801  -0.024517564069   0.001773744562
 -0.036676255907   0.005913837614   0.019406423755
 -0.008094807169  -0.006635688104  -0.002881331226
 -0.007267919007   0.003015031420  -0.011280283861
 -0.002159153773   0.028089460033  -0.026555395136
 -0.047198616875   0.004447281249  -0.027327142151
 -0.011681732151   0.016077772782  -0.012163351402
  0.277338534910  -0.034429764630  -0.076419119951
 -0.375541145619  -0.113231373814  -0.234825704333
  0.030555699160   0.130222020472  -0.066292023706
  0.026235981426  -0.011694496475   0.026907636531
 -0.000613641975  -0.052145799320   0.011959573161
  0.017829508105  -0.047644406942   0.080666909227
   33    2  0.0000  1.0000  0.0000
  0.001896793067   0.003811111379   0.002236895889
  0.047461548177   0.104013982679  -0.136076931679
 -0.299714242215  -0.220720484213  -0.290304398684
  0.169807151097  -0.081590538365  -0.083741563654
  0.082853891888   0.049358356444   0.089542640443
  0.016164350240   0.034392297215   0.025538871143
  0.010515316437  -0.028815297030   0.001997480749
 -0.009293990905   0.014059372499  -0.030787541903
 -0.014509314488   0.001566143695  -0.006637958856
  0.023944780874  -0.036684458832  -0.005169360582
  0.013020026344   0.006550437681  -0.021998861351
 -0.000563101676  -0.019284506650  -0.010754763924
  0.013037668520  -0.034058503008  -0.046522675522
  0.007496734049  -0.047228838559  -0.004260192845
 -0.888405953505   0.934184594989   0.554699212472
  0.094538985780   0.191918486027   0.058821838457
  0.197194034942   0.093903642885   0.011078332558
 -0.031680075663  -0.003998854415   0.001621498387
 -0.003246443800   0.024945748108  -0.022928636914
  0.013629806809   0.060681332881   0.005114963567
  0.010057609058  -0.021789473730   0.037321361254
 -0.002374599890   0.043414434672  -0.024241931575
  0.124890822440   0.039457560539   0.102113873255
 -0.019861523308   0.006686856706   0.022334122161
 -0.004379669385   0.039601448721   0.018017572281
 -0.046884447274   0.006515124887  -0.038253653891
  0.024743859535  -0.022652248418  -0.031434226756
  0.017212929341   0.043278661582   0.032180405477
 -0.001613141040   0.025427297532  -0.027248537581
 -0.002185503258   0.060822822341   0.010702216339
 -0.161197278075   0.229620451540   0.056450578997
  0.042726030610   0.097056209700   0.035639238592
  0.510048393320  -3.587985435725   0.518848919044
 -0.033987021288  -0.044422236302   0.003891318332
 -0.151751894416   0.229383150765   0.045561963749
  0.033985857554   0.097616198336  -0.058519335452
 -0.000006811358   0.010772428516   0.003834584202
  0.135916888408   2.297135373814  -1.070101474900
 -0.066491280777  -0.139379385321   0.001866195208
  0.010431934087  -0.143617261145  -0.059120536392
  0.005841329492  -0.005274969120  -0.009832108273
  0.052138804891  -0.096768773259   0.031368173192
 -0.004121070046  -0.005953855791  -0.006679297972
  0.005244213360   0.004567444955  -0.002079558223
 -0.041757797480   0.029712790400   0.040303047406
  0.008929343470   0.038257748805  -0.015869516452
 -0.014569111409  -0.058991545905  -0.001647493643
 -0.003944265588  -0.015933291824   0.020305719296
  0.022036034446  -0.120759257820   0.111692437348
  0.125475965529   0.155916660998   0.226688295782
  0.017449412174  -0.135559861768   0.040925642514
 -0.134825404836  -0.136851534311  -0.096171303934
  0.099595929483   0.042642308414  -0.024151924694
 -0.000922503741  -0.008949868191   0.013836387556
   33    3  0.0000  0.0000  1.0000
 -0.007724045884   0.001806593908  -0.000360539528
  0.031663278018  -0.108301672291   0.026001977431
  0.293940089107   0.051463971243   0.411712762012
 -0.103772198411   0.028337464981   0.073338989530
  0.068336101881   0.037350183561   0.063744414021
  0.107793935905   0.017549129996   0.014194467039
  0.026139966336  -0.004264809524  -0.060736306775
 -0.021951470122  -0.014310942707  -0.111165714786
  0.007153457220   0.000966152029  -0.016710867029
  0.015116128383   0.002562348509  -0.039625624322
 -0.004922067490   0.010064201112   0.001383558334
  0.016437812474  -0.013673341249   0.013888495578
 -0.008071903849  -0.053752908306   0.059678352063
  0.018572938590   0.031399370075   0.016616590840
 -1.023259267401   0.360885372816   1.144934104697
 -0.073952506413  -0.080589461664   0.018205760262
 -0.049535933130  -0.160074808182   0.254909082869
  0.009043301292   0.000418299134  -0.000034658962
 -0.002712629323  -0.023728609527   0.021040353148
  0.014195836587   0.016122622517   0.041175229525
  0.019104250737  -0.029391378862  -0.020253104121
  0.020872543973   0.034712271482   0.020602205704
  0.061537472948   0.018277839740   0.096294022859
 -0.047079624435  -0.037930295258   0.064869654013
  0.030097558413   0.110662938818   0.101004990806
 -0.041530479565   0.030744698800   0.066142394109
 -0.015492128139   0.040977553267  -0.018604536950
 -0.005823497974  -0.033624249496   0.029544593715
 -0.003927796889  -0.018077687753   0.017314941364
  0.043200028107   0.008483964421   0.037535161306
  0.135576106001   0.050990492465  -0.244003761072
 -0.046125362223  -0.054619300934  -0.099654093993
  0.452473427859   0.445476615950  -4.097650253859
 -0.044265821533   0.010340039572  -0.020057900114
  0.106988647072   0.055185816061  -0.229890050781
 -0.044127801622   0.035538430426  -0.099717360402
  0.005381998378   0.002819490905  -0.009184131140
 -0.122807140525  -1.055978338245   1.385505855683
  0.042575674139  -0.070579792914   0.192882839158
 -0.208056719828   0.003318684973   0.187671513761
  0.023777858043   0.024006114651   0.013268438619
 -0.039167894263   0.002276960181   0.087383363465
 -0.004688658971   0.004107331151   0.008035537839
 -0.009410160009  -0.006287229142   0.010136385868
  0.034135630457   0.007840096956  -0.058037904841
  0.011693497683   0.021602737326  -0.015566246852
  0.013370760766  -0.009371897752  -0.022481005879
  0.032463320759   0.028503648713  -0.009123446757
  0.093772504367   0.136024694230   0.078205526069
  0.231483770144   0.214402419354   0.471283144035
 -0.029229698945  -0.099284803162   0.067732098586
  0.073863124733   0.037258070178   0.053783156448
 -0.078894163339   0.021542257512   0.014411771542
 -0.004232050089  -0.030177350043   0.008425775863
   34    1  1.0000  0.0000  0.0000
 -0.047543476480   0.082214179833  -0.022499414102
 -0.011767744021  -0.001102976926  -0.007259096375
 -0.045303231313   0.060060877936  -0.008558083183
  0.012226829927  -0.078017797689   0.072563747278
 -0.013373151434   0.166972309764   0.065496019079
 -0.105262894271  -0.005409161930  -0.028610079293
 -0.070651113265  -0.056268545052   0.003621180728
  0.035543375864  -0.003723934062  -0.005787954413
  0.017320556887   0.007736449482  -0.017625277426
 -0.017896897102  -0.007475785692  -0.024019147540
  0.008869196374  -0.020090984478   0.017395078546
 -0.016767512061  -0.016329827498   0.000569335519
  0.010428204966   0.013367889186  -0.000738909096
 -0.055348432914   0.043588433080  -0.038833613136
 -0.096341980870   0.080522938422   0.119668692664
  1.815424103404  -0.574132594121  -0.806672625818
  0.000669927192   0.011292883993   0.004928518839
  0.052929062332   0.156868231206  -0.027034087341
  0.020237935963  -0.001986427064   0.035672040097
  0.024063981090  -0.001520434985  -0.006256602849
  0.029334914135   0.017426604940  -0.010685455718
  0.008701377361   0.024242131305  -0.019437585654
  0.094885814753  -0.046759955441  -0.044591224046
  0.121023181481  -0.003959715439   0.020263490453
  0.094396487697  -0.019440014901  -0.045450310644
  0.120538239652   0.124714489524   0.051859431879
  0.028744127692  -0.002123420363   0.015009410218
  0.008328381676   0.010678062128   0.013897896337
  0.019865536401   0.013012503893   0.011590910023
  0.023944973588  -0.003886867670  -0.005400608648
 -0.011177074738   0.033823094103  -0.044942157788
  0.051396354443  -0.152007668072   0.105855818466
  0.052916238411  -0.034202122675  -0.046725958900
 -2.979279198584   0.511497540107   0.610365781330
 -0.011092752284   0.042678381776  -0.049581877746
  0.050787251471  -0.161523322425   0.128489725661
  0.553980219299  -0.136635321503   0.130490952253
  0.007025275917  -0.000496799477   0.000230192775
  0.190332210604   0.074264552372  -0.037233169435
  0.182759047598  -0.011635268322   0.184870111243
  0.001448959877  -0.024521797590   0.001772650784
 -0.019042471549  -0.033699476703   0.022148766176
 -0.008096545083  -0.006633355233  -0.002880485975
 -0.036676405705   0.005918386857   0.019410754219
 -0.002161511334   0.028088989216  -0.026552542601
 -0.007268715989   0.003012996807  -0.011272420580
 -0.011679727162   0.016073637224  -0.012163842323
 -0.047198408079   0.004456708876  -0.027335665672
 -0.375542723087  -0.113235995855  -0.234830485207
  0.277340001846  -0.034425912205  -0.076424388884
  0.026233584208  -0.011690887799   0.026902741338
  0.030558737472   0.130221481593  -0.066286746205
  0.017825293950  -0.047646366558   0.080663613358
 -0.000607416204  -0.052151015894   0.011952957336
   34    2  0.0000  1.0000  0.0000
  0.047456984673   0.103955686726  -0.136095666347
  0.001897570301   0.003814334614   0.002239797657
  0.169807143415  -0.081578861358  -0.083747819709
 -0.299718325270  -0.220691853515  -0.290311992823
  0.016169819445   0.034380006040   0.025567077602
  0.082855735207   0.049360277053   0.089546760301
 -0.009289750681   0.014056197032  -0.030783702145
  0.010515635327  -0.028808872117   0.001993111759
  0.023949267938  -0.036685488752  -0.005182688874
 -0.014510460443   0.001574552341  -0.006638284072
 -0.000563721946  -0.019293263111  -0.010767092764
  0.013022901666   0.006544534466  -0.021995715392
  0.007498644630  -0.047237118593  -0.004266972645
  0.013041382928  -0.034041326199  -0.046531169130
  0.094534512070   0.191898639350   0.058814566447
 -0.888384120394   0.934188143204   0.554679042635
 -0.031683820289  -0.003994325035   0.001624380538
  0.197194267729   0.093904385401   0.011071062501
  0.013621331459   0.060688122932   0.005114692292
 -0.003248723272   0.024963383749  -0.022939004608
 -0.002386223783   0.043408484450  -0.024242706289
  0.010059870801  -0.021784345366   0.037317732892
 -0.019873036910   0.006684666228   0.022327852302
  0.124892673526   0.039465979629   0.102113483832
 -0.046881717184   0.006514378648  -0.038258239917
 -0.004388763433   0.039603651864   0.018010102777
  0.017215700229   0.043274485716   0.032185862484
  0.024746244456  -0.022655566918  -0.031432061004
 -0.002196384004   0.060815467277   0.010703927093
 -0.001616213821   0.025432756919  -0.027252521765
  0.042728038310   0.097060722679   0.035653791455
 -0.161198151166   0.229613445804   0.056436201309
 -0.033986472761  -0.044437371304   0.003895942073
  0.510030654304  -3.588006670444   0.518843325554
  0.033979639416   0.097622145787  -0.058528423724
 -0.151752077929   0.229398446419   0.045557612148
  0.135946593971   2.297097748813  -1.070006287281
 -0.000010820536   0.010774431812   0.003833684608
  0.010438963954  -0.143624623797  -0.059108991768
 -0.066492395794  -0.139376951239   0.001874615978
  0.052138772550  -0.096769165628   0.031372947399
  0.005845710073  -0.005269185923  -0.009842968708
  0.005244262093   0.004572056209  -0.002089435027
 -0.004124841027  -0.005943347791  -0.006677638289
  0.008934227907   0.038252123169  -0.015871036562
 -0.041762362208   0.029733511276   0.040293056613
 -0.003942496169  -0.015932082498   0.020322773995
 -0.014565490670  -0.058986921369  -0.001637030366
  0.125460567520   0.155942725643   0.226679544630
  0.022048167447  -0.120781854523   0.111706202150
 -0.134827182881  -0.136847684692  -0.096183053094
  0.017444947824  -0.135554796062   0.040923543581
 -0.000920006244  -0.008953211344   0.013829423615
  0.099603327650   0.042659396329  -0.024141615920
   34    3  0.0000  0.0000  1.0000
  0.031678498793  -0.108240880480   0.026023889284
 -0.007712317071   0.001806805588  -0.000354025155
 -0.103771930588   0.028333884884   0.073335994454
  0.293930270890   0.051446729561   0.411709765455
  0.107806640207   0.017548545061   0.014211508383
  0.068339753696   0.037361129057   0.063743455178
 -0.021954996300  -0.014324457120  -0.111165591909
  0.026145004616  -0.004265738242  -0.060749033500
  0.015114918108   0.002574158375  -0.039633707688
  0.007157293963   0.000970512568  -0.016715922419
  0.016436832912  -0.013654755385   0.013897457620
 -0.004921439960   0.010068279372   0.001389913605
  0.018570073329   0.031386996938   0.016611725349
 -0.008064424308  -0.053751028805   0.059674888126
 -0.073954042493  -0.080583924037   0.018201063190
 -1.023222553923   0.360867103312   1.144904345015
  0.009043045716   0.000417701359  -0.000030689286
 -0.049537955130  -0.160069834623   0.254907627716
  0.014196958207   0.016124385625   0.041183462367
 -0.002708345296  -0.023729744665   0.021035257304
  0.020864033454   0.034709426782   0.020598744480
  0.019104485068  -0.029386301781  -0.020245706697
 -0.047075778728  -0.037932615404   0.064867805692
  0.061549050261   0.018283733666   0.096297813591
 -0.041521521232   0.030748136412   0.066141511190
  0.030093021051   0.110668657941   0.101002165776
 -0.005823190502  -0.033621121760   0.029540481478
 -0.015497260738   0.040975543936  -0.018612577287
  0.043205451991   0.008487735319   0.037535468327
 -0.003923367144  -0.018078141807   0.017317435379
 -0.046117309951  -0.054615635615  -0.099655847560
  0.135564608266   0.050986258780  -0.243984100025
 -0.044259434946   0.010343197327  -0.020047481660
  0.452372859562   0.445290598461  -4.097495121331
 -0.044125171256   0.035530136513  -0.099703618416
  0.106982782690   0.055179214882  -0.229882126865
 -0.122825786519  -1.055912715119   1.385376301930
  0.005378130089   0.002832235763  -0.009196444186
 -0.208048108395   0.003311910685   0.187673457204
  0.042575563356  -0.070569547189   0.192882433817
 -0.039169126027   0.002290683073   0.087375874323
  0.023770752984   0.024008997260   0.013258961927
 -0.009404148598  -0.006294475186   0.010142134308
 -0.004688612297   0.004111060572   0.008046468180
  0.011701766318   0.021605713145  -0.015565261626
  0.034141685702   0.007848439014  -0.058031244128
  0.032469266037   0.028504760148  -0.009138463483
  0.013375828364  -0.009360732507  -0.022494091693
  0.231471989702   0.214409302882   0.471275853452
  0.093783500325   0.136008235179   0.078206724740
  0.073858000826   0.037270193341   0.053777076364
 -0.029229077140  -0.099270855799   0.067718755337
 -0.004235024651  -0.030173855549   0.008433344426
 -0.078891143290   0.021525958290   0.014401889949
   35    1  1.0000  0.0000  0.0000
 -0.105265047099  -0.005410244249  -0.028605550493
 -0.013374475649   0.166963789776   0.065500099540
 -0.011770487942  -0.001100952439  -0.007260031592
 -0.047534638638   0.082215875414  -0.022503077934
  0.012220340042  -0.078018683885   0.072557940182
 -0.045303027036   0.060060590908  -0.008556483852
 -0.016774949211  -0.016326338755   0.000575097775
  0.008860995579  -0.020091715748   0.017393011596
  0.035546655994  -0.003729403531  -0.005787827196
 -0.070651905948  -0.056268240427   0.003620652977
 -0.017899900958  -0.007472359430  -0.024016652707
  0.017321231291   0.007738693310  -0.017625089804
  0.052930012493   0.156879046985  -0.027033514646
  0.000666414162   0.011292659291   0.004923120429
 -0.055350071130   0.043589180007  -0.038834257052
  0.010420350664   0.013369962812  -0.000742104047
  1.815430218472  -0.574139485746  -0.806674471003
 -0.096347716304   0.080526202189   0.119669673612
  0.121021737557  -0.003961656310   0.020262240572
  0.094883407847  -0.046755698702  -0.044596000491
  0.024065710533  -0.001524576073  -0.006258492247
  0.020238308896  -0.001988497177   0.035673656756
  0.008691069407   0.024240607091  -0.019436039863
  0.029327841890   0.017431579572  -0.010686904356
  0.023940992791  -0.003887133756  -0.005404666516
  0.019859582187   0.013010889355   0.011582390658
  0.120534314184   0.124718684124   0.051855128786
  0.094394114913  -0.019441525567  -0.045447855968
  0.008327783328   0.010673240420   0.013894928935
  0.028742320153  -0.002125485234   0.015011509464
  0.050787234440  -0.161519766591   0.128491717934
 -0.011090577081   0.042684026519  -0.049584106242
  0.051392322907  -0.152005200927   0.105856338202
 -0.011178282093   0.033830349097  -0.044942651008
 -2.979106493972   0.511439887626   0.610419942756
  0.052909172711  -0.034199381984  -0.046728911228
 -0.019047691002  -0.033698882990   0.022140702553
  0.001438807365  -0.024515488963   0.001774791959
  0.007020942685  -0.000502143233   0.000227199773
  0.553954192388  -0.136632307153   0.130491184343
  0.182745391134  -0.011637872782   0.184871232144
  0.190327743211   0.074269646722  -0.037231151811
 -0.047198298354   0.004459123526  -0.027331334421
 -0.011681767802   0.016078327042  -0.012164512462
 -0.036679025767   0.005922379612   0.019410204838
 -0.008098223677  -0.006638013575  -0.002879902691
 -0.007268224458   0.003014665591  -0.011279866386
 -0.002161697395   0.028086602160  -0.026559706464
 -0.000616332115  -0.052144526417   0.011955277628
  0.017819157948  -0.047644648392   0.080663544019
  0.277341463248  -0.034427614249  -0.076421121294
 -0.375545832393  -0.113226134073  -0.234833671542
  0.030552005759   0.130223831199  -0.066298883340
  0.026232829845  -0.011685861992   0.026903251228
   35    2  0.0000  1.0000  0.0000
  0.082846796571   0.049342408809   0.089523839649
  0.016160743104   0.034402931026   0.025564100175
  0.001906326659   0.003820975042   0.002231474267
  0.047462496096   0.103993998523  -0.136130220284
 -0.299726900266  -0.220701302187  -0.290316323248
  0.169829187554  -0.081581471771  -0.083766208082
  0.013022311412   0.006550356632  -0.021996318022
 -0.000562056566  -0.019289410140  -0.010759190921
  0.010529018646  -0.028807503223   0.001991892040
 -0.009289066585   0.014058388405  -0.030784751975
 -0.014513189936   0.001574015302  -0.006627314656
  0.023948564469  -0.036670595735  -0.005166958672
  0.197225918588   0.093902449882   0.011094603179
 -0.031687087555  -0.003988763538   0.001635635968
  0.013032912509  -0.034017016676  -0.046515132715
  0.007510273636  -0.047223152308  -0.004263521173
 -0.888410633030   0.934226898843   0.554723919903
  0.094512641295   0.191931940318   0.058799028162
  0.124908252273   0.039473514614   0.102103132533
 -0.019861191851   0.006696495017   0.022327660132
 -0.003225002660   0.024981010530  -0.022943028121
  0.013636198530   0.060697891768   0.005103288155
  0.010070681471  -0.021776752212   0.037313489559
 -0.002367523996   0.043419032810  -0.024263395239
 -0.001625446778   0.025420088612  -0.027230300932
 -0.002200552966   0.060804038903   0.010716901303
 -0.004395883807   0.039601165156   0.018024208937
 -0.046892954496   0.006526878097  -0.038251219581
  0.024737571980  -0.022643760424  -0.031432509221
  0.017211531355   0.043282132898   0.032185903459
 -0.151747450643   0.229382452249   0.045567888622
  0.033961964276   0.097604785041  -0.058529182136
 -0.161205657114   0.229622259360   0.056456299265
  0.042724947330   0.097052923372   0.035678828668
  0.509992599117  -3.588342760292   0.518788218706
 -0.034018380661  -0.044434853767   0.003892316473
  0.005852936883  -0.005256514542  -0.009837431223
  0.052126797172  -0.096762087904   0.031365319192
 -0.000021968031   0.010778018873   0.003831466281
  0.136011789546   2.297180894592  -1.070041100805
 -0.066525325163  -0.139401277657   0.001832245520
  0.010434988994  -0.143626141364  -0.059133106034
 -0.014581251910  -0.058981744745  -0.001652171080
 -0.003943815601  -0.015924783232   0.020320056998
 -0.004124140999  -0.005942920797  -0.006676767545
  0.005236505581   0.004578539631  -0.002093156734
 -0.041775608330   0.029731827721   0.040296023981
  0.008925375499   0.038267445596  -0.015879177516
  0.099615669994   0.042665498255  -0.024138140622
 -0.000913034513  -0.008958319888   0.013847858494
  0.022040369769  -0.120748818341   0.111738178819
  0.125487078428   0.155929571231   0.226687179247
  0.017459774484  -0.135570522651   0.040948571174
 -0.134808099767  -0.136850353713  -0.096162902323
   35    3  0.0000  0.0000  1.0000
  0.068341366665   0.037352599861   0.063750020527
  0.107803779333   0.017539773620   0.014189062271
 -0.007712507586   0.001805743348  -0.000346216940
  0.031672448904  -0.108259590581   0.026025174253
  0.293931827655   0.051425719215   0.411717080117
 -0.103774294194   0.028325985955   0.073346962678
 -0.004922376488   0.010063885148   0.001392765237
  0.016440307962  -0.013658466029   0.013900031887
  0.026145618082  -0.004261486981  -0.060740702009
 -0.021954711092  -0.014321950421  -0.111157661526
  0.007156490618   0.000967387517  -0.016711243051
  0.015113951303   0.002563339394  -0.039635234382
 -0.049535453154  -0.160071333997   0.254938206043
  0.009048147109   0.000407538519  -0.000025036775
 -0.008068900217  -0.053745036751   0.059668247946
  0.018567323723   0.031384527868   0.016624447895
 -1.023225676182   0.360880059052   1.144910328482
 -0.073957303679  -0.080581670515   0.018200769976
  0.061545323193   0.018292558372   0.096289370690
 -0.047088395735  -0.037937020665   0.064876804493
 -0.002713593429  -0.023730531143   0.021045922426
  0.014193121697   0.016125931333   0.041179098087
  0.019109536318  -0.029398332913  -0.020246741180
  0.020867568800   0.034697484877   0.020611221666
 -0.003924268312  -0.018076672057   0.017323132679
  0.043201667004   0.008488069219   0.037539556988
  0.030092029327   0.110662470461   0.101011384917
 -0.041526286696   0.030744582495   0.066153789438
 -0.015496278689   0.040967365213  -0.018606521413
 -0.005816635191  -0.033618274679   0.029542504708
  0.106979100218   0.055167251888  -0.229877249579
 -0.044125854426   0.035531155120  -0.099701294172
  0.135571267894   0.050998455826  -0.243988252892
 -0.046113651592  -0.054618703572  -0.099644706290
  0.452459949137   0.445444841186  -4.097786384479
 -0.044257976722   0.010331364101  -0.020043020724
  0.023773655288   0.024012160704   0.013269288356
 -0.039170084483   0.002293796576   0.087390148761
  0.005387696509   0.002826647073  -0.009194620498
 -0.122852609541  -1.055914863680   1.385430576804
  0.042572278475  -0.070571853955   0.192891297680
 -0.208046904327   0.003296569189   0.187662822835
  0.013371470117  -0.009359827939  -0.022473426803
  0.032462613873   0.028500823701  -0.009132051077
 -0.004685362093   0.004104931741   0.008046054887
 -0.009407616332  -0.006293443382   0.010134251629
  0.034139976665   0.007839082831  -0.058037685835
  0.011702452475   0.021606975488  -0.015553699887
 -0.078906492593   0.021530999729   0.014403326166
 -0.004239706984  -0.030173835001   0.008433489536
  0.093775860315   0.136003633400   0.078205965308
  0.231466438424   0.214416602124   0.471286900019
 -0.029228802255  -0.099269288915   0.067729653898
  0.073858474909   0.037261871036   0.053782090228
   36    1  1.0000  0.0000  0.0000
 -0.013375541278   0.166977879109   0.065492649863
 -0.105268039547  -0.005411331119  -0.028609600379
 -0.047546093752   0.082214862273  -0.022507474769
 -0.011775933887  -0.001098587567  -0.007263982934
 -0.045304658215   0.060064675128  -0.008560217202
  0.012226513562  -0.078020216545   0.072563756070
  0.008860421213  -0.020093239488   0.017391802828
 -0.016770246677  -0.016329816344   0.000571412760
 -0.070654114675  -0.056269098220   0.003614405149
  0.035539844233  -0.003727443319  -0.005788210670
  0.017323529801   0.007734044200  -0.017625623235
 -0.017902878538  -0.007467963348  -0.024019976917
  0.000659688549   0.011289760419   0.004918983703
  0.052927210312   0.156875178717  -0.027037605948
  0.010423502305   0.013368869886  -0.000741719259
 -0.055351297362   0.043590878407  -0.038837630132
 -0.096348554959   0.080525713535   0.119670940410
  1.815415861389  -0.574133143840  -0.806656173971
  0.094882496270  -0.046763507863  -0.044584010149
  0.121026650219  -0.003954882356   0.020265609149
  0.020234062942  -0.001988365067   0.035672351117
  0.024057260237  -0.001524180398  -0.006267399983
  0.029330400068   0.017432440026  -0.010689525635
  0.008698498801   0.024240515280  -0.019431990880
  0.019858155750   0.013005297405   0.011592139625
  0.023937187934  -0.003885895448  -0.005403212644
  0.094389760967  -0.019438730940  -0.045450437881
  0.120530172553   0.124706382269   0.051858610777
  0.028740967055  -0.002126566860   0.015008005417
  0.008322589243   0.010680862329   0.013893636485
 -0.011099200588   0.042676205672  -0.049582945343
  0.050784676628  -0.161519741720   0.128483662587
 -0.011182499383   0.033827325370  -0.044943105114
  0.051390571410  -0.152001735950   0.105852701152
  0.052914975508  -0.034203246097  -0.046735363304
 -2.979034756076   0.511446901405   0.610426128262
  0.001436082882  -0.024516066635   0.001779908650
 -0.019051022131  -0.033697698967   0.022146314341
  0.553997435776  -0.136622253996   0.130504664550
  0.007021507962  -0.000500793239   0.000223674721
  0.190331188333   0.074260880152  -0.037231556046
  0.182750437711  -0.011638442795   0.184869623062
 -0.011683684511   0.016080173084  -0.012163620952
 -0.047204547769   0.004453122443  -0.027331136781
 -0.008098868282  -0.006635334250  -0.002886222260
 -0.036679298693   0.005916097123   0.019411074495
 -0.002168540090   0.028084905124  -0.026556355434
 -0.007274260819   0.003016320270  -0.011278100726
  0.017822959530  -0.047644187824   0.080658315123
 -0.000618787014  -0.052146822254   0.011955772010
 -0.375543169656  -0.113226352667  -0.234826985946
  0.277323115865  -0.034416169144  -0.076432391300
  0.026222913836  -0.011692998651   0.026902642251
  0.030555355054   0.130225523282  -0.066286208762
   36    2  0.0000  1.0000  0.0000
  0.016162389665   0.034395123027   0.025532843091
  0.082855616247   0.049358344425   0.089541032515
  0.047454478243   0.103985901722  -0.136094677400
  0.001898248717   0.003818476516   0.002234276308
  0.169809087911  -0.081583216272  -0.083739163610
 -0.299709789548  -0.220707784794  -0.290309016245
 -0.000567282814  -0.019285865144  -0.010758694202
  0.013019286079   0.006557327968  -0.021997543820
 -0.009290559424   0.014066173513  -0.030790048997
  0.010515376793  -0.028812642722   0.001997280035
  0.023947555776  -0.036684541180  -0.005169651371
 -0.014506948323   0.001578554859  -0.006633573865
 -0.031678433483  -0.003995700062   0.001625913067
  0.197185165759   0.093928761023   0.011073494226
  0.007496189053  -0.047225890492  -0.004262089061
  0.013040768045  -0.034052657266  -0.046524372166
  0.094536570508   0.191911039157   0.058825836294
 -0.888401128767   0.934195006854   0.554710714882
 -0.019869167570   0.006684854225   0.022328744786
  0.124884684222   0.039457720136   0.102114825128
  0.013633833691   0.060688274756   0.005114448665
 -0.003250720125   0.024955123614  -0.022938134970
 -0.002380066767   0.043416555585  -0.024242780404
  0.010058515627  -0.021784161333   0.037319242057
 -0.002186923861   0.060821991067   0.010703482416
 -0.001616831419   0.025431192738  -0.027251687738
 -0.046887198467   0.006515125964  -0.038257589458
 -0.004380968818   0.039610559289   0.018014289342
  0.017209230738   0.043273286940   0.032179397855
  0.024753652842  -0.022649304797  -0.031436592150
  0.033982960177   0.097616775468  -0.058522278255
 -0.151749526972   0.229394786409   0.045561823613
  0.042718639450   0.097051937613   0.035638726967
 -0.161192507120   0.229619216385   0.056440653541
 -0.033984934942  -0.044418054623   0.003887988710
  0.510030815343  -3.588238261370   0.518875566057
  0.052137874598  -0.096767210750   0.031366759498
  0.005845086237  -0.005264346166  -0.009836983317
  0.135948313931   2.297153904783  -1.070037068759
 -0.000011803949   0.010772356368   0.003834654129
  0.010431674627  -0.143605876957  -0.059119173318
 -0.066495421177  -0.139373953209   0.001860835275
 -0.003941702947  -0.015915207849   0.020316202275
 -0.014569068985  -0.058990659451  -0.001646086662
  0.005247185795   0.004577174292  -0.002079280871
 -0.004116887426  -0.005944286283  -0.006681559575
  0.008927365836   0.038265440727  -0.015875279370
 -0.041758960028   0.029718814081   0.040289377843
 -0.000919621549  -0.008946097065   0.013840139928
  0.099600662339   0.042657150291  -0.024145260533
  0.125473490810   0.155922818168   0.226681240910
  0.022038320703  -0.120755247758   0.111697453076
 -0.134828163634  -0.136843289668  -0.096178659368
  0.017451578356  -0.135555512753   0.040920002996
   36    3  0.0000  0.0000  1.0000
  0.107792414427   0.017549780377   0.014197863380
  0.068342377008   0.037353117204   0.063744089371
  0.031681249424  -0.108283632613   0.026018378826
 -0.007721268136   0.001817260752  -0.000348994530
 -0.103773904190   0.028345976752   0.073347215448
  0.293926436646   0.051448459288   0.411712879824
  0.016436842667  -0.013667992576   0.013899560261
 -0.004930286499   0.010065706632   0.001386782436
 -0.021953026192  -0.014304596336  -0.111153523091
  0.026137410386  -0.004263906201  -0.060735175329
  0.015117061620   0.002573757241  -0.039619131298
  0.007153510650   0.000964365499  -0.016705307763
  0.009046211342   0.000420143493  -0.000026418640
 -0.049536281548  -0.160098535099   0.254928563528
  0.018572249490   0.031381448018   0.016619741935
 -0.008066942881  -0.053758123371   0.059673878673
 -0.073948841166  -0.080586902078   0.018212045418
 -1.023246464344   0.360858466418   1.144939381382
 -0.047080515218  -0.037923667902   0.064873949060
  0.061531734516   0.018286908591   0.096296677094
  0.014198341844   0.016127677262   0.041188974128
 -0.002715780839  -0.023732578127   0.021039895198
  0.020862658568   0.034711011588   0.020609539168
  0.019106140058  -0.029390941712  -0.020251682273
  0.043197597510   0.008486133283   0.037542343147
 -0.003931029065  -0.018073402271   0.017323330458
 -0.041538527255   0.030752831240   0.066155490006
  0.030089670612   0.110669020075   0.101014235723
 -0.005823661880  -0.033624370138   0.029539484327
 -0.015495948717   0.040978635865  -0.018595594432
 -0.044134691077   0.035538119278  -0.099709178056
  0.106989362860   0.055185874499  -0.229878728680
 -0.046118640573  -0.054612234399  -0.099642741479
  0.135566329736   0.050997197767  -0.243995674380
 -0.044256873511   0.010348303348  -0.020037789879
  0.452527432011   0.445448032824  -4.097984764874
 -0.039173225381   0.002283368663   0.087392536642
  0.023770484907   0.024008840756   0.013271756550
 -0.122825473848  -1.056002673034   1.385470875815
  0.005386880873   0.002818809088  -0.009182464572
 -0.208056522210   0.003299544946   0.187675545865
  0.042575369376  -0.070584775128   0.192892438490
  0.032459467256   0.028500540393  -0.009119802776
  0.013377452527  -0.009368391118  -0.022472916274
 -0.009411279694  -0.006283601417   0.010147481871
 -0.004686116021   0.004115590096   0.008050522866
  0.011699121698   0.021613152458  -0.015559033214
  0.034136457895   0.007852587713  -0.058030121581
 -0.004230255171  -0.030175384246   0.008437670521
 -0.078903415888   0.021535083471   0.014422231413
  0.231480101819   0.214406985063   0.471295650922
  0.093766955675   0.136009228735   0.078209995507
  0.073860188672   0.037259589369   0.053788598202
 -0.029228540769  -0.099275840280   0.067729439667
   37    1  1.0000  0.0000  0.0000
  0.052662404560  -0.162557240876   0.032583016433
  0.000454193915  -0.005906906476  -0.011367341456
 -0.098706484632  -0.081336462372  -0.116423102678
  1.818732133180   0.577041479064   0.806729056748
 -0.024771092210  -0.025772400577   0.001911463805
 -0.020229716212  -0.031762190570   0.036537975925
 -0.004204902434   0.029314127954  -0.017487465039
 -0.005530503235   0.007891535947  -0.001555347036
  0.024019850523   0.002247954100   0.009422272182
 -0.025939817922  -0.003203684718   0.032764245733
  0.044090293157   0.029838678220  -0.010341549427
 -0.079400409546   0.028896142289   0.013848384807
 -0.099322604875  -0.041598609429   0.039227918681
 -0.018212060175  -0.120951697335  -0.075998025926
 -0.049764580296  -0.064270181332   0.007259807622
  0.016634575430   0.081009012062  -0.072888607013
 -0.013237549230  -0.005016059934  -0.000710941173
 -0.046337890603  -0.074808937426   0.031203597028
  0.030817826595   0.017016217287  -0.036273257138
  0.026296673205  -0.134578428161   0.075934932652
  0.277199993346   0.022596782509   0.080930710599
 -0.375811191603   0.125177283519   0.228892146361
 -0.000372387901   0.099550840952  -0.077538704042
  0.017845588470  -0.001324688657  -0.010501860767
 -0.007861469324  -0.042002898238   0.030470624395
 -0.001588437914   0.008876587498   0.009038060828
 -0.036401568331  -0.003686503012  -0.005687951317
 -0.007806752851   0.005400705911  -0.010675501048
 -0.047036600160  -0.015018864104   0.011636511083
 -0.011588846226  -0.004168467352   0.028325867969
  0.180818589563  -0.065500553585   0.052314445584
  0.192035001594   0.009499536363  -0.199204859934
  0.006786109051   0.000177744658  -0.000586415916
  0.553555239916   0.136725896207  -0.126048871724
 -0.019609844771   0.005280471058   0.021008291345
  0.001553455628   0.052237293830  -0.043223674842
 -2.978752178378  -0.514383225694  -0.617895518689
  0.053049488561   0.030892921618   0.048220427255
 -0.004745611762  -0.032797566499   0.051604316189
  0.043580206367   0.150926648209  -0.112903819965
 -0.003969673450  -0.036804757320   0.054081495058
  0.043129266026   0.155938679633  -0.132708732715
  0.015403740721  -0.014818520461  -0.007442385760
  0.021890668232   0.008442954191  -0.021101543967
  0.097400947434   0.020150327778   0.061660603197
  0.117972124963  -0.125248794950  -0.071259577030
  0.007549028596   0.014054862930  -0.012102632854
  0.038356404710  -0.023097354230   0.004815625564
  0.015252762576  -0.020070181643   0.010628257754
  0.022232373030  -0.020676429595   0.020027255512
  0.007315672006  -0.001006515612  -0.019808598054
  0.038303861998   0.003255581596  -0.010381535548
  0.097929414838   0.023475270203   0.053207497283
  0.118334285848   0.026452584570  -0.032166986534
   37    2  0.0000  1.0000  0.0000
 -0.190413579234   0.094985661923   0.013399487583
  0.024012630282  -0.003892299279   0.000267045783
 -0.091392979788   0.191784865446   0.061648840142
  0.886680045016   0.936331088750   0.554825121381
 -0.011812665064  -0.051661762374  -0.033995470081
 -0.009155783183  -0.029711843763  -0.016713432309
 -0.023033026468   0.003374269570  -0.028160022126
  0.012662887796  -0.016245437657  -0.004778041975
 -0.013011730389  -0.006583133144  -0.026939455425
  0.002319248994  -0.030585191782   0.013441781963
 -0.001006875349   0.021468314037  -0.010672120745
 -0.001177743323  -0.035202143095  -0.013537482227
 -0.085469332351   0.030209409252   0.092271043393
 -0.015094286374   0.055037748663   0.027122188010
 -0.174899318677  -0.085432476086  -0.083949127867
  0.305758997589  -0.218574968765  -0.291242697829
  0.033476033348   0.002959478307  -0.000775705964
 -0.082958660235   0.104096596929  -0.131725068558
  0.129665571032  -0.135850196290  -0.094848231242
 -0.011668512402  -0.136959445996   0.041523397623
 -0.034213837456  -0.120584152049   0.125379939307
 -0.112159312702   0.154727829090   0.211797414396
 -0.051245048418   0.042489774729   0.020901145617
 -0.047331285380  -0.008625237232  -0.032541388692
  0.002823308644   0.029685034334   0.007692031664
  0.028445711674   0.038144055243   0.017397803712
  0.006111233713  -0.006109071170  -0.000829488214
 -0.006893259158   0.005282467297  -0.007689736547
  0.004588729802  -0.059807346148  -0.008730026385
  0.015676070210  -0.016423273699   0.024481882204
 -0.013301300262  -0.138789668496  -0.055922317616
  0.073912014819  -0.142715591977  -0.003630535087
 -0.000718415216   0.011231194002  -0.000589121212
 -0.136199318828   2.297521681491  -1.065052433784
 -0.033411727629  -0.005689114929   0.022747312201
 -0.024863865759  -0.096547488481  -0.000474596975
 -0.512910312313  -3.588984466125   0.521708694954
  0.031107117164  -0.043462379884  -0.000767250021
 -0.036204178674   0.103845793426   0.013263243291
  0.155961141946   0.222246297250   0.078811937272
 -0.032511075894   0.103974354096  -0.050495791612
  0.150613586697   0.221762935535   0.038135956256
 -0.019998834500  -0.015874539667  -0.016030531234
 -0.020816922626   0.037348799134   0.017486401179
  0.023292087928  -0.000456953084   0.027192196097
  0.026104352849   0.045971524892  -0.050984627433
 -0.000587271493   0.039817780148  -0.006708860557
  0.003214607147   0.046153728379  -0.010661212672
 -0.015603338162  -0.015943258428   0.028327175611
  0.008707535783   0.037636367503  -0.014961639842
  0.014396364048   0.039940538256  -0.002661719663
 -0.023664929893   0.046492662420  -0.014532959127
  0.020007026551   0.000130567329   0.032992433955
 -0.125807575831   0.046060622169   0.087786619430
   37    3  0.0000  0.0000  1.0000
  0.049016116246  -0.153186211696   0.235123768030
 -0.003437294845  -0.000141113569   0.000743790619
  0.060326611552  -0.067049630121   0.028732853068
  1.036599106329   0.369583246630   1.148161633706
  0.024461657450   0.001109339001   0.028914725471
 -0.029555897984  -0.035397345624   0.049613004947
 -0.004682840991  -0.003204971948   0.020837055529
 -0.000643398138  -0.001212582035   0.004485644329
 -0.026215916864  -0.007067664596  -0.033389744015
  0.012963105954   0.009948867996  -0.016171997553
 -0.019376934335   0.007029591565  -0.077290729004
  0.026517923409  -0.022944611763  -0.075900469486
 -0.058113719211  -0.012130006674   0.109100320927
 -0.116220227405   0.068977177483  -0.028475324669
  0.103520760048   0.016968307862   0.072782341200
 -0.294428938442   0.054654781132   0.412266329956
 -0.010558056116  -0.011753533432   0.004697010042
 -0.005211870445  -0.100768289757   0.018902151167
 -0.066852415081   0.041561030672   0.068583679329
  0.028023682111  -0.095436524532   0.058537385649
 -0.078389830059   0.111045241086   0.064890231513
 -0.234325559074   0.227480313247   0.463749849728
  0.010843964081  -0.023194750797   0.009665850039
  0.081229793036   0.013681775552   0.004817404768
 -0.011507233124   0.039801108751  -0.052048955759
 -0.026931099682  -0.016798079164  -0.012562102823
  0.018752278629  -0.006453585580   0.012974362268
 -0.002125112835  -0.001653760553   0.011208812379
 -0.027453312915  -0.002855527646  -0.019523817565
 -0.012602662527   0.019418583917  -0.006994055257
  0.185045204758   0.006493772682   0.191940752630
 -0.034128665977  -0.059458478893   0.168630972434
  0.000417819613   0.003275830833  -0.009527068239
  0.127763379980  -1.066764486950   1.368127876841
  0.023403320044  -0.007812929410   0.014629031024
  0.001979756242   0.031371088444   0.087654281867
 -0.613403329816   0.518052572064  -4.064315180031
  0.049355431910  -0.001542478348  -0.034139376926
  0.053315305269  -0.050234378285  -0.084615443325
 -0.131949307783   0.037624337059  -0.250952190347
  0.052582297762   0.012746258132  -0.084405584670
 -0.114411481090   0.079442058990  -0.254591891307
  0.010397395550   0.028639911752  -0.024109826600
  0.020168307244  -0.015097223263   0.030627994864
  0.053304493448   0.032814448464   0.025379971470
 -0.032239213350   0.087467718435   0.130557702702
 -0.019430794441  -0.002588499769   0.038408043310
 -0.010203810718  -0.013648933810   0.020286559863
 -0.007280446127  -0.016468238731  -0.023508233188
 -0.021200844015   0.017015226591   0.031704809848
 -0.011700459204  -0.006234118289   0.038682441966
  0.006021696049  -0.010199337377   0.020530931875
  0.061756226511   0.026967436151   0.025052064693
 -0.073184960631  -0.051872731876   0.131520350714
   38    1  1.0000  0.0000  0.0000
  0.000456849893  -0.005904682247  -0.011365224937
  0.052663331165  -0.162584353250   0.032584462190
  1.818729042203   0.577072585537   0.806721124794
 -0.098704229490  -0.081351304894  -0.116432718514
 -0.020227132638  -0.031768639580   0.036536324387
 -0.024770853880  -0.025762805568   0.001916220341
 -0.005524674617   0.007886096596  -0.001555726044
 -0.004204752698   0.029305801509  -0.017488907946
 -0.025937639999  -0.003214834756   0.032767525599
  0.024023447738   0.002245934464   0.009418570546
 -0.079396872851   0.028895832017   0.013846285318
  0.044093651650   0.029840077417  -0.010341091641
 -0.018212670065  -0.120943708958  -0.076001789423
 -0.099319655507  -0.041605274988   0.039225459354
  0.016634310232   0.081035086102  -0.072877848832
 -0.049760642964  -0.064265471672   0.007262876376
 -0.046325269423  -0.074842366349   0.031198876878
 -0.013243112061  -0.005014249169  -0.000705442763
  0.026293153143  -0.134574931490   0.075935046098
  0.030813977951   0.017018314253  -0.036277426558
 -0.375809300412   0.125183819357   0.228894000036
  0.277207877079   0.022596907327   0.080915875640
  0.017844310162  -0.001328309267  -0.010503733879
 -0.000367200068   0.099549898334  -0.077536874812
 -0.001588823365   0.008871448540   0.009038698039
 -0.007860068464  -0.041994916411   0.030469317188
 -0.007807268886   0.005404623665  -0.010681835689
 -0.036398767703  -0.003686617248  -0.005695149449
 -0.011588438130  -0.004167934676   0.028330148448
 -0.047033531442  -0.015026306139   0.011639370528
  0.192033540005   0.009486298842  -0.199203087840
  0.180811245267  -0.065518364625   0.052315258817
  0.553547527263   0.136684945747  -0.126004772210
  0.006783651035   0.000180665760  -0.000583876721
  0.001551656906   0.052234458318  -0.043218139054
 -0.019610156068   0.005267900690   0.021007686358
  0.053040918664   0.030902407331   0.048225261116
 -2.978792799143  -0.514287401772  -0.617922055335
  0.043585732780   0.150929351064  -0.112908686061
 -0.004741550035  -0.032790764805   0.051613199173
  0.043133021489   0.155936199659  -0.132709277586
 -0.003972489985  -0.036805578331   0.054087880318
  0.021885259468   0.008448014289  -0.021103665329
  0.015402117933  -0.014817997239  -0.007442003357
  0.117977610406  -0.125255126047  -0.071260721701
  0.097397733456   0.020148523772   0.061658871012
  0.038367772199  -0.023097954859   0.004814444635
  0.007546578604   0.014054495294  -0.012107666269
  0.022232400120  -0.020682899438   0.020034223811
  0.015250633820  -0.020070059657   0.010628730575
  0.038303173215   0.003257607578  -0.010382854510
  0.007317401134  -0.001006962475  -0.019814671490
  0.118338770737   0.026455860280  -0.032170394984
  0.097931204179   0.023476662170   0.053209905361
   38    2  0.0000  1.0000  0.0000
  0.024010893950  -0.003896804280   0.000266805358
 -0.190409899189   0.095007283265   0.013389431914
  0.886669385162   0.936312612723   0.554843749137
 -0.091396161283   0.191783861041   0.061650837515
 -0.009153720493  -0.029707385931  -0.016718497106
 -0.011810531164  -0.051667190205  -0.033998037477
  0.012665950829  -0.016249368720  -0.004784122040
 -0.023037509855   0.003378150670  -0.028162621186
  0.002322858933  -0.030592124654   0.013439411952
 -0.013014708424  -0.006579297777  -0.026933478846
 -0.001180376815  -0.035198869741  -0.013535771399
 -0.001004043326   0.021468252299  -0.010673171288
 -0.015085179986   0.055032240131   0.027116145019
 -0.085468774246   0.030198286466   0.092264240973
  0.305768130288  -0.218594106185  -0.291252543805
 -0.174898697594  -0.085439817521  -0.083955243037
 -0.082963192599   0.104086684931  -0.131734933595
  0.033474582816   0.002959500381  -0.000774201640
 -0.011660231978  -0.136963194293   0.041518990158
  0.129666602462  -0.135850036301  -0.094847929783
 -0.112165768805   0.154720666313   0.211800132247
 -0.034202089120  -0.120604299712   0.125390111894
 -0.047332411579  -0.008634140221  -0.032541837145
 -0.051245093148   0.042490104263   0.020890769954
  0.028445629628   0.038153161540   0.017405812755
  0.002820363581   0.029676738978   0.007670315417
 -0.006900193225   0.005271932519  -0.007697540093
  0.006113144927  -0.006110119081  -0.000831277169
  0.015675571374  -0.016425906078   0.024481180517
  0.004587528706  -0.059797377615  -0.008724451289
  0.073922971005  -0.142712196320  -0.003640316654
 -0.013297571807  -0.138796358097  -0.055925044273
 -0.136183636140   2.297598291748  -1.065025965759
 -0.000716621286   0.011232650331  -0.000593369546
 -0.024863076142  -0.096542742721  -0.000471290859
 -0.033412549595  -0.005685991217   0.022743643097
  0.031121461788  -0.043463494896  -0.000770862302
 -0.512958388064  -3.588961495494   0.521800382003
  0.155954683703   0.222246570426   0.078814568613
 -0.036205510128   0.103846621412   0.013253377076
  0.150610050953   0.221760085351   0.038132108731
 -0.032506032878   0.103980862497  -0.050497722933
 -0.020816378869   0.037351189606   0.017478245219
 -0.020002409750  -0.015871995729  -0.016038253471
  0.026090839526   0.045966406579  -0.050983359679
  0.023294764892  -0.000456879996   0.027198740920
  0.003218602374   0.046154414323  -0.010662386546
 -0.000586339614   0.039809372030  -0.006712245212
  0.008705718251   0.037637994395  -0.014966598538
 -0.015603815699  -0.015942497172   0.028326729171
 -0.023662927400   0.046494573100  -0.014536893191
  0.014397702561   0.039946716653  -0.002665116167
 -0.125801127701   0.046056207349   0.087789238292
  0.020007530191   0.000122258637   0.032990114095
   38    3  0.0000  0.0000  1.0000
 -0.003436164637  -0.000134245359   0.000748469318
  0.049005944612  -0.153204213375   0.235126981118
  1.036588397245   0.369620800690   1.148144763892
  0.060321095454  -0.067054064435   0.028741871072
 -0.029559667847  -0.035398099834   0.049616520652
  0.024459843097   0.001108880540   0.028917847331
 -0.000648815712  -0.001212946337   0.004483295748
 -0.004680359211  -0.003212121790   0.020833649704
  0.012960365068   0.009953048480  -0.016166937810
 -0.026210008303  -0.007059825174  -0.033388677325
  0.026515589140  -0.022935596512  -0.075903338386
 -0.019378055792   0.007029629948  -0.077292211148
 -0.116211937593   0.068976324086  -0.028451207310
 -0.058113830683  -0.012132314795   0.109102136547
 -0.294428963422   0.054678948029   0.412260164407
  0.103525417118   0.016979247876   0.072788580167
 -0.005204867046  -0.100782462280   0.018890761671
 -0.010557327002  -0.011743330503   0.004701111380
  0.028021476737  -0.095433090343   0.058545647482
 -0.066850168359   0.041557642010   0.068591742201
 -0.234316485195   0.227496707481   0.463747123927
 -0.078404570409   0.111053860753   0.064904099308
  0.081227767324   0.013682367143   0.004815667971
  0.010844134823  -0.023185559338   0.009683989756
 -0.026933851986  -0.016804369064  -0.012562796168
 -0.011500104427   0.039815666047  -0.052036626129
 -0.002125563554  -0.001650661502   0.011213294362
  0.018748212141  -0.006448306159   0.012974544877
 -0.012611770203   0.019421569162  -0.007001043457
 -0.027449852421  -0.002866760910  -0.019506954282
 -0.034140473347  -0.059463304797   0.168633962733
  0.185025576986   0.006477081096   0.191945714233
  0.127712915008  -1.066848357037   1.368143926366
  0.000423296659   0.003282124352  -0.009522130596
  0.001974041565   0.031371911993   0.087656113638
  0.023397755771  -0.007822569926   0.014634085173
  0.049358096709  -0.001539320547  -0.034141138165
 -0.613321643487   0.518020137600  -4.064438964273
 -0.131944582529   0.037620378977  -0.250956387447
  0.053314300528  -0.050225386294  -0.084622182865
 -0.114409689946   0.079449641923  -0.254594695227
  0.052590161299   0.012748767572  -0.084410272029
  0.020171286023  -0.015097105066   0.030634284397
  0.010398485062   0.028643131297  -0.024106131130
 -0.032238749277   0.087475835297   0.130552654027
  0.053307369698   0.032809456735   0.025379784379
 -0.010199660537  -0.013641641347   0.020283699925
 -0.019429871769  -0.002585715969   0.038408868901
 -0.021196537200   0.017012706665   0.031704674066
 -0.007270848736  -0.016464415751  -0.023501319051
  0.006018733096  -0.010197880575   0.020534995224
 -0.011696878019  -0.006230739467   0.038682039693
 -0.073186080862  -0.051882730877   0.131520500403
  0.061747118350   0.026971269612   0.025055446748
   39    1  1.0000  0.0000  0.0000
 -0.024763071042  -0.025767167290   0.001903512145
 -0.020214633669  -0.031767216949   0.036536914998
  0.052674962580  -0.162562021688   0.032583780282
  0.000465255549  -0.005910176466  -0.011368133223
 -0.098691577197  -0.081346857224  -0.116430462925
  1.818725802935   0.577050734355   0.806710180907
  0.044102509944   0.029838660154  -0.010349536413
 -0.079390574890   0.028888883078   0.013851112615
 -0.004194437477   0.029307619789  -0.017489155039
 -0.005515049051   0.007883347096  -0.001556465368
  0.024029978415   0.002244267113   0.009409505680
 -0.025927867991  -0.003214568622   0.032765977092
 -0.013232026434  -0.005018742619  -0.000709055415
 -0.046321806508  -0.074832789576   0.031196224920
 -0.099311545372  -0.041609287303   0.039221335734
 -0.018200933168  -0.120949658283  -0.075992899717
 -0.049746608471  -0.064273412382   0.007256885379
  0.016650340719   0.081023963765  -0.072887837588
 -0.000353101809   0.099544300096  -0.077540159581
  0.017855491029  -0.001334134983  -0.010508034348
  0.030823372815   0.017017451336  -0.036280412244
  0.026311517802  -0.134574502773   0.075926505602
  0.277204525493   0.022579417715   0.080933788151
 -0.375793012606   0.125180486652   0.228886290262
 -0.047015242154  -0.015032010254   0.011635226440
 -0.011579904917  -0.004170500350   0.028323559648
 -0.007852178028  -0.041995207292   0.030464545688
 -0.001579273556   0.008874656668   0.009035691062
 -0.036393793104  -0.003686229298  -0.005699796120
 -0.007794970974   0.005393716076  -0.010680160883
 -0.019593837912   0.005274515523   0.021005920281
  0.001564426291   0.052229669692  -0.043225405938
  0.180810922594  -0.065513563892   0.052312689477
  0.192044306343   0.009486876094  -0.199203830474
  0.006796059661   0.000174282867  -0.000591287613
  0.553572436266   0.136719543325  -0.126019010430
 -0.003956846926  -0.036809708014   0.054082552049
  0.043140838508   0.155931914408  -0.132711037798
 -2.979333364913  -0.514168698900  -0.617750185143
  0.053055071384   0.030889465972   0.048219958971
 -0.004729837616  -0.032797471591   0.051607091305
  0.043597471987   0.150924520183  -0.112911050212
  0.007552531398   0.014050319118  -0.012109633914
  0.038372946617  -0.023109483403   0.004815316503
  0.015412086601  -0.014821753949  -0.007447654913
  0.021901667172   0.008440595933  -0.021104363775
  0.097403013062   0.020146644047   0.061653548806
  0.117990266293  -0.125249476928  -0.071263644035
  0.097941676904   0.023477899216   0.053203425006
  0.118343356025   0.026446668217  -0.032172595329
  0.015258233576  -0.020068279851   0.010628392543
  0.022244004584  -0.020681394238   0.020026787231
  0.007326718207  -0.001008152356  -0.019809575840
  0.038313705031   0.003252047988  -0.010385334500
   39    2  0.0000  1.0000  0.0000
 -0.011860709665  -0.051717924310  -0.034030134682
 -0.009154361021  -0.029731645084  -0.016707969562
 -0.190408372151   0.094953070271   0.013453751570
  0.023977466458  -0.003958586274   0.000278532042
 -0.091521815204   0.191967330790   0.061720391982
  0.886869432659   0.936324028540   0.554988640871
 -0.000992895436   0.021492838459  -0.010653680069
 -0.001198544858  -0.035188348650  -0.013561195949
 -0.023022855445   0.003370234142  -0.028156787954
  0.012641788634  -0.016245591764  -0.004793977246
 -0.012993566170  -0.006572578896  -0.026880307981
  0.002346252777  -0.030572091323   0.013421567988
  0.033464982935   0.002986185152  -0.000752470308
 -0.082955655754   0.104182880904  -0.131716712447
 -0.085393854003   0.030216052453   0.092151360614
 -0.015082245957   0.055132571848   0.027210789408
 -0.175054098758  -0.085471717920  -0.084030219091
  0.305765163190  -0.218575217224  -0.291307680922
 -0.051244893160   0.042551053911   0.020851743579
 -0.047312801785  -0.008625281900  -0.032521500902
  0.129589823607  -0.135786100669  -0.094703704134
 -0.011622025720  -0.137063294927   0.041575388836
 -0.034130773106  -0.120397012520   0.125428101539
 -0.112121718280   0.154790692614   0.211739869986
  0.004563683145  -0.059812272156  -0.008727665393
  0.015645554788  -0.016379518586   0.024477604764
  0.002774306486   0.029674980465   0.007707209744
  0.028417592166   0.038154854659   0.017417231985
  0.006087835140  -0.006139723884  -0.000771492908
 -0.006934281225   0.005276356743  -0.007663494819
 -0.033365458291  -0.005757022822   0.022767120626
 -0.024891718693  -0.096478773039  -0.000444097402
 -0.013264231400  -0.138800638865  -0.056003449140
  0.073851385144  -0.142664896144  -0.003584232470
 -0.000701627472   0.011215942243  -0.000626713204
 -0.136286876352   2.298129148557  -1.065443849859
 -0.032457367593   0.103938577202  -0.050558595924
  0.150489688811   0.221619525166   0.038077896238
 -0.512650461365  -3.589885570078   0.521660892670
  0.031076502194  -0.043348559183  -0.000778524348
 -0.036183783557   0.103785072247   0.013292227278
  0.155971666285   0.222308952565   0.078836480612
 -0.000606071064   0.039805828832  -0.006696243410
  0.003197130409   0.046106027254  -0.010602002197
 -0.020033250448  -0.015851435080  -0.016054409671
 -0.020813130155   0.037315586466   0.017495194789
  0.023269050153  -0.000425567959   0.027189139528
  0.026056214639   0.045970818629  -0.051014564694
  0.020073902387   0.000170054233   0.033065707872
 -0.125798222791   0.046006895984   0.087768540223
 -0.015546498306  -0.015964273571   0.028353479486
  0.008734629475   0.037600032552  -0.014940197785
  0.014377508818   0.039906808450  -0.002669757132
 -0.023637395117   0.046461241497  -0.014533232629
   39    3  0.0000  0.0000  1.0000
  0.024453088374   0.001107362598   0.028908255092
 -0.029558124541  -0.035394011270   0.049611448399
  0.049015767293  -0.153205598482   0.235125879239
 -0.003438173485  -0.000133668686   0.000744153658
  0.060314260279  -0.067045302037   0.028735098106
  1.036584520615   0.369600450284   1.148146521345
 -0.019381447590   0.007027327671  -0.077294752597
  0.026521803412  -0.022938198824  -0.075900802734
 -0.004685209017  -0.003212938434   0.020828982051
 -0.000646028850  -0.001215936479   0.004479690762
 -0.026214072054  -0.007062063929  -0.033397490716
  0.012958036790   0.009952865466  -0.016169836882
 -0.010558613245  -0.011745224333   0.004694607386
 -0.005214146123  -0.100781548424   0.018888698318
 -0.058111260490  -0.012130251725   0.109098228594
 -0.116211058200   0.068979834384  -0.028470953128
  0.103523279132   0.016979205522   0.072784186870
 -0.294425021168   0.054680360404   0.412267548797
  0.010848986788  -0.023185081195   0.009675772749
  0.081225503992   0.013676761599   0.004809460159
 -0.066857621940   0.041558343562   0.068589571422
  0.028024129683  -0.095431184465   0.058533104080
 -0.078409324628   0.111038789714   0.064894191727
 -0.234317546662   0.227490043477   0.463737631864
 -0.027450380101  -0.002860507020  -0.019515461735
 -0.012609362914   0.019421838279  -0.006999529119
 -0.011502165450   0.039814510450  -0.052047666128
 -0.026934499772  -0.016802804966  -0.012562976442
  0.018754861781  -0.006443058507   0.012973593782
 -0.002130163131  -0.001645065663   0.011203556475
  0.023403846241  -0.007819384694   0.014633525457
  0.001972130651   0.031363467300   0.087654192864
  0.185024796735   0.006477655688   0.191944265417
 -0.034133537873  -0.059460843500   0.168629337676
  0.000417002150   0.003284626618  -0.009523542374
  0.127720733698  -1.066827114927   1.368147672850
  0.052588557822   0.012751103004  -0.084406865778
 -0.114413870724   0.079444533377  -0.254594856231
 -0.613275639674   0.518009102281  -4.064257353427
  0.049346830258  -0.001523428830  -0.034149095652
  0.053314306478  -0.050223569260  -0.084624719153
 -0.131943584508   0.037621728927  -0.250956166950
 -0.019428406770  -0.002589002889   0.038411165629
 -0.010205035545  -0.013643959458   0.020288658034
  0.010394803273   0.028639369397  -0.024103946055
  0.020167078476  -0.015098013211   0.030629177287
  0.053305958030   0.032808027310   0.025379789551
 -0.032238729798   0.087475217375   0.130554030020
  0.061751635393   0.026969447305   0.025054884951
 -0.073182097407  -0.051880207958   0.131516389285
 -0.007273163790  -0.016467747878  -0.023505222892
 -0.021202173163   0.017017497095   0.031703325927
 -0.011702970338  -0.006229796210   0.038674438645
  0.006021511610  -0.010193955833   0.020530203525
   40    1  1.0000  0.0000  0.0000
 -0.020219116082  -0.031773878342   0.036536431967
 -0.024763827259  -0.025779696185   0.001910209510
  0.000470598846  -0.005908969221  -0.011366227206
  0.052674347264  -0.162572037807   0.032587641441
  1.818735105899   0.577042775654   0.806703463328
 -0.098696858213  -0.081344229683  -0.116421588785
 -0.079387040953   0.028889534563   0.013843411406
  0.044105188836   0.029839436377  -0.010340676190
 -0.005518098393   0.007885241747  -0.001556828834
 -0.004191070149   0.029308475413  -0.017484442188
 -0.025928683263  -0.003214730977   0.032767603776
  0.024031533123   0.002236024466   0.009417949467
 -0.046319019956  -0.074806095551   0.031206137703
 -0.013232374026  -0.005020049610  -0.000705677582
 -0.018198047773  -0.120950233696  -0.076005152178
 -0.099308355820  -0.041602884236   0.039224690978
  0.016645696481   0.081015346556  -0.072876606416
 -0.049747020059  -0.064272786516   0.007260590084
  0.017861687390  -0.001322077377  -0.010502468332
 -0.000357922671   0.099542548024  -0.077536442392
  0.026303202966  -0.134584713026   0.075929473626
  0.030826107954   0.017015774093  -0.036271642298
 -0.375803856094   0.125166458647   0.228889864206
  0.277204999538   0.022605703457   0.080923510258
 -0.011575259459  -0.004172211088   0.028316442946
 -0.047018258095  -0.015030388689   0.011627591291
 -0.001574444249   0.008873279087   0.009034702715
 -0.007856136673  -0.042004896571   0.030469645692
 -0.007799187950   0.005397385185  -0.010676222017
 -0.036391131028  -0.003689990466  -0.005686650535
  0.001562453308   0.052233687531  -0.043226928406
 -0.019596642953   0.005272185116   0.021002161257
  0.192036749170   0.009494083480  -0.199211314165
  0.180831327106  -0.065504255473   0.052306766275
  0.553566875951   0.136698530756  -0.126065168062
  0.006796654430   0.000169212696  -0.000584595239
  0.043147463889   0.155927466218  -0.132708992152
 -0.003960201204  -0.036806241649   0.054085739610
  0.053054408445   0.030902581816   0.048221350318
 -2.979343255408  -0.514150456000  -0.617805818241
  0.043598540004   0.150916320816  -0.112905266839
 -0.004734375410  -0.032793156500   0.051598880580
  0.038368166104  -0.023100675489   0.004816395107
  0.007556228844   0.014050723113  -0.012106387867
  0.021900791555   0.008437461300  -0.021104505197
  0.015413513322  -0.014821234440  -0.007441922095
  0.117983788021  -0.125250035302  -0.071263935885
  0.097405732761   0.020146389548   0.061658042562
  0.118350962971   0.026446109326  -0.032169060716
  0.097942221077   0.023475355819   0.053209083402
  0.022239799147  -0.020675773366   0.020030005987
  0.015260668737  -0.020071716679   0.010632164622
  0.038320097141   0.003249598849  -0.010378888849
  0.007325272863  -0.001014275716  -0.019806541455
   40    2  0.0000  1.0000  0.0000
 -0.009154286719  -0.029726239020  -0.016705049175
 -0.011857604715  -0.051716255190  -0.034031678289
  0.023977226125  -0.003948641607   0.000278427472
 -0.190411858772   0.094932760906   0.013448058519
  0.886875413488   0.936359764274   0.554967254374
 -0.091519464228   0.191952337293   0.061720574634
 -0.001193698676  -0.035185147858  -0.013562078921
 -0.000992315221   0.021497242585  -0.010659044860
  0.012645863838  -0.016250279492  -0.004792385433
 -0.023029639730   0.003358453273  -0.028155843930
  0.002340650920  -0.030573497451   0.013423603903
 -0.012992380665  -0.006564542463  -0.026878499406
 -0.082955616732   0.104148407163  -0.131732467438
  0.033461797002   0.002987791129  -0.000753788777
 -0.015089169317   0.055125608751   0.027217938407
 -0.085394388374   0.030215947312   0.092149501258
  0.305775291318  -0.218547052290  -0.291300022531
 -0.175050859094  -0.085463437487  -0.084030803569
 -0.047316053545  -0.008625168024  -0.032526976887
 -0.051243733724   0.042556999432   0.020869048328
 -0.011620247790  -0.137065531631   0.041578745964
  0.129583279029  -0.135786597422  -0.094708559665
 -0.112116819993   0.154794103475   0.211743315144
 -0.034144683607  -0.120392938368   0.125430060353
  0.015646162789  -0.016378443132   0.024481555109
  0.004562122642  -0.059814298006  -0.008720215904
  0.028420690856   0.038145321208   0.017410992370
  0.002775269475   0.029685897600   0.007715144551
 -0.006933084414   0.005281582550  -0.007658605996
  0.006086518016  -0.006134239107  -0.000766034250
 -0.024889727932  -0.096477527709  -0.000443585909
 -0.033369698758  -0.005753473023   0.022768175108
  0.073850243559  -0.142665289507  -0.003581323909
 -0.013276117639  -0.138812168764  -0.056003204525
 -0.136317203996   2.298067616082  -1.065389774175
 -0.000704956757   0.011214011754  -0.000626500910
  0.150486553925   0.221625910094   0.038076394610
 -0.032456541447   0.103937542990  -0.050558216944
  0.031079309969  -0.043349618771  -0.000779329337
 -0.512607837068  -3.589855416550   0.521578219537
  0.155969877861   0.222307737244   0.078834830098
 -0.036184846506   0.103785230995   0.013291522251
  0.003199324507   0.046109672395  -0.010596880870
 -0.000605361678   0.039807032204  -0.006695172676
 -0.020810765714   0.037319780708   0.017499621344
 -0.020036206047  -0.015854715045  -0.016050764729
  0.026055655804   0.045975609966  -0.051021598705
  0.023266646913  -0.000428861769   0.027190746065
 -0.125793934981   0.046003426890   0.087772864630
  0.020076775108   0.000171732819   0.033068945831
  0.008741581755   0.037590132771  -0.014934593146
 -0.015551777041  -0.015961792615   0.028352637661
 -0.023636684078   0.046462708528  -0.014531995118
  0.014381310061   0.039910809908  -0.002673181536
   40    3  0.0000  0.0000  1.0000
 -0.029558056065  -0.035397215808   0.049609742857
  0.024455183468   0.001102229102   0.028908062390
 -0.003443077652  -0.000140005320   0.000741076628
  0.049010809472  -0.153189855387   0.235122275665
  1.036598870724   0.369583632186   1.148166745050
  0.060323326266  -0.067037329056   0.028730384002
  0.026516066468  -0.022941367111  -0.075906468951
 -0.019377567263   0.007032565832  -0.077293203828
 -0.000647884431  -0.001209967159   0.004483132566
 -0.004691148843  -0.003202193584   0.020831024213
  0.012958353253   0.009956089941  -0.016173104639
 -0.026216598187  -0.007061965022  -0.033396410472
 -0.005212489516  -0.100751404184   0.018918522365
 -0.010560330791  -0.011748272076   0.004699923815
 -0.116223696677   0.068985594350  -0.028467770192
 -0.058115056143  -0.012124822400   0.109097878758
 -0.294424302005   0.054657636060   0.412264247671
  0.103521313392   0.016979120251   0.072783655464
  0.081221708170   0.013680492733   0.004816658903
  0.010846772679  -0.023190380892   0.009662282049
  0.028016677606  -0.095434028043   0.058531795805
 -0.066853125255   0.041561044394   0.068585446758
 -0.234327020351   0.227483642709   0.463739982837
 -0.078390626765   0.111046605377   0.064889930275
 -0.012605846926   0.019425259548  -0.006995826859
 -0.027454851415  -0.002858800712  -0.019531056414
 -0.026936433021  -0.016800603581  -0.012568322086
 -0.011506464924   0.039799544346  -0.052042590207
 -0.002126957086  -0.001652731716   0.011207220754
  0.018745970582  -0.006446150247   0.012968162680
  0.001974914928   0.031377520468   0.087648908224
  0.023399529938  -0.007822434945   0.014626641252
 -0.034134355576  -0.059454575064   0.168626927787
  0.185032803292   0.006496572790   0.191936968272
  0.127764215373  -1.066772316106   1.368100715115
  0.000410697211   0.003282539826  -0.009529482606
 -0.114408483553   0.079442132015  -0.254592232517
  0.052576043250   0.012746759042  -0.084402307434
  0.049347040029  -0.001542729464  -0.034139265226
 -0.613224706705   0.517947907446  -4.064178475608
 -0.131947161135   0.037623373206  -0.250953902339
  0.053309016674  -0.050225063233  -0.084619933459
 -0.010205971781  -0.013643757151   0.020281666400
 -0.019428540591  -0.002591476050   0.038403127530
  0.020163037847  -0.015100276417   0.030624135627
  0.010392450597   0.028639837993  -0.024109476744
 -0.032243102001   0.087463375511   0.130551443527
  0.053296523364   0.032812652075   0.025377335996
 -0.073192891487  -0.051871016733   0.131513172185
  0.061748901251   0.026965273243   0.025053892244
 -0.021207566126   0.017015756744   0.031697429209
 -0.007279593516  -0.016466765300  -0.023506483564
  0.006014637751  -0.010197185474   0.020521960659
 -0.011700957797  -0.006232468956   0.038683837614
   41    1  1.0000  0.0000  0.0000
 -0.098679035051  -0.081347527806  -0.116427221704
  1.818756595239   0.577061857691   0.806716961679
 -0.024740059669  -0.025769571930   0.001915464095
 -0.020198329194  -0.031767218817   0.036537239669
  0.052693894149  -0.162579156803   0.032586188222
  0.000481975310  -0.005908013554  -0.011362899499
  0.024051551967   0.002243973270   0.009420683191
 -0.025909282730  -0.003208868951   0.032769766962
  0.044118436327   0.029837795783  -0.010340719698
 -0.079369524505   0.028895236167   0.013849907293
 -0.004177387754   0.029306797525  -0.017485075445
 -0.005499349167   0.007882527900  -0.001550563112
 -0.049728502245  -0.064264666300   0.007262778709
  0.016665978764   0.081026536104  -0.072876289580
 -0.013211407821  -0.005012490636  -0.000703721403
 -0.046307433570  -0.074817808659   0.031208061177
 -0.099290451082  -0.041597169388   0.039227544227
 -0.018187157774  -0.120940567493  -0.075999943257
  0.277237618026   0.022608413963   0.080916831296
 -0.375783255268   0.125180219290   0.228895081343
 -0.000339576580   0.099550804082  -0.077537809354
  0.017880343079  -0.001325761546  -0.010502420168
  0.030845147803   0.017020770287  -0.036275156379
  0.026326187039  -0.134572613811   0.075931088237
 -0.036373274423  -0.003686113720  -0.005691000817
 -0.007775454057   0.005404270752  -0.010676962796
 -0.047004068110  -0.015025448818   0.011628766958
 -0.011559634013  -0.004178298563   0.028325622043
 -0.007831409819  -0.042001454015   0.030475505040
 -0.001551339054   0.008874571629   0.009034920545
  0.006813344056   0.000171379479  -0.000583200593
  0.553577177092   0.136683184533  -0.126047519618
 -0.019584507079   0.005269739158   0.021005180534
  0.001580156073   0.052233262422  -0.043221303810
  0.180840298755  -0.065508308309   0.052309244713
  0.192063837037   0.009493123596  -0.199202485092
 -0.004711682932  -0.032796185057   0.051608935919
  0.043614349519   0.150922641948  -0.112903575877
 -0.003942977921  -0.036802792304   0.054085989199
  0.043162511664   0.155931731331  -0.132705483471
 -2.980306908231  -0.514268268577  -0.617942252258
  0.053070877415   0.030900077702   0.048228753981
  0.097416068071   0.020144677614   0.061661268191
  0.118008632872  -0.125252121295  -0.071261829332
  0.007577621230   0.014049624112  -0.012099560931
  0.038386936600  -0.023103882160   0.004820046909
  0.015431638473  -0.014815261510  -0.007441247676
  0.021912293275   0.008441048231  -0.021102646761
  0.007344579874  -0.001012318510  -0.019803268011
  0.038334469857   0.003250839027  -0.010382147417
  0.097965300452   0.023477550869   0.053209864816
  0.118364511238   0.026452030570  -0.032173665484
  0.015279345926  -0.020071344758   0.010632828182
  0.022260330864  -0.020681451742   0.020035446416
   41    2  0.0000  1.0000  0.0000
 -0.091392778131   0.191803494872   0.061655794007
  0.886666487976   0.936344094694   0.554825093170
 -0.011810705472  -0.051643617511  -0.034000716988
 -0.009154237012  -0.029685972955  -0.016721086728
 -0.190417720179   0.095015025661   0.013386296162
  0.024015144961  -0.003865997226   0.000267754234
 -0.013008151121  -0.006560097460  -0.026929521442
  0.002322948928  -0.030562776773   0.013442679948
 -0.001005937139   0.021492615879  -0.010676879941
 -0.001182050312  -0.035181493062  -0.013535884257
 -0.023033199434   0.003394569177  -0.028161290548
  0.012666392330  -0.016227989551  -0.004783702798
 -0.174899342579  -0.085416631570  -0.083950371088
  0.305758686567  -0.218563039823  -0.291249502074
  0.033478134040   0.002979469803  -0.000773615626
 -0.082968607324   0.104090017120  -0.131745717148
 -0.085474672440   0.030222981312   0.092261546012
 -0.015087458821   0.055051925796   0.027124809432
 -0.034224046545  -0.120576206542   0.125393417734
 -0.112153051009   0.154750181124   0.211804905362
 -0.051255936573   0.042512530833   0.020902129715
 -0.047334557279  -0.008610613613  -0.032539435144
  0.129663062936  -0.135837704015  -0.094843315909
 -0.011662365068  -0.136935815827   0.041524975411
  0.006111527150  -0.006087685324  -0.000827894499
 -0.006897152233   0.005300748204  -0.007692271626
  0.004586166798  -0.059776016896  -0.008718108851
  0.015676019100  -0.016395840837   0.024484212988
  0.002827553191   0.029703697068   0.007671763524
  0.028447373556   0.038163740492   0.017405516468
 -0.000716875241   0.011253751183  -0.000586474064
 -0.136197898195   2.297580646609  -1.064999999990
 -0.033411387440  -0.005663950130   0.022752198596
 -0.024858368692  -0.096522105505  -0.000470665713
 -0.013305685984  -0.138778835346  -0.055921487351
  0.073909067598  -0.142698637733  -0.003632555616
 -0.036203460596   0.103867885672   0.013255882509
  0.155956477851   0.222262998033   0.078803026899
 -0.032509442852   0.103998130483  -0.050498352781
  0.150605721954   0.221783619797   0.038134234720
 -0.512884180835  -3.590062200134   0.521706233288
  0.031112976871  -0.043444162005  -0.000769698295
  0.023299199902  -0.000435353641   0.027194169337
  0.026096097077   0.045993756375  -0.050983983168
 -0.000585799043   0.039835873023  -0.006713366404
  0.003217305505   0.046177835824  -0.010661432201
 -0.020004651353  -0.015854155264  -0.016033905559
 -0.020817487403   0.037367432708   0.017484260377
  0.014402674271   0.039966074722  -0.002662155897
 -0.023663984900   0.046519059547  -0.014536995312
  0.020001229519   0.000145185171   0.032989469921
 -0.125803547567   0.046070415840   0.087792162532
 -0.015601804375  -0.015919218328   0.028322824374
  0.008706295064   0.037658360047  -0.014964969696
   41    3  0.0000  0.0000  1.0000
  0.060319455672  -0.067042695879   0.028748193319
  1.036598934689   0.369611656692   1.148162817489
  0.024457114020   0.001107453140   0.028920591769
 -0.029556410485  -0.035397607866   0.049623133386
  0.049011405823  -0.153190285228   0.235134547092
 -0.003441106173  -0.000135039710   0.000757129586
 -0.026210023851  -0.007064754477  -0.033386610937
  0.012960202466   0.009958497160  -0.016157666113
 -0.019379360726   0.007030437696  -0.077277898018
  0.026516689698  -0.022937559011  -0.075893019678
 -0.004684243196  -0.003206250002   0.020843123417
 -0.000644527735  -0.001210819197   0.004498592405
  0.103524605780   0.016982810496   0.072796176517
 -0.294423093085   0.054669329422   0.412274549659
 -0.010559494777  -0.011742262868   0.004709870694
 -0.005210483863  -0.100755266220   0.018917646954
 -0.058113666573  -0.012129077955   0.109113889029
 -0.116216027378   0.068989962876  -0.028444798468
 -0.078400038812   0.111051553162   0.064906045052
 -0.234317564093   0.227494357129   0.463750200523
  0.010849083743  -0.023192786373   0.009685652837
  0.081228302845   0.013682973490   0.004824655790
 -0.066852623077   0.041554553284   0.068597567799
  0.028022624987  -0.095433093430   0.058547186389
  0.018747598131  -0.006446012860   0.012982448638
 -0.002124955399  -0.001649824203   0.011225687391
 -0.027451598462  -0.002866774401  -0.019518454026
 -0.012604491927   0.019424101949  -0.006994622628
 -0.011499095507   0.039808148382  -0.052021752129
 -0.026939970646  -0.016804522897  -0.012556101382
  0.000417875503   0.003284828093  -0.009512969034
  0.127738057238  -1.066818572448   1.368103936563
  0.023396416132  -0.007822001931   0.014645239855
  0.001969506208   0.031371442141   0.087664861088
  0.185026512016   0.006483351549   0.191947401929
 -0.034135270964  -0.059461022178   0.168640577947
  0.053311570095  -0.050226096539  -0.084611561665
 -0.131940936249   0.037620798932  -0.250942734050
  0.052584822044   0.012748111609  -0.084396892090
 -0.114406785668   0.079446359841  -0.254585166966
 -0.613312862108   0.517949806353  -4.064835818417
  0.049356123458  -0.001544839231  -0.034128038984
  0.053298025952   0.032808671177   0.025393523140
 -0.032239904228   0.087471305782   0.130561599352
 -0.019433447726  -0.002589631109   0.038412569124
 -0.010202256123  -0.013640517777   0.020294431753
  0.010397947649   0.028642983677  -0.024098567441
  0.020166487529  -0.015099806837   0.030640862808
 -0.011705044272  -0.006235501568   0.038683280606
  0.006018633427  -0.010201753619   0.020543021765
  0.061747393610   0.026972546681   0.025063735289
 -0.073192474515  -0.051872727144   0.131521325677
 -0.007273231588  -0.016463355887  -0.023489733221
 -0.021194399507   0.017014418133   0.031716332617
   42    1  1.0000  0.0000  0.0000
  1.818748657473   0.577051826975   0.806718820809
 -0.098673551782  -0.081350928670  -0.116421524065
 -0.020201794942  -0.031764227048   0.036539269827
 -0.024748472580  -0.025766577980   0.001906023591
  0.000482730646  -0.005904307934  -0.011371295387
  0.052689695403  -0.162554364761   0.032586864669
 -0.025911371931  -0.003210425199   0.032768238570
  0.024049782126   0.002247172921   0.009419706223
 -0.079370677876   0.028892480579   0.013851240264
  0.044121942986   0.029842631524  -0.010346567718
 -0.005499676829   0.007886566862  -0.001552277418
 -0.004175816912   0.029307898335  -0.017487377241
  0.016665607895   0.081008814007  -0.072886834048
 -0.049729185266  -0.064275754545   0.007255703028
 -0.046309254884  -0.074824713893   0.031200683329
 -0.013214508106  -0.005016537842  -0.000707902914
 -0.018188592604  -0.120952738495  -0.075987321821
 -0.099294315471  -0.041606932098   0.039223833197
 -0.375779404843   0.125185606675   0.228885516006
  0.277228378658   0.022576821373   0.080937148190
  0.017872734190  -0.001326168724  -0.010500827671
 -0.000334651365   0.099553453765  -0.077535085162
  0.026326507031  -0.134573140983   0.075927616792
  0.030840967269   0.017014944840  -0.036279124691
 -0.007776655924   0.005397888850  -0.010677190023
 -0.036370221591  -0.003687904779  -0.005694098811
 -0.011561565042  -0.004165278433   0.028322475985
 -0.047004064225  -0.015019824788   0.011634677184
 -0.001561715523   0.008884319968   0.009040316959
 -0.007833320810  -0.041997318610   0.030463491969
  0.553588229480   0.136742120381  -0.126024824730
  0.006813933877   0.000175563325  -0.000582201411
  0.001582938316   0.052235484613  -0.043225939174
 -0.019587560626   0.005276801398   0.021012832000
  0.192058386810   0.009491761309  -0.199200017554
  0.180838541565  -0.065505402647   0.052314671454
  0.043610250218   0.150923625328  -0.112908343392
 -0.004710955545  -0.032801889358   0.051602658801
  0.043163205603   0.155934277422  -0.132707843812
 -0.003940853023  -0.036807225453   0.054079134270
  0.053077595940   0.030886731554   0.048226030426
 -2.980257305482  -0.514301026985  -0.617863115197
  0.118007515109  -0.125251383584  -0.071262160437
  0.097416307942   0.020152853901   0.061653335535
  0.038387677702  -0.023101819372   0.004813683869
  0.007571538530   0.014049001130  -0.012111209350
  0.021917896839   0.008439753207  -0.021103177328
  0.015430603423  -0.014820355966  -0.007445950096
  0.038335843905   0.003257020063  -0.010384041267
  0.007344087789  -0.001008219011  -0.019814130360
  0.118363113253   0.026449307067  -0.032171073141
  0.097957060286   0.023475360761   0.053206653714
  0.022261195507  -0.020675656242   0.020030918332
  0.015282567411  -0.020069964733   0.010629909226
   42    2  0.0000  1.0000  0.0000
  0.886892427185   0.936363103439   0.554993028954
 -0.091516930677   0.191987730156   0.061718199703
 -0.009148845414  -0.029707502045  -0.016707319399
 -0.011859064100  -0.051698532057  -0.034025505773
  0.023981636903  -0.003934399729   0.000277175608
 -0.190413675245   0.094956724412   0.013454304654
  0.002343455343  -0.030550849932   0.013426426972
 -0.012993436236  -0.006550252651  -0.026878945244
 -0.001196001027  -0.035161371039  -0.013568990181
 -0.000992095617   0.021521108496  -0.010659193622
  0.012648893983  -0.016229699371  -0.004792161585
 -0.023023346028   0.003395132618  -0.028156177038
  0.305769493341  -0.218544479071  -0.291302194303
 -0.175051840726  -0.085443551842  -0.084028060809
 -0.082951225208   0.104201766350  -0.131711468966
  0.033470085551   0.003009065810  -0.000750492461
 -0.015090289594   0.055156104364   0.027212105172
 -0.085388194997   0.030240359999   0.092155302885
 -0.112118875046   0.154806836115   0.211741540551
 -0.034119082089  -0.120368207614   0.125427196498
 -0.047313632687  -0.008599760487  -0.032525378656
 -0.051241931255   0.042573141327   0.020863043983
 -0.011621856022  -0.137045384900   0.041582453773
  0.129589523227  -0.135763202099  -0.094705581088
 -0.006927699280   0.005300646883  -0.007661715401
  0.006092049003  -0.006119163270  -0.000771833698
  0.015647385301  -0.016364332867   0.024476092573
  0.004566512267  -0.059791121233  -0.008729224394
  0.028423568261   0.038168453753   0.017409221457
  0.002780430889   0.029694752450   0.007721265572
 -0.136320007787   2.298102255421  -1.065466774169
 -0.000697509017   0.011237204360  -0.000624768353
 -0.024889641962  -0.096456305583  -0.000445900401
 -0.033369210428  -0.005735973147   0.022769772752
  0.073853832922  -0.142643203193  -0.003584358594
 -0.013265258928  -0.138779708769  -0.055996115856
  0.155971911939   0.222332443244   0.078839498856
 -0.036180479706   0.103800970160   0.013292591078
  0.150488014382   0.221634380313   0.038078041068
 -0.032455952506   0.103960158584  -0.050553220731
  0.031077840072  -0.043338905205  -0.000769479806
 -0.512782558076  -3.590963625222   0.521583113868
  0.026056481339   0.045991482041  -0.051014955680
  0.023275283377  -0.000399846186   0.027187955834
  0.003201691273   0.046127646513  -0.010595552823
 -0.000600374422   0.039821929316  -0.006692115640
 -0.020808155453   0.037335695488   0.017499898737
 -0.020034083558  -0.015830204360  -0.016054883470
 -0.023629259632   0.046481618935  -0.014531639914
  0.014382159375   0.039928777260  -0.002665355133
 -0.125792683690   0.046024756745   0.087767844212
  0.020084974997   0.000192779127   0.033071427636
  0.008740855896   0.037619699605  -0.014933015549
 -0.015545310415  -0.015947141411   0.028354876340
   42    3  0.0000  0.0000  1.0000
  1.036596288305   0.369589676494   1.148159923847
  0.060324177163  -0.067049321583   0.028746969670
 -0.029551085000  -0.035398378064   0.049625690348
  0.024460741132   0.001103611279   0.028918481115
 -0.003436950138  -0.000145493772   0.000753853229
  0.049018294110  -0.153196279043   0.235125619960
  0.012960780658   0.009942627539  -0.016163602109
 -0.026216501324  -0.007063536153  -0.033386301830
  0.026520152178  -0.022941754650  -0.075888035655
 -0.019379896835   0.007022516057  -0.077279457047
 -0.000643163376  -0.001218359979   0.004492836479
 -0.004676976414  -0.003208688408   0.020843564139
 -0.294430585299   0.054663936734   0.412278082629
  0.103519961087   0.016969946639   0.072792224202
 -0.005215006093  -0.100775865317   0.018908031198
 -0.010557140877  -0.011749647730   0.004710182140
 -0.116206816358   0.068986122291  -0.028474294786
 -0.058105655004  -0.012132506787   0.109106377853
 -0.234312180287   0.227487229383   0.463747838415
 -0.078396123820   0.111040281992   0.064891845546
  0.081224134500   0.013676175538   0.004827314610
  0.010850372707  -0.023192567128   0.009678940161
  0.028023704431  -0.095436999718   0.058548305082
 -0.066849838741   0.041557325537   0.068596093561
 -0.002131778094  -0.001652569861   0.011215044274
  0.018756475382  -0.006450653889   0.012984126888
 -0.012605443401   0.019422576416  -0.006985610840
 -0.027443449585  -0.002859609144  -0.019509098344
 -0.026928918905  -0.016806696754  -0.012550919999
 -0.011502479885   0.039799367278  -0.052040500036
  0.127767626336  -1.066773617787   1.368158596014
  0.000416616259   0.003272735454  -0.009515760590
  0.001977766741   0.031363845097   0.087667691395
  0.023409367356  -0.007816540946   0.014640447058
 -0.034129046851  -0.059463071674   0.168635273419
  0.185044330070   0.006486849464   0.191955095280
 -0.131948452747   0.037624616295  -0.250946389630
  0.053311732275  -0.050223673023  -0.084617427332
 -0.114407793161   0.079445940247  -0.254583239608
  0.052577874738   0.012750422253  -0.084398185794
  0.049343416422  -0.001521812910  -0.034137457862
 -0.613443997460   0.518091573641  -4.064780326539
 -0.032239126515   0.087465245097   0.130563623354
  0.053302089001   0.032810415141   0.025385210374
 -0.010203281439  -0.013647285340   0.020299766655
 -0.019426593059  -0.002588485700   0.038415687883
  0.020160812204  -0.015094271683   0.030641551104
  0.010399207995   0.028642748679  -0.024097179219
  0.006023492811  -0.010202575087   0.020539044468
 -0.011698741216  -0.006235808564   0.038692710833
 -0.073180034509  -0.051879355883   0.131524287243
  0.061752590142   0.026966430692   0.025063219991
 -0.021202813404   0.017015140740   0.031713879820
 -0.007272134204  -0.016471929402  -0.023493643018
   43    1  1.0000  0.0000  0.0000
 -0.099291125295  -0.041605422192   0.039223447010
 -0.018180286516  -0.120941003582  -0.075996542902
 -0.049733167139  -0.064266211132   0.007256209474
  0.016678701513   0.081026800575  -0.072877139801
 -0.013208885748  -0.005013872447  -0.000699402456
 -0.046302681248  -0.074836867954   0.031200848519
  0.052703766616  -0.162568533405   0.032587022045
  0.000486144281  -0.005902511428  -0.011364266330
 -0.098673451019  -0.081341799899  -0.116426807843
  1.818742213020   0.577036093167   0.806712647015
 -0.024740851326  -0.025761956270   0.001908527833
 -0.020198007358  -0.031761196266   0.036537496037
 -0.004173394139   0.029299385883  -0.017488523158
 -0.005496251862   0.007890230325  -0.001556730855
  0.024050057478   0.002250916835   0.009415480943
 -0.025907393500  -0.003215166864   0.032768459612
  0.044124943775   0.029847451896  -0.010341456438
 -0.079363643728   0.028894482709   0.013847568811
  0.180834015251  -0.065513530401   0.052314244825
  0.192068545875   0.009496268656  -0.199194771221
  0.006815013894   0.000177878426  -0.000584628519
  0.553605418737   0.136708713199  -0.125993728270
 -0.019571440923   0.005271272879   0.021008321021
  0.001585002920   0.052233810091  -0.043224440912
  0.030839093504   0.017015635547  -0.036275008088
  0.026333042096  -0.134572551060   0.075925186318
  0.277225367104   0.022581675858   0.080927707494
 -0.375766004951   0.125187932067   0.228891133753
 -0.000335517443   0.099557589747  -0.077532843113
  0.017875208123  -0.001326110589  -0.010499588059
 -0.007819841494  -0.041991526676   0.030463904841
 -0.001553988478   0.008872479417   0.009043595828
 -0.036369874985  -0.003686422757  -0.005691351669
 -0.007772365852   0.005404066092  -0.010682931036
 -0.046998807374  -0.015020151546   0.011643850365
 -0.011561581168  -0.004170799429   0.028331568447
  0.015277630031  -0.020069350808   0.010627900449
  0.022266061783  -0.020677374041   0.020030403947
  0.007352699703  -0.001004719541  -0.019813053424
  0.038341532686   0.003256849359  -0.010386043644
  0.097960105769   0.023480636748   0.053211798900
  0.118370287465   0.026452805023  -0.032170963608
 -2.980474545704  -0.514357443706  -0.617954035889
  0.053074909132   0.030906875350   0.048223517648
 -0.004713281169  -0.032793803688   0.051604803976
  0.043619940289   0.150923434376  -0.112909338303
 -0.003937259173  -0.036801286990   0.054090216186
  0.043166391708   0.155932861122  -0.132704053520
  0.015432152758  -0.014815709985  -0.007444299279
  0.021917819281   0.008451576414  -0.021104692015
  0.097421942426   0.020146672856   0.061660544127
  0.118010343882  -0.125247222869  -0.071257595622
  0.007575457876   0.014055534416  -0.012101547081
  0.038389838615  -0.023097383509   0.004819377627
   43    2  0.0000  1.0000  0.0000
 -0.085389409864   0.030242204609   0.092146025796
 -0.015086672117   0.055163981320   0.027203736440
 -0.175050377005  -0.085438891211  -0.084027914944
  0.305778867506  -0.218530874925  -0.291291999505
  0.033471005744   0.003015956853  -0.000754689024
 -0.082951436351   0.104204544021  -0.131724430914
 -0.190402024514   0.094973021521   0.013456195744
  0.023982268623  -0.003928876076   0.000275642879
 -0.091511003968   0.192002673146   0.061713249084
  0.886898852393   0.936377506851   0.554991397547
 -0.011851197831  -0.051686482712  -0.034027752944
 -0.009147229936  -0.029696950458  -0.016707995251
 -0.023021117300   0.003397638529  -0.028156314049
  0.012650427734  -0.016218966324  -0.004796114703
 -0.012982443582  -0.006536423467  -0.026873400250
  0.002349670959  -0.030537783251   0.013421912043
 -0.000986799670   0.021528637273  -0.010657741391
 -0.001194636604  -0.035154350261  -0.013566475838
 -0.013256915424  -0.138770982546  -0.056013023085
  0.073865175168  -0.142628985667  -0.003590966319
 -0.000703213987   0.011240259228  -0.000621643595
 -0.136300766127   2.298130504519  -1.065417543216
 -0.033362033731  -0.005729766631   0.022769154588
 -0.024881316613  -0.096447571462  -0.000446224083
  0.129591098615  -0.135754818040  -0.094707640917
 -0.011621619791  -0.137035722733   0.041580114483
 -0.034117398570  -0.120356447825   0.125414172356
 -0.112125508268   0.154813970321   0.211745889071
 -0.051237701201   0.042579724523   0.020855998186
 -0.047310966577  -0.008590270820  -0.032523945714
  0.002780949577   0.029696459754   0.007707404164
  0.028417243508   0.038186323720   0.017410138656
  0.006097780399  -0.006105234229  -0.000770904586
 -0.006926504799   0.005309103706  -0.007668871592
  0.004568030028  -0.059780793226  -0.008725973641
  0.015655522036  -0.016358944805   0.024485820985
 -0.015546223096  -0.015932743071   0.028350971723
  0.008735998287   0.037629330128  -0.014938909630
  0.014379567629   0.039934996933  -0.002668713032
 -0.023625596300   0.046490934415  -0.014529508989
  0.020088207700   0.000200938982   0.033073196740
 -0.125793552192   0.046034638850   0.087769650225
 -0.512921537410  -3.591496955699   0.521650426672
  0.031074543175  -0.043308118553  -0.000772255127
 -0.036176014212   0.103816196617   0.013293388399
  0.155973426755   0.222345504610   0.078834973331
 -0.032456269754   0.103970178282  -0.050548994981
  0.150487586863   0.221649880017   0.038073556613
 -0.020030121289  -0.015819313450  -0.016056907504
 -0.020810110417   0.037342493628   0.017494095364
  0.023271850150  -0.000396360274   0.027186483462
  0.026058647992   0.045993271456  -0.051017793616
 -0.000603729740   0.039833131224  -0.006701336437
  0.003204727397   0.046138622682  -0.010597609672
   43    3  0.0000  0.0000  1.0000
 -0.058104344996  -0.012134914537   0.109132169677
 -0.116203247910   0.068987329670  -0.028446996892
  0.103526092035   0.016970174156   0.072820447294
 -0.294431774431   0.054670595824   0.412305694566
 -0.010555710358  -0.011750455444   0.004735615993
 -0.005205461984  -0.100784269622   0.018920283119
  0.049016964759  -0.153206987272   0.235154372421
 -0.003437708819  -0.000143123185   0.000784555820
  0.060317304675  -0.067053540768   0.028769772510
  1.036598123792   0.369606879704   1.148174250820
  0.024456915772   0.001107876445   0.028942018338
 -0.029548133542  -0.035401012396   0.049646049465
 -0.004678910156  -0.003207511851   0.020867524067
 -0.000646625176  -0.001216938754   0.004515330241
 -0.026209450226  -0.007059624330  -0.033364026013
  0.012959488605   0.009945238103  -0.016134337792
 -0.019370947141   0.007028617834  -0.077254791111
  0.026521107207  -0.022939041143  -0.075870060212
  0.185029581616   0.006480030520   0.191981130817
 -0.034133642556  -0.059470234492   0.168667720054
  0.000421468401   0.003280631783  -0.009483289369
  0.127745085452  -1.066808262939   1.368201317325
  0.023408196836  -0.007822216204   0.014668251480
  0.001976571066   0.031366242383   0.087698418893
 -0.066851280553   0.041558960689   0.068628374706
  0.028026046227  -0.095442067809   0.058579011456
 -0.078401392762   0.111054753748   0.064917471975
 -0.234309660482   0.227480746977   0.463784140727
  0.010855053113  -0.023190638053   0.009706818248
  0.081231229704   0.013677366754   0.004849117103
 -0.011501437557   0.039800368820  -0.052008407511
 -0.026930507314  -0.016811054311  -0.012524628490
  0.018751309622  -0.006444021603   0.013013745585
 -0.002123616251  -0.001648116344   0.011248479227
 -0.027444601676  -0.002864669314  -0.019478864541
 -0.012600062712   0.019417780973  -0.006961599372
 -0.007270300511  -0.016472134792  -0.023465517466
 -0.021200763227   0.017012750398   0.031738846403
 -0.011697533075  -0.006230618588   0.038718707036
  0.006026147257  -0.010197781481   0.020565396891
  0.061755531449   0.026974755976   0.025091886295
 -0.073185627372  -0.051882550146   0.131549936479
 -0.613493775803   0.518110065405  -4.066185594962
  0.049356202602  -0.001524284367  -0.034116067524
  0.053315320556  -0.050234622422  -0.084590905370
 -0.131942319484   0.037625906162  -0.250927958786
  0.052585995110   0.012745999994  -0.084373165477
 -0.114408567115   0.079444134139  -0.254551977402
  0.010396439413   0.028637805044  -0.024072085748
  0.020168647514  -0.015095749313   0.030665608853
  0.053305031680   0.032809780405   0.025414341964
 -0.032238810813   0.087471114555   0.130590451848
 -0.019419442545  -0.002583522094   0.038444129336
 -0.010204197918  -0.013645942885   0.020318887007
   44    1  1.0000  0.0000  0.0000
 -0.018187972188  -0.120935652594  -0.075987152668
 -0.099284406072  -0.041596026442   0.039231732464
  0.016669128157   0.081028410923  -0.072875992482
 -0.049728432893  -0.064266750853   0.007263031573
 -0.046297692351  -0.074815431089   0.031207499134
 -0.013206055128  -0.005016420523  -0.000704033892
  0.000488089210  -0.005904433372  -0.011364611134
  0.052697908876  -0.162561882480   0.032590495414
  1.818761177499   0.577032446061   0.806735041760
 -0.098671439245  -0.081336093748  -0.116428759329
 -0.020197228338  -0.031767754169   0.036535364666
 -0.024744546186  -0.025768177962   0.001908393777
 -0.005496411422   0.007886558541  -0.001558378050
 -0.004172195045   0.029316271786  -0.017478474488
 -0.025905314139  -0.003203700964   0.032770106530
  0.024053106997   0.002248866661   0.009420659538
 -0.079366742106   0.028898715726   0.013846325924
  0.044123643137   0.029844654596  -0.010344775467
  0.192072702615   0.009501020817  -0.199202625820
  0.180840375042  -0.065503158575   0.052316341035
  0.553594865805   0.136717350135  -0.126046213393
  0.006818295009   0.000177650357  -0.000585587909
  0.001583645293   0.052234264607  -0.043222976895
 -0.019579384692   0.005277406873   0.021010420931
  0.026324213208  -0.134574128312   0.075934542510
  0.030847259298   0.017024690339  -0.036280107873
 -0.375773968412   0.125187100469   0.228890307850
  0.277233238922   0.022586344794   0.080933931140
  0.017877200850  -0.001320686751  -0.010500425794
 -0.000336993471   0.099550789246  -0.077536898999
 -0.001550939741   0.008881196367   0.009034543604
 -0.007835565071  -0.041996227082   0.030476456898
 -0.007776954380   0.005395242835  -0.010679849279
 -0.036369558299  -0.003682306796  -0.005696096527
 -0.011556216162  -0.004168498662   0.028322786859
 -0.046997781056  -0.015016332898   0.011629728454
  0.022264878235  -0.020683380794   0.020035525880
  0.015280714561  -0.020066481618   0.010632698352
  0.038333679510   0.003256923919  -0.010378889632
  0.007346943392  -0.001010406308  -0.019806284774
  0.118359481619   0.026461013318  -0.032171291324
  0.097966411048   0.023474635254   0.053214106918
  0.053076990551   0.030894743000   0.048223129219
 -2.980477179301  -0.514447970975  -0.617967859965
  0.043620008028   0.150925708054  -0.112898469253
 -0.004710845413  -0.032794042273   0.051607795231
  0.043161878436   0.155934493657  -0.132711112805
 -0.003932894608  -0.036797188764   0.054091470136
  0.021920470297   0.008447231494  -0.021104585903
  0.015437992964  -0.014813792257  -0.007439289397
  0.118012395869  -0.125248296858  -0.071260268179
  0.097419976122   0.020153356024   0.061655759341
  0.038392809916  -0.023099589327   0.004814899562
  0.007577235254   0.014057726595  -0.012102083471
   44    2  0.0000  1.0000  0.0000
 -0.015075777622   0.055175958536   0.027199051580
 -0.085387736881   0.030246253355   0.092146614279
  0.305780332958  -0.218528734700  -0.291288572380
 -0.175050001998  -0.085437997798  -0.084030175084
 -0.082943467180   0.104205331252  -0.131721333293
  0.033470179344   0.003016620623  -0.000754508331
  0.023986240039  -0.003924954002   0.000280267233
 -0.190406532157   0.094967759012   0.013451333296
  0.886882793191   0.936383012963   0.554983137360
 -0.091516051053   0.191995004719   0.061714579485
 -0.009152181644  -0.029698216847  -0.016707765176
 -0.011856992419  -0.051684013722  -0.034021970241
  0.012650286415  -0.016219122721  -0.004791220387
 -0.023020051404   0.003392219936  -0.028161523036
  0.002349670280  -0.030545320113   0.013424896995
 -0.012984843111  -0.006534301827  -0.026873024686
 -0.001189213606  -0.035152330869  -0.013567090764
 -0.000986782363   0.021524773455  -0.010657244680
  0.073857021936  -0.142634467148  -0.003588107893
 -0.013265399704  -0.138775940128  -0.056001843358
 -0.136313359938   2.298131409529  -1.065447803360
 -0.000693894821   0.011244183986  -0.000628246379
 -0.024884639333  -0.096444500200  -0.000445532248
 -0.033361374477  -0.005727597205   0.022767284993
 -0.011612870138  -0.137039637657   0.041579971918
  0.129591024603  -0.135753834940  -0.094704869513
 -0.112116439409   0.154813264291   0.211747233042
 -0.034124181103  -0.120352760824   0.125415441281
 -0.047307750697  -0.008593808732  -0.032519929506
 -0.051232806705   0.042584511837   0.020861173827
  0.028422546880   0.038183676577   0.017412000748
  0.002788549531   0.029710926329   0.007713589568
 -0.006930264389   0.005312283143  -0.007667936703
  0.006090807123  -0.006107057365  -0.000770654030
  0.015654723864  -0.016350859727   0.024476317803
  0.004564689839  -0.059784484088  -0.008725466490
  0.008743908281   0.037631636001  -0.014941079165
 -0.015546639126  -0.015936320700   0.028351132728
 -0.023628231028   0.046493502995  -0.014531446287
  0.014384323484   0.039938401653  -0.002667001561
 -0.125788569841   0.046033097737   0.087776561518
  0.020086328567   0.000201505342   0.033066957351
  0.031079195381  -0.043319019939  -0.000777304798
 -0.512939743654  -3.591544783334   0.521655006640
  0.155972228607   0.222340281168   0.078837213243
 -0.036180563641   0.103821663655   0.013288701710
  0.150491734820   0.221650872969   0.038073178933
 -0.032456870942   0.103969003863  -0.050556743079
 -0.020806765311   0.037345312498   0.017502489860
 -0.020024504359  -0.015813962270  -0.016054257618
  0.026057814232   0.046007363717  -0.051014460631
  0.023278469853  -0.000397103416   0.027186650966
  0.003200792220   0.046140191613  -0.010599145820
 -0.000599161395   0.039841107522  -0.006694529860
   44    3  0.0000  0.0000  1.0000
 -0.116212228515   0.068969257048  -0.028442485776
 -0.058109934850  -0.012131652670   0.109133132417
 -0.294425802397   0.054660074664   0.412298725087
  0.103526331069   0.016971272740   0.072819186718
 -0.005213699442  -0.100770736246   0.018932541004
 -0.010560302797  -0.011754250801   0.004733572800
 -0.003437003371  -0.000139062738   0.000777097409
  0.049015959312  -0.153184305590   0.235157379616
  1.036596255151   0.369580820675   1.148197182529
  0.060327604445  -0.067045656248   0.028771047249
 -0.029552445060  -0.035398876084   0.049646204938
  0.024464681957   0.001108291436   0.028948229673
 -0.000643936580  -0.001214512110   0.004515153287
 -0.004675207156  -0.003210468442   0.020871381419
  0.012959261823   0.009947394189  -0.016136314605
 -0.026212726662  -0.007060898739  -0.033360944038
  0.026519226733  -0.022941653698  -0.075866384532
 -0.019378389600   0.007025086314  -0.077258359493
 -0.034131988873  -0.059454330336   0.168670251449
  0.185040802050   0.006493683949   0.191973903877
  0.127751182228  -1.066785477180   1.368172645756
  0.000415848527   0.003282211404  -0.009493555713
  0.001976867551   0.031375762298   0.087688176841
  0.023404840803  -0.007818399911   0.014665193756
  0.028024426463  -0.095438314250   0.058574503979
 -0.066850042821   0.041553617333   0.068625050051
 -0.234314666720   0.227495036930   0.463776594589
 -0.078392930322   0.111039073201   0.064927896598
  0.081228113445   0.013680018060   0.004851366201
  0.010846923797  -0.023187142626   0.009704755034
 -0.026932495375  -0.016797175515  -0.012527324822
 -0.011501778067   0.039802507950  -0.052015376571
 -0.002129210261  -0.001657267849   0.011246671984
  0.018751290398  -0.006450553911   0.013005090338
 -0.012600675770   0.019424886429  -0.006961734412
 -0.027446875500  -0.002860654341  -0.019483004222
 -0.021199712764   0.017014621736   0.031736144501
 -0.007273052448  -0.016470403312  -0.023466054010
  0.006026339154  -0.010201036958   0.020562091414
 -0.011696461298  -0.006229731809   0.038712024200
 -0.073183192760  -0.051873852050   0.131550847341
  0.061756437506   0.026964594481   0.025085381764
  0.049359212143  -0.001537297003  -0.034104449316
 -0.613468935697   0.518056125590  -4.066122539155
 -0.131945366019   0.037626826814  -0.250922054156
  0.053319421271  -0.050232275572  -0.084590047847
 -0.114406727288   0.079443343750  -0.254556923711
  0.052587471738   0.012747224636  -0.084367764572
  0.020165428764  -0.015096411664   0.030660384050
  0.010398965248   0.028641219169  -0.024066704705
 -0.032239600984   0.087464573098   0.130589405845
  0.053303253091   0.032809868563   0.025412551081
 -0.010203393402  -0.013648836527   0.020313941994
 -0.019427361865  -0.002586158273   0.038436314871
   45    1  1.0000  0.0000  0.0000
 -0.013200625536  -0.005016727238  -0.000704317514
 -0.046294665957  -0.074843046419   0.031192904802
 -0.099278524142  -0.041600400050   0.039224704884
 -0.018175255437  -0.120943415824  -0.075992057764
 -0.049714562049  -0.064258886633   0.007260703412
  0.016677654489   0.081037791486  -0.072874847512
 -0.024727104948  -0.025771228798   0.001907631786
 -0.020184350145  -0.031771820041   0.036536828157
  0.052712949910  -0.162578057321   0.032584515531
  0.000498158255  -0.005906902237  -0.011361207718
 -0.098661609164  -0.081341373067  -0.116429719831
  1.818779699943   0.577040634814   0.806738345732
  0.044135272856   0.029838776884  -0.010344169017
 -0.079350196942   0.028898450987   0.013849918623
 -0.004160682564   0.029307339520  -0.017482918466
 -0.005481968936   0.007881295254  -0.001559112832
  0.024069440087   0.002244762560   0.009419642348
 -0.025892610956  -0.003207653458   0.032774869231
 -0.019567958123   0.005269052287   0.021006972142
  0.001595816139   0.052234585030  -0.043224340816
  0.180856332996  -0.065506621043   0.052316053738
  0.192084039076   0.009502777651  -0.199207841224
  0.006829774828   0.000171438759  -0.000581607549
  0.553595612828   0.136658793396  -0.126014321049
 -0.000326962890   0.099544453810  -0.077531051525
  0.017893248748  -0.001331439506  -0.010501223524
  0.030856912590   0.017020342168  -0.036275390051
  0.026337493625  -0.134580351855   0.075935814386
  0.277258107227   0.022588098374   0.080926155321
 -0.375765459029   0.125178910503   0.228889029809
 -0.046988604138  -0.015026909295   0.011632242324
 -0.011547459571  -0.004179107512   0.028332625727
 -0.007817034951  -0.041991145373   0.030472513378
 -0.001538016706   0.008876675775   0.009035304171
 -0.036354046973  -0.003686324007  -0.005688041160
 -0.007758132428   0.005400079797  -0.010676307246
  0.097981936401   0.023472801245   0.053211128376
  0.118376000560   0.026459943908  -0.032172802754
  0.015292223066  -0.020075114426   0.010629842695
  0.022273621013  -0.020677632333   0.020033144251
  0.007362394839  -0.001006688044  -0.019808185476
  0.038344740781   0.003252099159  -0.010382318247
 -0.003924088151  -0.036804301849   0.054090253818
  0.043173541687   0.155933269657  -0.132714016145
 -2.981126436709  -0.514210582375  -0.617962724214
  0.053091631622   0.030904182890   0.048227458923
 -0.004700437134  -0.032791517028   0.051603075048
  0.043625719321   0.150919700769  -0.112907363737
  0.007597095047   0.014053243614  -0.012095890004
  0.038402755469  -0.023100211632   0.004814951186
  0.015445539197  -0.014819128979  -0.007446277896
  0.021925429832   0.008441602802  -0.021105132903
  0.097436971154   0.020144188041   0.061658046499
  0.118026679995  -0.125248704795  -0.071261490122
   45    2  0.0000  1.0000  0.0000
  0.033471684666   0.003021861821  -0.000752401995
 -0.082951074216   0.104201925585  -0.131727728806
 -0.085391426622   0.030250679150   0.092148705996
 -0.015085350895   0.055172723284   0.027193928315
 -0.175055986789  -0.085434592249  -0.084031420324
  0.305773604739  -0.218525374606  -0.291295416755
 -0.011857628568  -0.051679390389  -0.034024735133
 -0.009150492837  -0.029691538535  -0.016709830280
 -0.190404703107   0.094973203409   0.013449349521
  0.023982483894  -0.003928895528   0.000281864306
 -0.091516545095   0.191995475580   0.061713665250
  0.886878918782   0.936376783800   0.554994113799
 -0.000987074051   0.021528003046  -0.010654852608
 -0.001190161580  -0.035146023612  -0.013564526961
 -0.023018406219   0.003391638763  -0.028158799092
  0.012645188900  -0.016214398054  -0.004792641282
 -0.012987043355  -0.006526327459  -0.026879661116
  0.002345046154  -0.030541162797   0.013423172016
 -0.033366008847  -0.005722417352   0.022766915971
 -0.024891517383  -0.096448580194  -0.000445523661
 -0.013268109990  -0.138774328226  -0.056004586055
  0.073859437049  -0.142633496215  -0.003585860957
 -0.000703116780   0.011247783595  -0.000625854862
 -0.136318806102   2.298128991201  -1.065417618769
 -0.051236584383   0.042591344692   0.020861593493
 -0.047315306321  -0.008594125340  -0.032516871113
  0.129586099311  -0.135752924290  -0.094706102909
 -0.011618692189  -0.137033819638   0.041579538167
 -0.034123964588  -0.120373775059   0.125427840856
 -0.112116788647   0.154812973770   0.211746027413
  0.004570029227  -0.059778438850  -0.008723805944
  0.015648885267  -0.016354116001   0.024479053761
  0.002781948063   0.029703020670   0.007709006121
  0.028419418724   0.038184239326   0.017410057890
  0.006092044832  -0.006104160463  -0.000773779658
 -0.006932445262   0.005309847291  -0.007663224698
  0.020082712335   0.000203757895   0.033067427495
 -0.125796403767   0.046037085441   0.087772868409
 -0.015543635770  -0.015934524664   0.028346706250
  0.008743553461   0.037632005409  -0.014935860539
  0.014381347792   0.039943976787  -0.002667634168
 -0.023628519065   0.046489316949  -0.014534663409
 -0.032459943511   0.103971578145  -0.050554574009
  0.150484260600   0.221654473433   0.038077704511
 -0.512782664482  -3.591595418183   0.521626396152
  0.031074767191  -0.043313563471  -0.000779822984
 -0.036186204572   0.103817639425   0.013289849189
  0.155968105480   0.222343205050   0.078837451471
 -0.000598776798   0.039840755340  -0.006688206997
  0.003201778037   0.046141593936  -0.010596965990
 -0.020028898182  -0.015817623626  -0.016061826166
 -0.020814843373   0.037344447781   0.017498751922
  0.023273165135  -0.000395653858   0.027189059708
  0.026062643704   0.046004338085  -0.051016250740
   45    3  0.0000  0.0000  1.0000
 -0.010565496174  -0.011745843594   0.004729655774
 -0.005212903709  -0.100757437144   0.018938668087
 -0.058111791190  -0.012130013701   0.109131156778
 -0.116216718131   0.068979592731  -0.028434045221
  0.103518777569   0.016976808942   0.072823207725
 -0.294421720855   0.054658003943   0.412294988840
  0.024456019175   0.001105204613   0.028940074318
 -0.029557055681  -0.035398503063   0.049649368580
  0.049007006172  -0.153186012430   0.235156175691
 -0.003441655368  -0.000134285753   0.000776562629
  0.060321371010  -0.067050268406   0.028772059118
  1.036600399243   0.369596999790   1.148194112969
 -0.019377985435   0.007030614744  -0.077257562078
  0.026515586465  -0.022939418274  -0.075866135041
 -0.004681747627  -0.003204706167   0.020863309442
 -0.000650346437  -0.001213309089   0.004518835960
 -0.026214799361  -0.007065175111  -0.033363686977
  0.012957114229   0.009950635136  -0.016137702346
  0.023400240714  -0.007816829863   0.014664912193
  0.001974576970   0.031374963069   0.087687178301
  0.185035991884   0.006488293562   0.191976754473
 -0.034140058091  -0.059456217792   0.168665733055
  0.000418310532   0.003283609107  -0.009497146358
  0.127758775505  -1.066790104529   1.368156971312
  0.010851772154  -0.023182653669   0.009702175031
  0.081230385241   0.013679104768   0.004847631986
 -0.066855906448   0.041557704334   0.068622519150
  0.028011790638  -0.095431435718   0.058570196546
 -0.078393284147   0.111058348842   0.064929490513
 -0.234324267829   0.227492660585   0.463773646705
 -0.027457073138  -0.002860244490  -0.019483205146
 -0.012607080810   0.019426028269  -0.006964597336
 -0.011502801753   0.039808579601  -0.052011564772
 -0.026935230939  -0.016797252669  -0.012531138241
  0.018745960200  -0.006447210531   0.013004519108
 -0.002132486704  -0.001654806224   0.011247413086
  0.061747393931   0.026974985380   0.025082923260
 -0.073186757626  -0.051878527213   0.131546110167
 -0.007274156379  -0.016466477806  -0.023471138040
 -0.021205385293   0.017014270352   0.031737541173
 -0.011698066366  -0.006230429845   0.038713443332
  0.006015253913  -0.010197609668   0.020558062486
  0.052584905198   0.012746946619  -0.084376212769
 -0.114408469217   0.079445097227  -0.254555918706
 -0.613281818780   0.517944952429  -4.066030955217
  0.049355464540  -0.001546984838  -0.034102118547
  0.053305500146  -0.050230024650  -0.084589332420
 -0.131944688789   0.037623280181  -0.250923543680
 -0.019431634990  -0.002588968915   0.038433866979
 -0.010206643091  -0.013637456627   0.020310085669
  0.010397175484   0.028639279413  -0.024075921570
  0.020166885048  -0.015100856802   0.030663612658
  0.053304380055   0.032811993140   0.025406787193
 -0.032243005657   0.087471107806   0.130582174179
   46    1  1.0000  0.0000  0.0000
 -0.046300253667  -0.074821605853   0.031204293637
 -0.013197338834  -0.005024052270  -0.000710224892
 -0.018165992005  -0.120937880595  -0.076002648846
 -0.099272330020  -0.041604422463   0.039220865146
  0.016680151140   0.081008744609  -0.072876844236
 -0.049712407484  -0.064278747421   0.007257152337
 -0.020181903753  -0.031768116696   0.036539816341
 -0.024724455448  -0.025763829587   0.001907969542
  0.000498789320  -0.005916299903  -0.011368557305
  0.052713430249  -0.162561968832   0.032584483614
  1.818766968985   0.577027596530   0.806715813134
 -0.098658232395  -0.081335675258  -0.116428440592
 -0.079359710205   0.028886098475   0.013849467238
  0.044138492636   0.029838687821  -0.010347607191
 -0.005482811782   0.007882046580  -0.001556865190
 -0.004159486846   0.029304285958  -0.017485195465
 -0.025895259465  -0.003213913929   0.032768044431
  0.024063292657   0.002248063571   0.009417968335
  0.001600484308   0.052231077799  -0.043224530334
 -0.019560061726   0.005275660037   0.021009911055
  0.192081707637   0.009493734933  -0.199200843805
  0.180858442523  -0.065509322749   0.052310474164
  0.553617198779   0.136713704155  -0.126034623852
  0.006829032947   0.000173030252  -0.000585929095
  0.017884386459  -0.001326021071  -0.010499508114
 -0.000323849138   0.099550423738  -0.077544550410
  0.026337471636  -0.134583566216   0.075934656094
  0.030859099359   0.017015846285  -0.036278073992
 -0.375760672747   0.125179214919   0.228892480132
  0.277247714256   0.022588603432   0.080919152306
 -0.011545257985  -0.004178417531   0.028327449087
 -0.046986618991  -0.015018499762   0.011634725979
 -0.001544604391   0.008876083820   0.009032914478
 -0.007814969499  -0.042003062825   0.030463762127
 -0.007756488559   0.005397174172  -0.010680936617
 -0.036352507299  -0.003694032678  -0.005686871574
  0.118375633168   0.026452499223  -0.032172026425
  0.097977747477   0.023471471300   0.053206740774
  0.022273454588  -0.020680343028   0.020035680575
  0.015296866124  -0.020072896520   0.010628907592
  0.038349991580   0.003256999841  -0.010386560006
  0.007360462921  -0.001002985944  -0.019807728885
  0.043177022639   0.155925996448  -0.132709763280
 -0.003931665176  -0.036806376810   0.054084799766
  0.053085503599   0.030906586911   0.048219880374
 -2.981158747218  -0.514182901584  -0.617845638114
  0.043631967714   0.150918927350  -0.112910728394
 -0.004697578148  -0.032797763628   0.051605624769
  0.038406882215  -0.023107324431   0.004821578949
  0.007593617140   0.014049386521  -0.012104034878
  0.021934955583   0.008443333203  -0.021102187217
  0.015447902019  -0.014822162780  -0.007444977455
  0.118017429643  -0.125253712136  -0.071255169596
  0.097437103480   0.020150624615   0.061656453786
   46    2  0.0000  1.0000  0.0000
 -0.082976233345   0.104175246023  -0.131757602298
  0.033476890683   0.002981781650  -0.000785533271
 -0.015075291389   0.055051657249   0.027132054461
 -0.085469835139   0.030214706749   0.092232172752
  0.305766125622  -0.218580133132  -0.291266152405
 -0.174927051962  -0.085429909477  -0.083969556657
 -0.009162428106  -0.029651618048  -0.016703658440
 -0.011814098388  -0.051619732155  -0.033982000769
  0.024017405567  -0.003851522379   0.000279488969
 -0.190453833287   0.095021931620   0.013428972203
  0.886704692929   0.936386667940   0.554875178506
 -0.091377928612   0.191840670347   0.061641473231
 -0.001181688302  -0.035170658291  -0.013548489237
 -0.001001310730   0.021493061301  -0.010666502806
  0.012657177982  -0.016219321100  -0.004779642797
 -0.023032511350   0.003414382646  -0.028159303084
  0.002315621559  -0.030541950406   0.013432861310
 -0.013015559591  -0.006539037323  -0.026921900007
 -0.024863752535  -0.096504579217  -0.000471495434
 -0.033412131565  -0.005638494755   0.022744330004
  0.073937869664  -0.142700482222  -0.003670964378
 -0.013310048810  -0.138784416730  -0.055948954895
 -0.136225391796   2.297695245491  -1.065083354988
 -0.000701292322   0.011264491726  -0.000590370047
 -0.047338769785  -0.008596356714  -0.032529446612
 -0.051269879365   0.042539735019   0.020898140640
 -0.011687867455  -0.136953623577   0.041546994820
  0.129637528138  -0.135821856250  -0.094826614772
 -0.112182916614   0.154748434107   0.211809593935
 -0.034211664817  -0.120517426031   0.125418810592
  0.015683303026  -0.016376804774   0.024478667252
  0.004590521936  -0.059766937162  -0.008730658132
  0.028454475933   0.038187158983   0.017388404890
  0.002834589949   0.029714859438   0.007677408287
 -0.006881054509   0.005312698494  -0.007701474737
  0.006121776274  -0.006082322706  -0.000832162657
 -0.125822341283   0.046083262301   0.087780863760
  0.020005365448   0.000164968837   0.032986425291
  0.008683904198   0.037664580215  -0.014968278387
 -0.015618737809  -0.015910944141   0.028319367661
 -0.023675763803   0.046537566017  -0.014547708060
  0.014382579178   0.039984792229  -0.002659685926
  0.150590208911   0.221778345430   0.038139051642
 -0.032505706529   0.103987989990  -0.050488305515
  0.031130072033  -0.043431910139  -0.000765146589
 -0.512789321310  -3.590800489412   0.521693722560
  0.155960309109   0.222284491275   0.078838544636
 -0.036200539802   0.103854835157   0.013282641331
  0.003223869109   0.046170339797  -0.010643887668
 -0.000586408950   0.039838139726  -0.006699837499
 -0.020820193603   0.037371173631   0.017483797263
 -0.019995041818  -0.015842446716  -0.016035195958
  0.026101249839   0.046002223582  -0.050971965026
  0.023311057594  -0.000432464113   0.027196883054
   46    3  0.0000  0.0000  1.0000
 -0.005207770823  -0.100784134135   0.018923172945
 -0.010559448758  -0.011747303409   0.004729333808
 -0.116214077694   0.068985333309  -0.028450666365
 -0.058106652535  -0.012137714512   0.109128401602
 -0.294429912083   0.054667606173   0.412304001424
  0.103521688927   0.016975358225   0.072822842511
 -0.029552937878  -0.035397701602   0.049643976468
  0.024457323207   0.001103730577   0.028942937797
 -0.003437706336  -0.000143476758   0.000773393389
  0.049018250540  -0.153196283026   0.235155475420
  1.036597692703   0.369608810019   1.148182703690
  0.060321938981  -0.067047458893   0.028763381429
  0.026521305683  -0.022939759937  -0.075867566748
 -0.019375293847   0.007029727182  -0.077258312789
 -0.000645500139  -0.001215947804   0.004519526358
 -0.004680208955  -0.003211315731   0.020861702538
  0.012958395437   0.009947474687  -0.016141758808
 -0.026215707232  -0.007063977905  -0.033361304856
  0.001970711670   0.031371740548   0.087690208174
  0.023410532273  -0.007819464427   0.014668808808
 -0.034131444146  -0.059464042978   0.168662807154
  0.185034793327   0.006482438729   0.191985942582
  0.127750534907  -1.066794120187   1.368199015341
  0.000422652672   0.003277037644  -0.009494623850
  0.081223340020   0.013679453147   0.004851536730
  0.010854892404  -0.023186361663   0.009699668333
  0.028017973980  -0.095435083229   0.058573532495
 -0.066855963182   0.041555743446   0.068623185164
 -0.234316371600   0.227485522065   0.463785872951
 -0.078393813877   0.111042244170   0.064915106564
 -0.012606737613   0.019415904826  -0.006957589235
 -0.027450189120  -0.002867726057  -0.019483528065
 -0.026932732383  -0.016808160753  -0.012530363643
 -0.011508388263   0.039801304174  -0.052017316892
 -0.002130168316  -0.001653492181   0.011239726741
  0.018749616312  -0.006449767545   0.013004700922
 -0.073186882787  -0.051878915194   0.131547945774
  0.061760439926   0.026963403983   0.025085439721
 -0.021200538392   0.017010409497   0.031735926463
 -0.007272744547  -0.016469583463  -0.023470548719
  0.006025219394  -0.010199986639   0.020559601645
 -0.011693490853  -0.006230301806   0.038719846317
 -0.114411082904   0.079440751409  -0.254554578375
  0.052581934534   0.012742530976  -0.084373922048
  0.049352777032  -0.001531099688  -0.034114063208
 -0.613404636459   0.518096248317  -4.066052090612
 -0.131939949760   0.037629240555  -0.250921095493
  0.053310403432  -0.050224950585  -0.084589485023
 -0.010202321010  -0.013647855327   0.020317903085
 -0.019427681953  -0.002585482277   0.038438493084
  0.020163707521  -0.015099853897   0.030661490650
  0.010397724690   0.028642813075  -0.024075992620
 -0.032241243672   0.087468641182   0.130588076163
  0.053307747544   0.032807853690   0.025409123109
   47    1  1.0000  0.0000  0.0000
 -0.049694221114  -0.064275576959   0.007261842485
  0.016692888059   0.081014962153  -0.072874229382
 -0.013178331700  -0.005018853329  -0.000706279272
 -0.046274833224  -0.074817022939   0.031206425864
 -0.099255879563  -0.041603879211   0.039219971324
 -0.018154846369  -0.120935947635  -0.075995645320
 -0.098640863542  -0.081334700891  -0.116425234759
  1.818797614953   0.577031137165   0.806741811452
 -0.024709084663  -0.025760924886   0.001913750291
 -0.020167365755  -0.031767991679   0.036536396738
  0.052726162619  -0.162558711620   0.032587959541
  0.000515378205  -0.005908693678  -0.011361934872
  0.024082562581   0.002249312631   0.009421000164
 -0.025873584422  -0.003208877886   0.032771173040
  0.044155417125   0.029845264139  -0.010340879187
 -0.079340506387   0.028891748681   0.013850327251
 -0.004145193629   0.029309527764  -0.017484817232
 -0.005465763449   0.007887636248  -0.001554452890
  0.006846170235   0.000171890092  -0.000587392803
  0.553620945653   0.136730749926  -0.126047671783
 -0.019541877912   0.005274441682   0.021008731529
  0.001619517109   0.052237330769  -0.043219894020
  0.180873793109  -0.065503662989   0.052312642248
  0.192102164235   0.009497627654  -0.199202896315
  0.277265107458   0.022582588926   0.080931824985
 -0.375749260874   0.125181664950   0.228897059021
 -0.000301748598   0.099549633136  -0.077541561044
  0.017908505903  -0.001326915266  -0.010498006421
  0.030876229765   0.017012773159  -0.036274987390
  0.026356927513  -0.134570800655   0.075931529844
 -0.036341746857  -0.003682358333  -0.005697826419
 -0.007743582522   0.005398173870  -0.010677073367
 -0.046965595999  -0.015021411067   0.011634184077
 -0.011527838640  -0.004167632569   0.028327647855
 -0.007798025011  -0.042000489531   0.030469122558
 -0.001524882097   0.008881692373   0.009037580312
  0.007370744611  -0.001005205823  -0.019804294312
  0.038368205188   0.003247821097  -0.010381290849
  0.097996595991   0.023472079007   0.053210690597
  0.118391755821   0.026455369152  -0.032172365887
  0.015316103774  -0.020071690742   0.010626583486
  0.022289238818  -0.020677998471   0.020036619629
 -0.004681104962  -0.032796197356   0.051606779721
  0.043650055449   0.150924085829  -0.112899040922
 -0.003912884743  -0.036807192367   0.054088955038
  0.043194531184   0.155929630928  -0.132705038162
 -2.982073046127  -0.514346974022  -0.617970884571
  0.053104385363   0.030908197795   0.048225766677
  0.097455893766   0.020150445857   0.061658331032
  0.118039215620  -0.125245889663  -0.071259363308
  0.007606046927   0.014052802151  -0.012103360999
  0.038419598975  -0.023104503953   0.004818020605
  0.015467757578  -0.014817957312  -0.007441803440
  0.021952554574   0.008449473695  -0.021104502436
   47    2  0.0000  1.0000  0.0000
 -0.175046809001  -0.085407938120  -0.084028561613
  0.305773786494  -0.218511664178  -0.291298396124
  0.033465877030   0.003039571081  -0.000754005070
 -0.082945173033   0.104238626806  -0.131713540337
 -0.085393090278   0.030266878184   0.092150604954
 -0.015081863167   0.055189814168   0.027203661385
 -0.091520295294   0.192016500822   0.061714182281
  0.886889225285   0.936392566276   0.554988878826
 -0.011857858990  -0.051663757149  -0.034029558375
 -0.009152642291  -0.029673319997  -0.016704666103
 -0.190404111769   0.094992673459   0.013452281334
  0.023979727057  -0.003901343121   0.000277692827
 -0.012986869865  -0.006515221088  -0.026876425645
  0.002344777526  -0.030521587459   0.013425141255
 -0.000988658386   0.021545732032  -0.010654978407
 -0.001197837723  -0.035129303980  -0.013563829393
 -0.023020785454   0.003420262602  -0.028155273832
  0.012648327436  -0.016195755422  -0.004793030211
 -0.000702676771   0.011264111045  -0.000621588249
 -0.136307166696   2.298152914740  -1.065454865743
 -0.033364102042  -0.005708291812   0.022769391622
 -0.024887304292  -0.096424896709  -0.000441539513
 -0.013267919406  -0.138754534224  -0.055996555108
  0.073853486535  -0.142613984651  -0.003586399854
 -0.034118988825  -0.120328883678   0.125417254586
 -0.112123351890   0.154830795346   0.211748566008
 -0.051233267851   0.042606552191   0.020858432017
 -0.047309566071  -0.008564762118  -0.032526681753
  0.129590373510  -0.135730657256  -0.094707012920
 -0.011616443185  -0.137015096328   0.041587115009
  0.006097101223  -0.006083186992  -0.000770605065
 -0.006921776573   0.005331214392  -0.007664608831
  0.004567371193  -0.059761737893  -0.008722864484
  0.015652349482  -0.016330699556   0.024475432353
  0.002783387526   0.029721257727   0.007710052139
  0.028425876380   0.038205813291   0.017412488488
  0.014376371326   0.039961987767  -0.002669798197
 -0.023631285248   0.046516743400  -0.014530790778
  0.020081916666   0.000227704097   0.033071349209
 -0.125791829059   0.046054715852   0.087771163506
 -0.015552334015  -0.015911276482   0.028350627678
  0.008735991329   0.037650904070  -0.014941850453
 -0.036182431656   0.103838818545   0.013292655548
  0.155970109952   0.222358057672   0.078830584934
 -0.032451564359   0.103991974212  -0.050550354127
  0.150489698488   0.221669028950   0.038080235076
 -0.512830852120  -3.592677327266   0.521622614500
  0.031074736710  -0.043298391126  -0.000768547373
  0.023275966790  -0.000373716790   0.027189012795
  0.026053065607   0.046021214738  -0.051015445187
 -0.000602257070   0.039859931912  -0.006699938596
  0.003203336921   0.046164564565  -0.010597020514
 -0.020031788853  -0.015795479358  -0.016058847376
 -0.020809959237   0.037361882809   0.017498160898
   47    3  0.0000  0.0000  1.0000
  0.103528688323   0.016969978550   0.072832436223
 -0.294427303670   0.054675677075   0.412313462889
 -0.010559743696  -0.011748402903   0.004739238217
 -0.005215189861  -0.100794067528   0.018935110660
 -0.058104478871  -0.012138088476   0.109139116543
 -0.116210377703   0.068972221640  -0.028432706455
  0.060321187238  -0.067042608568   0.028778135540
  1.036601391237   0.369607240621   1.148198558721
  0.024458342466   0.001107180230   0.028954950702
 -0.029549623796  -0.035393835853   0.049660103608
  0.049016338258  -0.153191645701   0.235169743298
 -0.003437751725  -0.000139021841   0.000785304686
 -0.026211579310  -0.007059719628  -0.033350990870
  0.012964014464   0.009948567776  -0.016125970103
 -0.019372348820   0.007029324044  -0.077247264756
  0.026515691530  -0.022936541237  -0.075862798796
 -0.004674717139  -0.003208297751   0.020874740969
 -0.000642668423  -0.001217139088   0.004528316968
  0.000414633046   0.003282100451  -0.009484507585
  0.127761466300  -1.066795041460   1.368212526788
  0.023411954584  -0.007816470320   0.014680898862
  0.001979719012   0.031375034977   0.087697897233
  0.185044145989   0.006480839263   0.191988427203
 -0.034127484824  -0.059467454108   0.168681385770
 -0.078393145755   0.111030670716   0.064928238935
 -0.234316019842   0.227486350353   0.463790590699
  0.010852664278  -0.023189921980   0.009708175237
  0.081233202431   0.013674458156   0.004855606955
 -0.066850333311   0.041552850941   0.068628715071
  0.028026171348  -0.095436618456   0.058579870354
  0.018756866569  -0.006447520538   0.013016982210
 -0.002122614079  -0.001650949612   0.011246816265
 -0.027447094187  -0.002863574850  -0.019473542773
 -0.012605343742   0.019416025033  -0.006950476406
 -0.011497312108   0.039804719012  -0.052008776009
 -0.026938170340  -0.016803855671  -0.012514741638
 -0.011698630602  -0.006230154844   0.038726985056
  0.006023918747  -0.010199651140   0.020568750841
  0.061760731474   0.026966994225   0.025095110517
 -0.073186333833  -0.051877280428   0.131561685865
 -0.007269775385  -0.016472220825  -0.023459066679
 -0.021203481290   0.017009020191   0.031741140767
  0.053313460445  -0.050225874485  -0.084578417821
 -0.131941699490   0.037627634196  -0.250913160169
  0.052586938182   0.012741144806  -0.084361281416
 -0.114409026138   0.079441202137  -0.254550213756
 -0.613517970388   0.518113512140  -4.066612232994
  0.049355557681  -0.001536112715  -0.034098019992
  0.053304339052   0.032808852997   0.025421459845
 -0.032236660015   0.087459200895   0.130598418324
 -0.019426396259  -0.002589515239   0.038450151682
 -0.010199191499  -0.013649353018   0.020328280554
  0.010399181925   0.028637010487  -0.024064409282
  0.020161861524  -0.015096872649   0.030671243447
   48    1  1.0000  0.0000  0.0000
  0.016701182735   0.081038070965  -0.072870469759
 -0.049694914475  -0.064265673228   0.007263771083
 -0.046272666797  -0.074850104478   0.031193324599
 -0.013175844900  -0.005016118116  -0.000700953667
 -0.018148816410  -0.120950256288  -0.075998171521
 -0.099257940479  -0.041603860371   0.039223982531
  1.818780055124   0.577058556213   0.806714385257
 -0.098647009673  -0.081340923017  -0.116429226603
 -0.020163476601  -0.031764628831   0.036534134380
 -0.024704793071  -0.025767083521   0.001915310923
  0.000516082814  -0.005899524413  -0.011364253973
  0.052730212027  -0.162579025345   0.032585684788
 -0.025874708973  -0.003213416721   0.032772777907
  0.024086083393   0.002243354851   0.009418225919
 -0.079341105198   0.028894850708   0.013853800230
  0.044155454421   0.029844551795  -0.010345274354
 -0.005463525862   0.007884098127  -0.001558547838
 -0.004139615182   0.029306461285  -0.017482935917
  0.553613203145   0.136664844135  -0.125992555011
  0.006844127793   0.000175800242  -0.000578156224
  0.001616754056   0.052234134312  -0.043217038316
 -0.019542163811   0.005266487566   0.021011047451
  0.192094693486   0.009493840609  -0.199202820945
  0.180871422604  -0.065513033126   0.052315989453
 -0.375746216991   0.125185682971   0.228894759835
  0.277256345538   0.022592109328   0.080924582191
  0.017909917474  -0.001332279766  -0.010502293763
 -0.000308129426   0.099549922001  -0.077528845237
  0.026358356618  -0.134574755168   0.075930831463
  0.030873108308   0.017017058738  -0.036274022451
 -0.007741179765   0.005404089129  -0.010678692078
 -0.036337741400  -0.003685208074  -0.005686735250
 -0.011535012892  -0.004175318394   0.028329245364
 -0.046971026046  -0.015027130781   0.011645401641
 -0.001525021290   0.008875817095   0.009038163214
 -0.007794414725  -0.041982879394   0.030474271371
  0.038365263651   0.003258078926  -0.010382766903
  0.007381704689  -0.001004992842  -0.019809385151
  0.118403423990   0.026454256800  -0.032167603324
  0.097990459754   0.023481014230   0.053212807183
  0.022288159782  -0.020676802198   0.020032943289
  0.015313882415  -0.020070163468   0.010629652297
  0.043646652013   0.150916884258  -0.112902798642
 -0.004681446335  -0.032794550450   0.051607518924
  0.043190484512   0.155936306663  -0.132704650000
 -0.003907830107  -0.036806100183   0.054090861794
  0.053101689472   0.030905807974   0.048223586721
 -2.982052713941  -0.514275201318  -0.618040945303
  0.118038452842  -0.125251281484  -0.071257348181
  0.097454768822   0.020145908587   0.061662439295
  0.038420698182  -0.023098334702   0.004819705402
  0.007607498647   0.014055555528  -0.012097952041
  0.021951655005   0.008452419701  -0.021100781734
  0.015465521037  -0.014817317060  -0.007443980320
   48    2  0.0000  1.0000  0.0000
  0.305773898266  -0.218501523207  -0.291292947731
 -0.175051594083  -0.085413808447  -0.084031339450
 -0.082947746060   0.104217773080  -0.131727138864
  0.033468753081   0.003041638990  -0.000750553481
 -0.015081987102   0.055189411003   0.027199818342
 -0.085389634279   0.030262745647   0.092144126220
  0.886893284299   0.936396921956   0.555011059837
 -0.091517986104   0.192020346136   0.061707543871
 -0.009149476498  -0.029678260403  -0.016707515747
 -0.011856127142  -0.051664087769  -0.034028965395
  0.023982462654  -0.003902833695   0.000277200562
 -0.190404525823   0.095004822282   0.013459029501
  0.002346851986  -0.030520523041   0.013420443843
 -0.012988442190  -0.006511502078  -0.026875299243
 -0.001189992240  -0.035129425252  -0.013562920417
 -0.000987257515   0.021546829218  -0.010658652528
  0.012647591757  -0.016193300956  -0.004792569068
 -0.023018437115   0.003412597877  -0.028158538846
 -0.136321850316   2.298135531905  -1.065420140486
 -0.000704328411   0.011262197959  -0.000624307543
 -0.024887637841  -0.096425559154  -0.000445125309
 -0.033365204642  -0.005708314439   0.022766687524
  0.073868363027  -0.142610931531  -0.003587138478
 -0.013257486724  -0.138750662951  -0.056004736905
 -0.112119480192   0.154838805017   0.211746871762
 -0.034117489226  -0.120342549650   0.125422095593
 -0.047313106614  -0.008574013865  -0.032520395016
 -0.051233994266   0.042613418858   0.020862277452
 -0.011619395249  -0.137019235286   0.041579761294
  0.129590491395  -0.135735631104  -0.094706753116
 -0.006921712958   0.005333823818  -0.007668977510
  0.006094951039  -0.006085441943  -0.000770664634
  0.015650421698  -0.016336442576   0.024483669634
  0.004571135457  -0.059761497615  -0.008726525251
  0.028422194235   0.038206860442   0.017406350831
  0.002779925977   0.029719445852   0.007704926352
 -0.023629539769   0.046513566807  -0.014530553652
  0.014383880551   0.039961622828  -0.002674090262
 -0.125793920890   0.046055172281   0.087771935986
  0.020086518809   0.000221887980   0.033070452175
  0.008743019405   0.037648136786  -0.014935172980
 -0.015543007594  -0.015913304019   0.028352070457
  0.155972535795   0.222363830315   0.078838561416
 -0.036183914281   0.103838593081   0.013292967128
  0.150489273545   0.221671783592   0.038074532976
 -0.032452935076   0.103992870678  -0.050549330955
  0.031077879476  -0.043290323192  -0.000775111280
 -0.512893091886  -3.592637676796   0.521607503462
  0.026059181960   0.046020346528  -0.051009930281
  0.023278485078  -0.000376904289   0.027189264033
  0.003199389098   0.046165221330  -0.010592494916
 -0.000602047513   0.039858853626  -0.006697252570
 -0.020810737824   0.037364993060   0.017493298124
 -0.020026401164  -0.015796295673  -0.016057306458
   48    3  0.0000  0.0000  1.0000
 -0.294429250746   0.054662255794   0.412312028834
  0.103524228469   0.016973647159   0.072832038585
 -0.005206694740  -0.100771503963   0.018935439271
 -0.010558238720  -0.011744884774   0.004743181752
 -0.116210573987   0.068981869540  -0.028431239799
 -0.058106978092  -0.012134652737   0.109139941589
  1.036614201491   0.369619687884   1.148188663663
  0.060314376620  -0.067052368521   0.028784874323
 -0.029556682586  -0.035397970559   0.049661234817
  0.024461036822   0.001109273419   0.028959504028
 -0.003433772858  -0.000139898835   0.000789619006
  0.049013651295  -0.153200853644   0.235163958291
  0.012963462834   0.009947841387  -0.016124478475
 -0.026213070052  -0.007058626751  -0.033349929315
  0.026521049463  -0.022938679416  -0.075854097608
 -0.019375956487   0.007029002154  -0.077246565665
 -0.000647798168  -0.001219221005   0.004526536022
 -0.004678225895  -0.003212086578   0.020880444501
  0.127752729955  -1.066798075998   1.368198887471
  0.000419266679   0.003280139137  -0.009478890594
  0.001974638766   0.031366653348   0.087707045037
  0.023404586620  -0.007822090096   0.014679004381
 -0.034139190455  -0.059465713356   0.168669848934
  0.185031164555   0.006483368325   0.191983534308
 -0.234313456012   0.227479503471   0.463789428891
 -0.078396090161   0.111068860202   0.064931648097
  0.081233342575   0.013679513694   0.004865380220
  0.010853441099  -0.023190952199   0.009722317803
  0.028023304499  -0.095439663703   0.058581146513
 -0.066850991566   0.041558270433   0.068633990868
 -0.002127128631  -0.001652342255   0.011254104489
  0.018751559880  -0.006451668642   0.013022603722
 -0.012603227688   0.019425181036  -0.006956086344
 -0.027449669064  -0.002862277888  -0.019471017858
 -0.026937446798  -0.016808602796  -0.012518685853
 -0.011499903706   0.039801075222  -0.052000040694
  0.006025459592  -0.010196105674   0.020575381987
 -0.011697966061  -0.006232969500   0.038725600889
 -0.073184619799  -0.051883069365   0.131562555756
  0.061755781349   0.026974180570   0.025099958820
 -0.021199446964   0.017014080845   0.031750520501
 -0.007269688277  -0.016466012380  -0.023460656703
 -0.131945013033   0.037620794833  -0.250917480912
  0.053316179078  -0.050233425818  -0.084582429681
 -0.114412327529   0.079442719071  -0.254546556629
  0.052591077546   0.012738073414  -0.084368468293
  0.049358111408  -0.001533482585  -0.034099087700
 -0.613454030200   0.518056523545  -4.066670302737
 -0.032243220550   0.087470511838   0.130590141294
  0.053304429475   0.032808858113   0.025425668987
 -0.010202724074  -0.013640330293   0.020328615978
 -0.019429071184  -0.002585821110   0.038448733322
  0.020170339983  -0.015101632077   0.030674068412
  0.010395034029   0.028643098084  -0.024061636502
   49    1  1.0000  0.0000  0.0000
 -0.004199181722   0.029308552573  -0.017481506897
 -0.005528411210   0.007887436910  -0.001557101984
  0.024013896931   0.002240423004   0.009416391371
 -0.025936299818  -0.003205861822   0.032768138591
  0.044089387112   0.029840613787  -0.010342585773
 -0.079398790445   0.028899784909   0.013853398773
 -0.099327422954  -0.041599013980   0.039227022495
 -0.018209092641  -0.120948379054  -0.075992879425
 -0.049764253907  -0.064269848671   0.007260081492
  0.016634729374   0.081025800474  -0.072880330429
 -0.013240553790  -0.005013433397  -0.000704443442
 -0.046340054790  -0.074823047878   0.031204408445
  0.052665777911  -0.162566222556   0.032592558765
  0.000454921659  -0.005905587854  -0.011365221601
 -0.098710995928  -0.081340800634  -0.116416596051
  1.818715741705   0.577043751270   0.806732357211
 -0.024772860271  -0.025770821369   0.001911044259
 -0.020226604598  -0.031764116698   0.036541786667
 -0.007865517324  -0.041994408876   0.030471481513
 -0.001586466130   0.008880097408   0.009039585264
 -0.036404338778  -0.003689720358  -0.005693467920
 -0.007813445839   0.005400783292  -0.010677476120
 -0.047028297776  -0.015023934556   0.011634055759
 -0.011592071152  -0.004172241668   0.028324941913
  0.180815772229  -0.065497121518   0.052317781629
  0.192034671110   0.009500800316  -0.199205017224
  0.006781731483   0.000170532575  -0.000590925975
  0.553539192464   0.136695990178  -0.126026855120
 -0.019606848989   0.005273797801   0.021006182605
  0.001549184333   0.052234459594  -0.043221628306
  0.030810014362   0.017020189058  -0.036273375369
  0.026294261336  -0.134572042280   0.075928631776
  0.277193171179   0.022582636199   0.080938838628
 -0.375812280768   0.125178390940   0.228889942793
 -0.000370250423   0.099549057227  -0.077530640464
  0.017838655161  -0.001333297085  -0.010501341668
  0.015397716977  -0.014816955996  -0.007442034728
  0.021883363448   0.008452620871  -0.021106162087
  0.097390219209   0.020146196111   0.061658499962
  0.117970716809  -0.125246901251  -0.071265008688
  0.007544313633   0.014053433701  -0.012101117482
  0.038353656890  -0.023100188529   0.004820993415
  0.015249644215  -0.020068128415   0.010627909199
  0.022231251729  -0.020672582732   0.020029871572
  0.007310742013  -0.001006189370  -0.019807402153
  0.038304807195   0.003254386459  -0.010379458726
  0.097925027255   0.023479305404   0.053208653347
  0.118335201199   0.026452746028  -0.032171810423
 -2.978633548949  -0.514334182995  -0.617963978079
  0.053040116730   0.030907466812   0.048225494444
 -0.004742040275  -0.032794915228   0.051603777882
  0.043581600344   0.150920668616  -0.112904086967
 -0.003968160894  -0.036801022213   0.054084549025
  0.043128303379   0.155931045467  -0.132715925695
   49    2  0.0000  1.0000  0.0000
 -0.023032800933   0.003371497240  -0.028161403141
  0.012667677673  -0.016248758466  -0.004786573640
 -0.013007847952  -0.006584841771  -0.026936072083
  0.002321877568  -0.030591112164   0.013440738232
 -0.001002994746   0.021472155472  -0.010684219088
 -0.001176218327  -0.035201759074  -0.013537283864
 -0.085467770364   0.030197691500   0.092265791383
 -0.015086819257   0.055036344903   0.027124805064
 -0.174898576043  -0.085436552765  -0.083951004210
  0.305758004714  -0.218584497309  -0.291241480905
  0.033478479481   0.002954147316  -0.000777865552
 -0.082961605666   0.104073133267  -0.131737267844
 -0.190408967808   0.094988881692   0.013397245717
  0.024016139568  -0.003893360413   0.000272662170
 -0.091386063948   0.191773355994   0.061641195571
  0.886665228208   0.936330109225   0.554820517184
 -0.011810416978  -0.051663244333  -0.033996060779
 -0.009153876574  -0.029714349960  -0.016722439706
  0.002822048443   0.029684870494   0.007682558255
  0.028449930246   0.038143780145   0.017401431674
  0.006115255865  -0.006110713338  -0.000830404361
 -0.006895508598   0.005284879901  -0.007698569394
  0.004588655300  -0.059805772344  -0.008723548213
  0.015674677997  -0.016427947899   0.024484429958
 -0.013298075968  -0.138798140641  -0.055918726822
  0.073924633673  -0.142726052224  -0.003629769154
 -0.000712403260   0.011228108252  -0.000590940759
 -0.136213630676   2.297534690333  -1.065016665826
 -0.033409656587  -0.005685551749   0.022744203010
 -0.024858553175  -0.096546953747  -0.000467869251
  0.129667362256  -0.135853434495  -0.094847602400
 -0.011658801432  -0.136956924128   0.041519817751
 -0.034205470903  -0.120602205065   0.125383009746
 -0.112156615395   0.154734723592   0.211799273812
 -0.051246528674   0.042492891616   0.020898829559
 -0.047331270851  -0.008634044405  -0.032545604878
 -0.020002532500  -0.015875409178  -0.016034805786
 -0.020817848360   0.037353800096   0.017480409156
  0.023301306547  -0.000458803842   0.027195079449
  0.026106349212   0.045963898528  -0.050980598788
 -0.000580333261   0.039813215331  -0.006712607476
  0.003213426057   0.046148765727  -0.010665330444
 -0.015606322823  -0.015942361842   0.028320817005
  0.008708894920   0.037631426981  -0.014956688189
  0.014402513395   0.039944556966  -0.002660976331
 -0.023664758194   0.046491649913  -0.014536147345
  0.020011024414   0.000119321600   0.032989211298
 -0.125801351172   0.046058995290   0.087788482179
 -0.513001324778  -3.588831123092   0.521754758965
  0.031106635883  -0.043464194390  -0.000766820564
 -0.036206194909   0.103848669701   0.013259833150
  0.155960938860   0.222236034855   0.078812845658
 -0.032508076723   0.103971491281  -0.050493410482
  0.150608156556   0.221755021425   0.038130811332
   49    3  0.0000  0.0000  1.0000
 -0.004684874623  -0.003209085215   0.020831877280
 -0.000644381195  -0.001209565273   0.004485644893
 -0.026213296731  -0.007061923557  -0.033403999792
  0.012958670905   0.009954258420  -0.016172797509
 -0.019378901494   0.007031744103  -0.077293946401
  0.026518155921  -0.022943730433  -0.075900133276
 -0.058110910390  -0.012130731478   0.109096718880
 -0.116218508619   0.068985625136  -0.028469466882
  0.103525920894   0.016973277511   0.072784876352
 -0.294422698068   0.054661115674   0.412268580117
 -0.010558858167  -0.011750432719   0.004697416666
 -0.005203897356  -0.100755546961   0.018912285089
  0.049015558599  -0.153186447188   0.235128534427
 -0.003438654953  -0.000143196952   0.000741259806
  0.060324212929  -0.067040022518   0.028726360267
  1.036588560904   0.369607897390   1.148138150457
  0.024457658706   0.001113223409   0.028906708800
 -0.029553783896  -0.035400411209   0.049612891552
 -0.011505252701   0.039796641298  -0.052045319092
 -0.026937257123  -0.016802269653  -0.012562866436
  0.018749917162  -0.006449657254   0.012966118803
 -0.002127078010  -0.001653294413   0.011202907826
 -0.027448388906  -0.002862224181  -0.019525622179
 -0.012607979088   0.019415356368  -0.007001810756
  0.185042511596   0.006491113392   0.191947061731
 -0.034131386976  -0.059468695644   0.168638873280
  0.000416118208   0.003281909269  -0.009530886013
  0.127751859044  -1.066791229226   1.368097381646
  0.023405708059  -0.007820056705   0.014634127430
  0.001975988714   0.031373252219   0.087652362098
 -0.066849523149   0.041560604048   0.068583703859
  0.028019268012  -0.095432298873   0.058536295526
 -0.078391574416   0.111026330422   0.064887448339
 -0.234319327596   0.227501366454   0.463739903189
  0.010851374114  -0.023191918404   0.009662283267
  0.081229633217   0.013680562945   0.004815915438
  0.010395278108   0.028639623769  -0.024110544382
  0.020165779483  -0.015097090843   0.030622977273
  0.053306015017   0.032807765418   0.025379103647
 -0.032233258445   0.087461477210   0.130553526649
 -0.019424477597  -0.002585404074   0.038401044923
 -0.010205070165  -0.013649425756   0.020280003941
 -0.007275964486  -0.016465341452  -0.023508068239
 -0.021198280563   0.017007947269   0.031702728363
 -0.011701639950  -0.006232591026   0.038681691251
  0.006021886934  -0.010194788506   0.020526625619
  0.061754650488   0.026971785014   0.025052207697
 -0.073191091608  -0.051871179795   0.131514512349
 -0.613391287288   0.518005924764  -4.064173232690
  0.049350024652  -0.001532826580  -0.034140288457
  0.053307250068  -0.050225867450  -0.084622253359
 -0.131940842467   0.037623411902  -0.250953511478
  0.052587144385   0.012745098648  -0.084402996562
 -0.114410700093   0.079439941288  -0.254592365226
   50    1  1.0000  0.0000  0.0000
 -0.005531044280   0.007882527748  -0.001551617790
 -0.004212049679   0.029313911833  -0.017484227732
 -0.025942771673  -0.003211398569   0.032765765694
  0.024015106099   0.002249206766   0.009414630637
 -0.079403519715   0.028897102588   0.013846920371
  0.044088570458   0.029844989710  -0.010337419026
 -0.018220652383  -0.120957275019  -0.075976599909
 -0.099323261982  -0.041601428802   0.039226686910
  0.016633616268   0.081024631501  -0.072885674545
 -0.049762695271  -0.064274882548   0.007258379822
 -0.046338403056  -0.074828683552   0.031201884332
 -0.013249371992  -0.005018303441  -0.000705174118
  0.000452019357  -0.005901085627  -0.011368113525
  0.052660294710  -0.162556677436   0.032587074732
  1.818731475811   0.577075042423   0.806721825080
 -0.098706147647  -0.081347805980  -0.116416026642
 -0.020227670658  -0.031763171743   0.036539311067
 -0.024781753640  -0.025769732562   0.001908080746
 -0.001598720026   0.008879194720   0.009039394410
 -0.007864851257  -0.041994926419   0.030459265617
 -0.007810070345   0.005398736686  -0.010674830555
 -0.036409001478  -0.003681131208  -0.005692478499
 -0.011594280101  -0.004164817787   0.028326430867
 -0.047035218201  -0.015025104471   0.011638418652
  0.192020564687   0.009500389572  -0.199195305807
  0.180800632525  -0.065499545207   0.052310011558
  0.553551278238   0.136712274071  -0.126023587206
  0.006784135973   0.000174120636  -0.000585989482
  0.001545034604   0.052237505875  -0.043222834803
 -0.019612692385   0.005278125726   0.021015173223
  0.026292844946  -0.134581255995   0.075930290222
  0.030812168719   0.017013083092  -0.036277205140
 -0.375809143112   0.125186253758   0.228887125652
  0.277191288671   0.022591879374   0.080943056814
  0.017844855235  -0.001322404976  -0.010503489670
 -0.000372320938   0.099557268936  -0.077530549469
  0.021886737303   0.008443792117  -0.021101106887
  0.015398510304  -0.014819972666  -0.007442065663
  0.117973328668  -0.125245892805  -0.071263227178
  0.097388839870   0.020154352755   0.061659138042
  0.038359320434  -0.023096732041   0.004813903013
  0.007545369075   0.014056633576  -0.012104273542
  0.022228533555  -0.020678713074   0.020032545137
  0.015243442266  -0.020065184478   0.010626683173
  0.038296370408   0.003262371789  -0.010382239393
  0.007313950821  -0.001004457110  -0.019811733724
  0.118332131483   0.026451074723  -0.032170802005
  0.097927116918   0.023476832713   0.053205546479
  0.053038379968   0.030890484467   0.048223838085
 -2.978554809650  -0.514397995530  -0.617945716383
  0.043581443686   0.150928237784  -0.112905589575
 -0.004739309452  -0.032799854964   0.051604407097
  0.043131340823   0.155933426537  -0.132709669268
 -0.003968942962  -0.036805017467   0.054081760106
   50    2  0.0000  1.0000  0.0000
  0.012667778204  -0.016247740103  -0.004779188955
 -0.023033009739   0.003379589173  -0.028157278877
  0.002321046434  -0.030584861154   0.013440259412
 -0.013006466903  -0.006584531429  -0.026929223386
 -0.001181461089  -0.035201677691  -0.013545313860
 -0.000999156258   0.021467506650  -0.010674430500
 -0.015086007787   0.055036751065   0.027106983437
 -0.085471607661   0.030201909268   0.092266784629
  0.305753850178  -0.218609666373  -0.291249090798
 -0.174896252733  -0.085447259126  -0.083947368309
 -0.082954402933   0.104116763643  -0.131716121203
  0.033478721948   0.002950124722  -0.000776909923
  0.024012375875  -0.003893391978   0.000266136893
 -0.190418689038   0.094992877019   0.013397259556
  0.886694922508   0.936309700747   0.554840117832
 -0.091393372874   0.191791566098   0.061650703726
 -0.009149821611  -0.029714835039  -0.016720653668
 -0.011809034056  -0.051671810813  -0.033992310343
  0.028451843692   0.038146796183   0.017404845156
  0.002828685885   0.029661051925   0.007687628745
 -0.006894095866   0.005278795487  -0.007695147117
  0.006109609427  -0.006111325055  -0.000825492827
  0.015681232155  -0.016423190244   0.024477694609
  0.004584295749  -0.059797633709  -0.008728490375
  0.073919840932  -0.142717622171  -0.003641391682
 -0.013291906801  -0.138789318251  -0.055933862409
 -0.136195065087   2.297564535168  -1.065076458528
 -0.000715354411   0.011227829153  -0.000587931494
 -0.024859906846  -0.096543573692  -0.000469511190
 -0.033409640701  -0.005692298856   0.022741563206
 -0.011667092393  -0.136968467090   0.041524341758
  0.129668242540  -0.135853076896  -0.094837478340
 -0.112163213888   0.154713228932   0.211810671761
 -0.034197093551  -0.120575340822   0.125372779546
 -0.047333697623  -0.008622847630  -0.032536595132
 -0.051251153919   0.042482698614   0.020893446704
 -0.020816553201   0.037338723832   0.017480703713
 -0.019997144029  -0.015873086221  -0.016035009655
  0.026097243538   0.045958819781  -0.050977555783
  0.023301791650  -0.000459393509   0.027193710811
  0.003215559584   0.046147548840  -0.010664559133
 -0.000579866713   0.039811735280  -0.006712156683
  0.008710574138   0.037633318055  -0.014965234726
 -0.015604139200  -0.015948083329   0.028328043900
 -0.023661412510   0.046489647533  -0.014532975565
  0.014393464797   0.039938411189  -0.002656966929
 -0.125797573894   0.046056395447   0.087789345662
  0.020015628276   0.000121176856   0.032990795850
  0.031106839506  -0.043458606270  -0.000768566988
 -0.513027739648  -3.588828198812   0.521744975317
  0.155954186754   0.222235446547   0.078817204210
 -0.036202411554   0.103841031969   0.013256903358
  0.150612685385   0.221751651740   0.038136005714
 -0.032516074634   0.103972205346  -0.050485631125
   50    3  0.0000  0.0000  1.0000
 -0.000647602298  -0.001220461267   0.004486337899
 -0.004677742376  -0.003215689467   0.020826321409
  0.012959785886   0.009939139625  -0.016174567661
 -0.026215830148  -0.007059538332  -0.033392897065
  0.026515646086  -0.022938860250  -0.075908515651
 -0.019374986935   0.007026859180  -0.077289925678
 -0.116213956383   0.068972856026  -0.028482106629
 -0.058106458116  -0.012141408616   0.109094539403
 -0.294424886382   0.054676365486   0.412276329487
  0.103526559681   0.016970631969   0.072785992452
 -0.005214296011  -0.100800389013   0.018889771241
 -0.010558976592  -0.011749688041   0.004695846414
 -0.003438529331  -0.000146631062   0.000743436703
  0.049025664245  -0.153200070316   0.235121282736
  1.036607681818   0.369617178734   1.148144143460
  0.060319123024  -0.067051122276   0.028730729044
 -0.029554488482  -0.035396752750   0.049611552974
  0.024457723135   0.001106617159   0.028907872603
 -0.026941313052  -0.016804406906  -0.012565003653
 -0.011504726184   0.039804281015  -0.052057060578
 -0.002128287301  -0.001648973947   0.011196488924
  0.018755064963  -0.006446442514   0.012970316357
 -0.012604766031   0.019417988522  -0.006986787971
 -0.027452546868  -0.002864011429  -0.019515928375
 -0.034132789766  -0.059467154612   0.168626351449
  0.185036886235   0.006474101548   0.191948882704
  0.127759504140  -1.066797719273   1.368184420754
  0.000415184368   0.003276754105  -0.009523979766
  0.001972550115   0.031363869286   0.087655768761
  0.023404799402  -0.007822926909   0.014639730489
  0.028024670505  -0.095442158149   0.058541003219
 -0.066852390418   0.041552823754   0.068590158473
 -0.234322387019   0.227482876531   0.463750807212
 -0.078395227645   0.111044248385   0.064884568362
  0.081226537671   0.013675936383   0.004811379774
  0.010853079599  -0.023182490975   0.009672711592
  0.020164952768  -0.015100683021   0.030626842292
  0.010398018918   0.028641794681  -0.024106021314
 -0.032239890322   0.087468274430   0.130552317703
  0.053304215240   0.032801158476   0.025377476794
 -0.010205409411  -0.013646164876   0.020285127410
 -0.019427898613  -0.002587523961   0.038407320100
 -0.021199455480   0.017010459029   0.031699129757
 -0.007270977985  -0.016467932011  -0.023504400420
  0.006025266544  -0.010197983218   0.020524115223
 -0.011692570089  -0.006229820827   0.038679717152
 -0.073183834640  -0.051876192224   0.131515209168
  0.061753792558   0.026962962111   0.025050178007
  0.049354185885  -0.001530728474  -0.034143490956
 -0.613421263578   0.518160024424  -4.064262368749
 -0.131946644738   0.037626787079  -0.250961209256
  0.053312815459  -0.050232026389  -0.084626519621
 -0.114410331609   0.079448562252  -0.254593526260
  0.052586755558   0.012743400918  -0.084409867894
   51    1  1.0000  0.0000  0.0000
  0.044096324734   0.029840586292  -0.010341960532
 -0.079395163440   0.028890170327   0.013846008709
 -0.004197478952   0.029307095060  -0.017486806590
 -0.005522957060   0.007885903520  -0.001555156998
  0.024025500692   0.002238878992   0.009415667977
 -0.025930594009  -0.003212808845   0.032771043057
 -0.013236862708  -0.005022891708  -0.000705510019
 -0.046327445055  -0.074823399540   0.031201232677
 -0.099314576327  -0.041602738342   0.039225030209
 -0.018206418508  -0.120963831313  -0.075984151861
 -0.049751669774  -0.064276692268   0.007256930242
  0.016643939421   0.081021569881  -0.072893914934
 -0.024767946512  -0.025766728092   0.001908907571
 -0.020220597600  -0.031772584061   0.036540262938
  0.052667237375  -0.162560111227   0.032585751240
  0.000462661945  -0.005905139954  -0.011368561402
 -0.098697971396  -0.081352326538  -0.116418770028
  1.818729063989   0.577064647083   0.806690242851
 -0.047026171502  -0.015031986127   0.011638786678
 -0.011581278985  -0.004169351474   0.028322397880
 -0.007856717950  -0.042002493355   0.030464884594
 -0.001580777588   0.008875957870   0.009033026060
 -0.036396819187  -0.003686028541  -0.005693703066
 -0.007801025811   0.005394342562  -0.010673552195
 -0.019602034016   0.005278228315   0.021002317162
  0.001556283305   0.052230650696  -0.043224406481
  0.180812776034  -0.065505227943   0.052309192505
  0.192033008191   0.009492826380  -0.199198795792
  0.006794666302   0.000179107960  -0.000586318385
  0.553573581198   0.136711427225  -0.126032358443
 -0.000365595540   0.099550223480  -0.077539508791
  0.017853831026  -0.001328244189  -0.010504560619
  0.030818218227   0.017018270002  -0.036280367382
  0.026309522146  -0.134575761841   0.075929458651
  0.277194434451   0.022591677504   0.080940174881
 -0.375793930275   0.125176805326   0.228883034859
  0.007552204253   0.014050191099  -0.012105549839
  0.038361779626  -0.023098099788   0.004814917083
  0.015409240648  -0.014826245780  -0.007440393155
  0.021896608705   0.008437166719  -0.021103222880
  0.097402383477   0.020149124622   0.061657876544
  0.117987434697  -0.125242300756  -0.071264618409
  0.097930332654   0.023477178334   0.053206172414
  0.118344768303   0.026440014137  -0.032170433798
  0.015256755221  -0.020072462072   0.010630079290
  0.022239509536  -0.020678077281   0.020031226847
  0.007319943024  -0.001005684727  -0.019812171809
  0.038316515404   0.003252742201  -0.010383169532
 -0.003956889956  -0.036809240526   0.054078950710
  0.043140800951   0.155925391123  -0.132709137346
 -2.979111750165  -0.514200474811  -0.617827718784
  0.053049061211   0.030892130298   0.048225488582
 -0.004729967339  -0.032802487211   0.051602840773
  0.043594252909   0.150921111304  -0.112907083909
   51    2  0.0000  1.0000  0.0000
 -0.000990079195   0.021495226233  -0.010652013868
 -0.001199650359  -0.035187009364  -0.013562042168
 -0.023031611873   0.003362018697  -0.028154446234
  0.012648305938  -0.016247430117  -0.004789115709
 -0.012991673694  -0.006573225854  -0.026873587355
  0.002345207434  -0.030570052211   0.013427874157
  0.033465115409   0.002986601682  -0.000755011973
 -0.082940415924   0.104183701434  -0.131703590459
 -0.085394036416   0.030213388261   0.092150683368
 -0.015080319295   0.055139997315   0.027210461727
 -0.175053053567  -0.085468245758  -0.084030452048
  0.305766476021  -0.218562653916  -0.291291166272
 -0.011856958916  -0.051720912647  -0.034026500316
 -0.009152078782  -0.029729924757  -0.016703165918
 -0.190406955190   0.094921211597   0.013451568903
  0.023979387830  -0.003957856344   0.000279667697
 -0.091524737710   0.191966446009   0.061714224823
  0.886883413835   0.936347265399   0.554967595178
  0.004555856502  -0.059821722469  -0.008730759265
  0.015655455949  -0.016388271985   0.024477047654
  0.002779581530   0.029666741122   0.007726731219
  0.028416182406   0.038145950136   0.017408798472
  0.006086879324  -0.006137155680  -0.000763322147
 -0.006930721398   0.005286430137  -0.007660569803
 -0.033365339231  -0.005769034383   0.022764527582
 -0.024889118603  -0.096482241963  -0.000442598506
 -0.013270971610  -0.138808111171  -0.055998256120
  0.073850905355  -0.142672041951  -0.003585625936
 -0.000705213323   0.011210381466  -0.000627382492
 -0.136306667123   2.298063697885  -1.065453065608
 -0.051239264694   0.042551394658   0.020860799630
 -0.047316148396  -0.008616150551  -0.032527427350
  0.129584513127  -0.135781453967  -0.094703156266
 -0.011623369525  -0.137065656122   0.041585145598
 -0.034121260290  -0.120389702470   0.125414637499
 -0.112122066649   0.154766982322   0.211763568097
 -0.000601050209   0.039804372981  -0.006694564240
  0.003202874937   0.046097119947  -0.010596938135
 -0.020030007511  -0.015854340771  -0.016056184637
 -0.020812258482   0.037310174705   0.017495937505
  0.023275321610  -0.000427384440   0.027192219094
  0.026059122143   0.045962961912  -0.051019447154
  0.020083078533   0.000169838973   0.033072273308
 -0.125799640629   0.046009518477   0.087767806725
 -0.015552674653  -0.015973947767   0.028358584989
  0.008736882480   0.037595899547  -0.014934970268
  0.014378119678   0.039899027894  -0.002667673081
 -0.023629504922   0.046459578735  -0.014535719681
 -0.032462627723   0.103937346262  -0.050551393976
  0.150487805283   0.221611385711   0.038077565997
 -0.512690768348  -3.589709049030   0.521562445994
  0.031064562914  -0.043348611413  -0.000770985322
 -0.036186312323   0.103792044347   0.013290858919
  0.155971508325   0.222305483258   0.078840108170
   51    3  0.0000  0.0000  1.0000
 -0.019382522597   0.007033244332  -0.077289992609
  0.026516752000  -0.022940108401  -0.075906896829
 -0.004683695180  -0.003210855283   0.020822965362
 -0.000646575307  -0.001213029963   0.004478100497
 -0.026213765400  -0.007058287358  -0.033399106400
  0.012958268447   0.009943136734  -0.016177259734
 -0.010560517418  -0.011751977151   0.004687196517
 -0.005216478617  -0.100778357277   0.018886718745
 -0.058110639198  -0.012140059386   0.109091920934
 -0.116211909006   0.068980383651  -0.028483578583
  0.103516764655   0.016967610515   0.072782987416
 -0.294431588310   0.054651182187   0.412269825471
  0.024456824657   0.001111036130   0.028903207402
 -0.029551670650  -0.035400071707   0.049603368686
  0.049015006974  -0.153183066640   0.235119711848
 -0.003436571080  -0.000145382907   0.000742491766
  0.060324059256  -0.067043692584   0.028727214673
  1.036588590398   0.369609219873   1.148139613291
 -0.027454216771  -0.002862445285  -0.019517940380
 -0.012599386014   0.019421909207  -0.006998948350
 -0.011498319526   0.039790364164  -0.052061923089
 -0.026936770209  -0.016806005875  -0.012557752719
  0.018751874038  -0.006451306008   0.012968557797
 -0.002125952946  -0.001648069837   0.011200422045
  0.023410681327  -0.007815462542   0.014634472271
  0.001978243139   0.031368059486   0.087652560290
  0.185040987011   0.006485433436   0.191942831472
 -0.034133185607  -0.059467114973   0.168623259027
  0.000414398618   0.003280102605  -0.009531572341
  0.127753048147  -1.066759950643   1.368148741644
  0.010854553880  -0.023185223699   0.009659478890
  0.081228007804   0.013675797286   0.004816153400
 -0.066854072797   0.041550677442   0.068582329863
  0.028023184028  -0.095438042487   0.058539825966
 -0.078392233816   0.111031224465   0.064884263718
 -0.234317709708   0.227479721709   0.463747288783
 -0.019432564576  -0.002587909902   0.038404569209
 -0.010203076903  -0.013648806787   0.020279355522
  0.010402229656   0.028637811207  -0.024114791106
  0.020162535038  -0.015099499801   0.030629107051
  0.053310026976   0.032805489833   0.025371896655
 -0.032239976878   0.087468359249   0.130551575020
  0.061751964113   0.026967237245   0.025047095089
 -0.073186164417  -0.051879438397   0.131509738237
 -0.007271816832  -0.016473120363  -0.023506045514
 -0.021210043403   0.017013152201   0.031696937937
 -0.011699307606  -0.006229602093   0.038674594768
  0.006023222973  -0.010195837632   0.020520134696
  0.052581309840   0.012739018102  -0.084411030962
 -0.114404720781   0.079447871853  -0.254594249625
 -0.613363266414   0.518084655924  -4.064043604082
  0.049346091573  -0.001532688905  -0.034153067019
  0.053309678478  -0.050227323074  -0.084633430734
 -0.131949585057   0.037630038124  -0.250959321883
   52    1  1.0000  0.0000  0.0000
 -0.079388714148   0.028902075398   0.013850342062
  0.044105072032   0.029834310887  -0.010339334816
 -0.005522124351   0.007878830926  -0.001562124755
 -0.004194157092   0.029303539079  -0.017484607957
 -0.025928307041  -0.003209212125   0.032771265973
  0.024027125014   0.002246434457   0.009418985207
 -0.046332873891  -0.074832822615   0.031189377501
 -0.013229638630  -0.005016243899  -0.000705021606
 -0.018202138764  -0.120943311420  -0.075994224404
 -0.099311244450  -0.041597461525   0.039222745470
  0.016642065005   0.081028996385  -0.072879490990
 -0.049751306519  -0.064266993022   0.007260671749
 -0.020216590467  -0.031770900324   0.036537966939
 -0.024766746834  -0.025772399387   0.001910863041
  0.000466113597  -0.005907427274  -0.011366201876
  0.052675551076  -0.162582039600   0.032581510088
  1.818739822510   0.577050349537   0.806730430822
 -0.098701913029  -0.081348206802  -0.116422817875
 -0.011582826029  -0.004177605443   0.028327235365
 -0.047017764570  -0.015025252095   0.011637747497
 -0.001576596949   0.008873462210   0.009036210077
 -0.007853850569  -0.041989620476   0.030470232968
 -0.007792847450   0.005396082010  -0.010678960973
 -0.036389968520  -0.003688360633  -0.005690481581
  0.001562477790   0.052232925080  -0.043217498909
 -0.019601956290   0.005270497306   0.021009126257
  0.192048243428   0.009498094048  -0.199209933825
  0.180825886669  -0.065497729906   0.052309108371
  0.553544036387   0.136660792016  -0.126024237424
  0.006793139519   0.000171229513  -0.000584041542
  0.017854217601  -0.001332145019  -0.010500668480
 -0.000358667087   0.099546076988  -0.077529282168
  0.026300987765  -0.134581405635   0.075932197041
  0.030825964207   0.017016124692  -0.036277233261
 -0.375806167439   0.125173089938   0.228893661762
  0.277215948598   0.022580993245   0.080937113781
  0.038371775588  -0.023100316185   0.004815351969
  0.007555845012   0.014054440451  -0.012103377932
  0.021895088482   0.008447187327  -0.021104023039
  0.015407865415  -0.014818572391  -0.007442768925
  0.117986563184  -0.125251635154  -0.071262977210
  0.097402424516   0.020147422479   0.061661301714
  0.118344262421   0.026448920419  -0.032173233852
  0.097940800018   0.023471201941   0.053207160489
  0.022244844201  -0.020678847062   0.020030051626
  0.015256663967  -0.020069362910   0.010625826973
  0.038319894286   0.003254034653  -0.010379470526
  0.007328959182  -0.001005879803  -0.019815280189
  0.043136519630   0.155933371292  -0.132712966480
 -0.003961287173  -0.036803214242   0.054086593698
  0.053050442767   0.030897984937   0.048220334813
 -2.979246904479  -0.514170531113  -0.617909068988
  0.043593979566   0.150917212963  -0.112903208221
 -0.004727987665  -0.032798184121   0.051599124553
   52    2  0.0000  1.0000  0.0000
 -0.001191334312  -0.035177329449  -0.013559329981
 -0.000992415001   0.021491646718  -0.010659828198
  0.012649816645  -0.016252277655  -0.004799627717
 -0.023025397624   0.003358123705  -0.028160264339
  0.002341610307  -0.030581676287   0.013420275570
 -0.012993315957  -0.006570626511  -0.026871464480
 -0.082943770738   0.104148816101  -0.131731566292
  0.033467645303   0.002986125100  -0.000750183225
 -0.015085134618   0.055116650471   0.027205017081
 -0.085394889322   0.030210434849   0.092150373947
  0.305778644587  -0.218559686009  -0.291299714708
 -0.175058865308  -0.085466397814  -0.084033604761
 -0.009150948038  -0.029728000604  -0.016710519084
 -0.011862468693  -0.051720520757  -0.034027710007
  0.023976594947  -0.003956084201   0.000278127500
 -0.190404961296   0.094938380939   0.013455236488
  0.886871965219   0.936329410878   0.555001742657
 -0.091517388778   0.191950285791   0.061715225005
  0.015650352252  -0.016390799567   0.024484288273
  0.004561961032  -0.059811812221  -0.008722512400
  0.028418354816   0.038153100624   0.017411710256
  0.002780559347   0.029681618392   0.007701444428
 -0.006928975868   0.005274168991  -0.007664386387
  0.006089703929  -0.006135672267  -0.000772967253
 -0.024891583481  -0.096479646411  -0.000449647401
 -0.033368791657  -0.005753684060   0.022769356129
  0.073862070339  -0.142668198975  -0.003582704964
 -0.013264912331  -0.138804848010  -0.055997197423
 -0.136314085481   2.298086100684  -1.065382611191
 -0.000708675316   0.011207432738  -0.000627598543
 -0.047317603098  -0.008633571152  -0.032526367712
 -0.051235908148   0.042554190748   0.020865510221
 -0.011621745032  -0.137067853854   0.041578675728
  0.129587456611  -0.135795257536  -0.094710627467
 -0.112114426190   0.154783362870   0.211741844361
 -0.034130565028  -0.120413337840   0.125439995171
  0.003192741062   0.046105728539  -0.010598864478
 -0.000609274817   0.039801742193  -0.006702247560
 -0.020811706105   0.037323541952   0.017495970019
 -0.020028440372  -0.015855296491  -0.016060593114
  0.026057010316   0.045968255367  -0.051015148197
  0.023271512300  -0.000428794546   0.027184142732
 -0.125791940576   0.046008041250   0.087769113020
  0.020076473259   0.000167413814   0.033064665287
  0.008740619964   0.037595923545  -0.014939725818
 -0.015553601222  -0.015963221273   0.028341840598
 -0.023635534163   0.046462207277  -0.014534300064
  0.014376750442   0.039909478571  -0.002676616582
  0.150479848388   0.221618634356   0.038077011030
 -0.032457708291   0.103932728998  -0.050558917239
  0.031076266216  -0.043352138101  -0.000776591168
 -0.512689627066  -3.589690940125   0.521624284035
  0.155973625797   0.222310272717   0.078835762708
 -0.036185589156   0.103783853539   0.013291825507
   52    3  0.0000  0.0000  1.0000
  0.026516881606  -0.022936516180  -0.075902365145
 -0.019378790199   0.007031695553  -0.077296113243
 -0.000649353282  -0.001217398861   0.004477456219
 -0.004685159059  -0.003206945286   0.020834124860
  0.012955691595   0.009954562549  -0.016169169088
 -0.026214535477  -0.007057675673  -0.033398780470
 -0.005213083397  -0.100785782139   0.018887259473
 -0.010561665131  -0.011748910528   0.004697504863
 -0.116216904448   0.068983567911  -0.028462169539
 -0.058113627123  -0.012132213961   0.109095845217
 -0.294421017628   0.054670575442   0.412263997785
  0.103522931474   0.016981029463   0.072780865662
 -0.029559314965  -0.035397063942   0.049611323818
  0.024460938693   0.001113470421   0.028901209408
 -0.003440826827  -0.000136106931   0.000740440227
  0.049010013073  -0.153195987349   0.235117520010
  1.036594988664   0.369614268894   1.148154107631
  0.060322491275  -0.067049365018   0.028730559437
 -0.012611403797   0.019421017757  -0.006994920511
 -0.027453109944  -0.002864849831  -0.019518690149
 -0.026938604982  -0.016804243865  -0.012562857261
 -0.011501744399   0.039809509372  -0.052042639058
 -0.002129933620  -0.001645185745   0.011202968837
  0.018749250426  -0.006444601266   0.012972112073
  0.001971570821   0.031373471847   0.087653866712
  0.023395704457  -0.007821413620   0.014631462052
 -0.034135094808  -0.059461780896   0.168630694614
  0.185035566321   0.006489037768   0.191935105076
  0.127738053070  -1.066819434545   1.368139358044
  0.000415786460   0.003288669980  -0.009531682973
  0.081224104656   0.013676454805   0.004810980655
  0.010848559960  -0.023188349358   0.009670919206
  0.028019554389  -0.095433603094   0.058533271003
 -0.066852958944   0.041559377830   0.068583454872
 -0.234317806830   0.227495829302   0.463735932491
 -0.078387430265   0.111046269206   0.064886018826
 -0.010200017217  -0.013643624792   0.020281383602
 -0.019431771477  -0.002585433630   0.038400399222
  0.020163383846  -0.015096932575   0.030627497817
  0.010394175754   0.028640653640  -0.024110879829
 -0.032237839527   0.087468317098   0.130546853792
  0.053300381126   0.032813865092   0.025379613228
 -0.073192266383  -0.051873249267   0.131510155501
  0.061750190505   0.026972688900   0.025050677775
 -0.021201213386   0.017011481067   0.031698261520
 -0.007273238217  -0.016470234313  -0.023510914429
  0.006021325168  -0.010190587314   0.020521309652
 -0.011698570668  -0.006230279289   0.038674955359
 -0.114413364348   0.079448366032  -0.254601139551
  0.052585517618   0.012746529489  -0.084407774669
  0.049352703484  -0.001537895251  -0.034140230818
 -0.613286608311   0.517961539718  -4.064135878133
 -0.131944153575   0.037628994432  -0.250961169557
  0.053311643791  -0.050225579050  -0.084622092118
   53    1  1.0000  0.0000  0.0000
  0.024044203401   0.002250702217   0.009414083815
 -0.025914516137  -0.003207925570   0.032767886446
  0.044121805647   0.029843065671  -0.010339686444
 -0.079373992889   0.028895234642   0.013853931459
 -0.004177439951   0.029305624441  -0.017485175499
 -0.005501599657   0.007881867566  -0.001555786336
 -0.049731800659  -0.064274367652   0.007260359102
  0.016667144090   0.081029249847  -0.072879979342
 -0.013214117103  -0.005013493097  -0.000707439345
 -0.046313972521  -0.074831260508   0.031201701395
 -0.099296369405  -0.041606365489   0.039230832276
 -0.018189090795  -0.120942155578  -0.075989243721
 -0.098675592845  -0.081345442478  -0.116425132735
  1.818752750057   0.577053304515   0.806728846714
 -0.024744299582  -0.025765908360   0.001912511449
 -0.020196261924  -0.031771537372   0.036536725480
  0.052694198206  -0.162565295480   0.032583487612
  0.000480890805  -0.005904086347  -0.011366776093
 -0.036378244736  -0.003689271275  -0.005687871388
 -0.007782338271   0.005397387423  -0.010685091514
 -0.047003762022  -0.015023670080   0.011639735381
 -0.011563782586  -0.004174325146   0.028330836033
 -0.007838801728  -0.042000543184   0.030461180598
 -0.001563439561   0.008874834534   0.009037552716
  0.006807452031   0.000174209152  -0.000584367843
  0.553576728869   0.136698223643  -0.126014120742
 -0.019583469914   0.005270596880   0.021012850570
  0.001574532656   0.052236622325  -0.043223237646
  0.180838864582  -0.065492409010   0.052305248010
  0.192063891052   0.009491730077  -0.199197530451
  0.277236943567   0.022578950664   0.080933678838
 -0.375783836257   0.125185188833   0.228892253577
 -0.000338414890   0.099548803520  -0.077537085116
  0.017875589992  -0.001325717615  -0.010505019042
  0.030839356894   0.017021936425  -0.036273562381
  0.026322161992  -0.134578161494   0.075928646063
  0.097416320566   0.020151304415   0.061657807584
  0.118007093642  -0.125253415723  -0.071263001616
  0.007570294190   0.014053166775  -0.012104048289
  0.038388360214  -0.023099852447   0.004817502255
  0.015429137429  -0.014817325053  -0.007444581808
  0.021913276761   0.008444225228  -0.021104354070
  0.007346207079  -0.001013468300  -0.019808122680
  0.038328466200   0.003259682390  -0.010384284181
  0.097961883496   0.023472013787   0.053201067924
  0.118357159035   0.026449224093  -0.032168506076
  0.015277105788  -0.020067882338   0.010632040496
  0.022259531072  -0.020678307315   0.020035124790
 -0.004714402886  -0.032799315669   0.051607730532
  0.043611045663   0.150922812680  -0.112906281927
 -0.003938730564  -0.036807772249   0.054093117196
  0.043159560359   0.155937560821  -0.132708849173
 -2.980172893945  -0.514275791742  -0.617956388094
  0.053069215494   0.030897544006   0.048228785240
   53    2  0.0000  1.0000  0.0000
 -0.012989644807  -0.006550111434  -0.026873242614
  0.002346578243  -0.030559172755   0.013418887013
 -0.000990303898   0.021506242944  -0.010655550118
 -0.001196955530  -0.035167724489  -0.013567097611
 -0.023020076839   0.003376655804  -0.028166854589
  0.012650104123  -0.016230029932  -0.004793748464
 -0.175053550210  -0.085457438517  -0.084033831002
  0.305767159851  -0.218560807969  -0.291302994073
  0.033468514654   0.003002695479  -0.000756380479
 -0.082945316765   0.104192527167  -0.131720033917
 -0.085389159616   0.030226752577   0.092147983719
 -0.015084570159   0.055142347438   0.027197472496
 -0.091516880416   0.191977938482   0.061716184041
  0.886888810481   0.936358514557   0.554992546152
 -0.011855029459  -0.051699654644  -0.034026655904
 -0.009152651394  -0.029715049540  -0.016707519382
 -0.190409091694   0.094964505243   0.013454747238
  0.023976962006  -0.003941222171   0.000279635694
  0.006085708519  -0.006119728148  -0.000768210316
 -0.006929686738   0.005291222934  -0.007665703229
  0.004564616203  -0.059791708930  -0.008724820391
  0.015652959600  -0.016368989493   0.024481983312
  0.002781271336   0.029681253157   0.007708104975
  0.028424478910   0.038175801338   0.017411548910
 -0.000703389956   0.011223277649  -0.000622444778
 -0.136293434111   2.298127860313  -1.065388180147
 -0.033367764166  -0.005736933841   0.022762330869
 -0.024885337811  -0.096458339781  -0.000441841490
 -0.013259125923  -0.138777187254  -0.056013797864
  0.073859467152  -0.142641317114  -0.003593230494
 -0.034117669755  -0.120367307633   0.125423011513
 -0.112122361473   0.154792007625   0.211742825798
 -0.051235169127   0.042566204258   0.020856848542
 -0.047313165387  -0.008608902195  -0.032522869329
  0.129587707430  -0.135771866529  -0.094706150310
 -0.011622038110  -0.137057167289   0.041580450697
  0.023272413483  -0.000412206446   0.027191024988
  0.026052636006   0.045980521157  -0.051013759788
 -0.000603584123   0.039822489451  -0.006696929733
  0.003199263418   0.046125831453  -0.010596678921
 -0.020039578558  -0.015837226537  -0.016059871699
 -0.020811582415   0.037328999116   0.017499345352
  0.014378053393   0.039924554648  -0.002669948506
 -0.023627951365   0.046471626721  -0.014530433115
  0.020084349284   0.000181917578   0.033069230091
 -0.125788211014   0.046019287753   0.087772518591
 -0.015550916200  -0.015946475324   0.028347137614
  0.008738686577   0.037610946840  -0.014940490084
 -0.036181048852   0.103801658852   0.013292648179
  0.155966124604   0.222319382857   0.078839024457
 -0.032456256060   0.103959162660  -0.050553888046
  0.150487138007   0.221636895696   0.038080238579
 -0.512798397605  -3.590681178699   0.521624289233
  0.031076896254  -0.043331335081  -0.000776861662
   53    3  0.0000  0.0000  1.0000
 -0.026210517672  -0.007062518428  -0.033388958455
  0.012959249083   0.009945953913  -0.016162016912
 -0.019374491387   0.007029305323  -0.077282401157
  0.026517489807  -0.022939327713  -0.075891934311
 -0.004680009756  -0.003209711076   0.020836025851
 -0.000647210298  -0.001217268887   0.004489711628
  0.103522731822   0.016976128201   0.072793395288
 -0.294420325877   0.054673856469   0.412280556934
 -0.010560830966  -0.011746327309   0.004701009873
 -0.005209833294  -0.100787756112   0.018887587567
 -0.058107366301  -0.012135077682   0.109103955787
 -0.116214112661   0.068975122791  -0.028464774086
  0.060320043033  -0.067052895070   0.028741796704
  1.036595478866   0.369608346236   1.148154592428
  0.024462047681   0.001108172744   0.028915021788
 -0.029556398314  -0.035393323321   0.049620492407
  0.049020946989  -0.153205981894   0.235125192567
 -0.003441330827  -0.000141890356   0.000750382084
  0.018752899602  -0.006444990606   0.012980107047
 -0.002128180064  -0.001647648089   0.011217539930
 -0.027452606585  -0.002861129667  -0.019501834509
 -0.012605322448   0.019419676639  -0.006984284775
 -0.011497744782   0.039813177903  -0.052042149470
 -0.026939130607  -0.016810614954  -0.012549873704
  0.000416614296   0.003280200067  -0.009514976452
  0.127747403993  -1.066806978118   1.368180521193
  0.023406315426  -0.007813614507   0.014646422877
  0.001970427371   0.031362972251   0.087664350743
  0.185027989957   0.006487591761   0.191951229060
 -0.034139661095  -0.059459496165   0.168639955467
 -0.078398744741   0.111049182992   0.064900235808
 -0.234318724373   0.227486993653   0.463748560649
  0.010848406311  -0.023185624111   0.009674927978
  0.081230247969   0.013677249441   0.004826458106
 -0.066850033589   0.041557268124   0.068593475549
  0.028022936640  -0.095430960392   0.058545593278
  0.053304631020   0.032805659907   0.025390169456
 -0.032237369496   0.087465614397   0.130556726794
 -0.019428701858  -0.002587756372   0.038413586317
 -0.010204886665  -0.013646642134   0.020291545698
  0.010398433685   0.028643306231  -0.024097145233
  0.020163791227  -0.015096764643   0.030638420291
 -0.011700208032  -0.006232884625   0.038686902804
  0.006026474289  -0.010193000607   0.020532665050
  0.061758829775   0.026975962147   0.025063696461
 -0.073189703997  -0.051878459022   0.131521350998
 -0.007271994039  -0.016469734898  -0.023496324349
 -0.021199063784   0.017012145323   0.031709979458
  0.053307754980  -0.050225139662  -0.084618396994
 -0.131941566223   0.037629930821  -0.250952938315
  0.052589232665   0.012745522358  -0.084395470993
 -0.114404345800   0.079452422148  -0.254584953843
 -0.613391765029   0.518038872503  -4.064706686593
  0.049351804075  -0.001537117922  -0.034139021767
   54    1  1.0000  0.0000  0.0000
 -0.025909229701  -0.003209605472   0.032775197439
  0.024043682467   0.002245650686   0.009410339056
 -0.079375594352   0.028893603289   0.013853992713
  0.044112642861   0.029839024786  -0.010341194916
 -0.005508004462   0.007884332618  -0.001555249999
 -0.004178659416   0.029309445886  -0.017487389023
  0.016669214282   0.081018289886  -0.072889557323
 -0.049733515684  -0.064271335942   0.007266945710
 -0.046309253022  -0.074817443984   0.031212438365
 -0.013216209308  -0.005017367068  -0.000703696640
 -0.018186648462  -0.120951647527  -0.075983254567
 -0.099297905381  -0.041597241061   0.039226200827
  1.818729993431   0.577058222851   0.806684208597
 -0.098681405032  -0.081340443055  -0.116421223367
 -0.020201920439  -0.031766178247   0.036541362417
 -0.024750245011  -0.025772118775   0.001915257691
  0.000483143884  -0.005904066152  -0.011370898590
  0.052690700834  -0.162568161180   0.032591702681
 -0.007783494869   0.005399050907  -0.010673851297
 -0.036381996711  -0.003689133196  -0.005688430744
 -0.011559545806  -0.004170226737   0.028319133092
 -0.047009137856  -0.015032100670   0.011632800178
 -0.001562001755   0.008875636494   0.009034739176
 -0.007840276119  -0.041996553037   0.030475022476
  0.553587652626   0.136704725459  -0.126035973623
  0.006811055059   0.000175834976  -0.000584185556
  0.001577666307   0.052231532535  -0.043219742188
 -0.019583233787   0.005279447869   0.021010514710
  0.192050153464   0.009493048700  -0.199201876490
  0.180832480447  -0.065506716988   0.052309601886
 -0.375769901548   0.125181751724   0.228891407792
  0.277204926745   0.022586283700   0.080939486784
  0.017874290100  -0.001330769159  -0.010501484753
 -0.000345167428   0.099549986106  -0.077532915454
  0.026325301352  -0.134576122197   0.075927497087
  0.030846172989   0.017019295447  -0.036273801822
  0.117997786971  -0.125245236373  -0.071259600185
  0.097416132620   0.020146708401   0.061659496431
  0.038382376610  -0.023098850753   0.004817233116
  0.007571849937   0.014048236697  -0.012102976446
  0.021913368938   0.008441681112  -0.021106293515
  0.015427448403  -0.014820290145  -0.007440100611
  0.038330350314   0.003259033576  -0.010377693538
  0.007338721109  -0.001011638345  -0.019805236910
  0.118361417242   0.026445869886  -0.032166275869
  0.097953165504   0.023474288084   0.053209843629
  0.022256071201  -0.020679854952   0.020032371741
  0.015273567795  -0.020072257416   0.010632126686
  0.043614894414   0.150919376854  -0.112902778396
 -0.004706385059  -0.032793690412   0.051609552516
  0.043161051172   0.155934031182  -0.132714770405
 -0.003946091041  -0.036803003982   0.054080934707
  0.053072437359   0.030899099111   0.048222945049
 -2.980073894189  -0.514271435999  -0.617941900326
   54    2  0.0000  1.0000  0.0000
  0.002344189078  -0.030552448502   0.013428462893
 -0.012986528041  -0.006550952570  -0.026881550800
 -0.001196605713  -0.035169532144  -0.013562982616
 -0.000985337724   0.021515495795  -0.010653572265
  0.012650635029  -0.016225299339  -0.004789284051
 -0.023027647612   0.003375262391  -0.028157582661
  0.305770006857  -0.218535196798  -0.291287273736
 -0.175052085527  -0.085443085946  -0.084024231618
 -0.082941043888   0.104181417405  -0.131715637064
  0.033464708904   0.003003061544  -0.000751125961
 -0.015085713082   0.055155576031   0.027216468908
 -0.085388963963   0.030234536416   0.092150422554
  0.886868883182   0.936381766673   0.554948316129
 -0.091519508212   0.191979109205   0.061704820004
 -0.009154693264  -0.029711273588  -0.016707988002
 -0.011859384925  -0.051698358888  -0.034032586647
  0.023980031009  -0.003933593845   0.000280115398
 -0.190405353975   0.094942980896   0.013453819378
 -0.006927856340   0.005301801358  -0.007669328563
  0.006089607350  -0.006117205387  -0.000766030265
  0.015653040942  -0.016371287022   0.024479794591
  0.004561342375  -0.059810877595  -0.008724131092
  0.028423082503   0.038160047703   0.017410078539
  0.002781994857   0.029695682407   0.007721794974
 -0.136306725421   2.298073654840  -1.065417043994
 -0.000701445494   0.011234002950  -0.000630722358
 -0.024886433900  -0.096466392291  -0.000446788581
 -0.033361753894  -0.005740846124   0.022768990273
  0.073853251551  -0.142650160057  -0.003576365050
 -0.013266635494  -0.138802819567  -0.055996302791
 -0.112119043644   0.154803882330   0.211748835239
 -0.034138552564  -0.120376357109   0.125412196991
 -0.047310660519  -0.008603594832  -0.032528823287
 -0.051240282220   0.042571514211   0.020860870259
 -0.011614301122  -0.137047522669   0.041583096882
  0.129586583639  -0.135763636058  -0.094707010506
  0.026062962535   0.045988141330  -0.051008226693
  0.023272921638  -0.000412818185   0.027194406064
  0.003200730664   0.046123226693  -0.010596792588
 -0.000604605011   0.039823573952  -0.006692029131
 -0.020805972571   0.037331745025   0.017501047776
 -0.020031433376  -0.015833927547  -0.016053615216
 -0.023626777200   0.046483278084  -0.014532914456
  0.014379505938   0.039923517069  -0.002670496583
 -0.125800144135   0.046026148570   0.087766063831
  0.020081801467   0.000184619607   0.033073656984
  0.008743253993   0.037611363662  -0.014931555699
 -0.015546314051  -0.015955479925   0.028351144358
  0.155978801862   0.222322857420   0.078839420605
 -0.036183803286   0.103810872559   0.013291891006
  0.150485283318   0.221639377992   0.038075107767
 -0.032452522085   0.103952331815  -0.050552743873
  0.031075847694  -0.043325935000  -0.000775927460
 -0.512780338130  -3.590732244942   0.521579842206
   54    3  0.0000  0.0000  1.0000
  0.012961160104   0.009946087502  -0.016163903235
 -0.026217702832  -0.007060377430  -0.033388255275
  0.026520932091  -0.022944650314  -0.075890186560
 -0.019376127462   0.007036290319  -0.077284164753
 -0.000643610351  -0.001209749619   0.004491470912
 -0.004682402617  -0.003207570946   0.020836414540
 -0.294428113603   0.054646989662   0.412277904709
  0.103524312116   0.016966545778   0.072794445283
 -0.005208925177  -0.100760737060   0.018911049195
 -0.010555482558  -0.011755852791   0.004700245439
 -0.116214625992   0.068984765927  -0.028465205186
 -0.058107388630  -0.012133930651   0.109109308387
  1.036578380485   0.369613221560   1.148128039272
  0.060325868047  -0.067039962739   0.028735011423
 -0.029548072322  -0.035398055300   0.049619229798
  0.024460890367   0.001112640758   0.028916943461
 -0.003440301178  -0.000147847604   0.000747333529
  0.049019771099  -0.153181708428   0.235133371305
 -0.002127904757  -0.001652319232   0.011206273208
  0.018749904519  -0.006449664476   0.012974392356
 -0.012600066114   0.019418245790  -0.006989742007
 -0.027448450548  -0.002862734182  -0.019514024338
 -0.026933928459  -0.016804040627  -0.012550467828
 -0.011500566191   0.039794819791  -0.052040548009
  0.127760659968  -1.066765019089   1.368118070888
  0.000413399124   0.003282789807  -0.009519480984
  0.001978684641   0.031375256708   0.087661202211
  0.023408817005  -0.007812869192   0.014641701344
 -0.034133265811  -0.059470277700   0.168640187315
  0.185035745070   0.006489307284   0.191951802490
 -0.234319308163   0.227488282478   0.463755913542
 -0.078396900063   0.111024158312   0.064893666377
  0.081228535377   0.013680674520   0.004821839790
  0.010852486530  -0.023187470547   0.009668213911
  0.028024891490  -0.095430009121   0.058540588193
 -0.066844613547   0.041558464004   0.068592515299
 -0.032230867489   0.087459036532   0.130568700283
  0.053306943660   0.032809627060   0.025387077772
 -0.010199204572  -0.013644241744   0.020290560900
 -0.019432264188  -0.002586062342   0.038417480173
  0.020165281335  -0.015097059639   0.030634380922
  0.010400174385   0.028642824898  -0.024105797178
  0.006025189371  -0.010195568168   0.020532710095
 -0.011700189980  -0.006237346624   0.038692261202
 -0.073190565640  -0.051873164280   0.131522210198
  0.061752832078   0.026970307546   0.025056715794
 -0.021203861821   0.017014043228   0.031711783892
 -0.007268867987  -0.016471555186  -0.023491304639
 -0.131938890425   0.037626481530  -0.250944511394
  0.053304452371  -0.050221859238  -0.084616347827
 -0.114402775007   0.079437373572  -0.254578559716
  0.052584093062   0.012740928177  -0.084390794689
  0.049349903613  -0.001541311982  -0.034136762584
 -0.613438064422   0.518023853511  -4.064610959206
