  54   54
1 1
     3.969810817845417     0.000945654332414     0.003294166481781
     0.000945654332414     2.662320679515575     0.496277563187260
     0.003294166481781     0.496277563187260     3.969153161350347
1 2
    -0.616806485446984     0.001022010671401    -0.001203010436185
     0.001025289425649     0.005144313206331    -0.031795813301225
    -0.001207876358095    -0.031791438148263    -0.081894619576053
1 3
    -0.031935400520311     0.090732752258128    -0.018472355249184
     0.056731846201174    -0.049373402781147    -0.020188699563099
    -0.037144202854790    -0.085707330439926     0.098023010120059
1 4
    -0.028488724977462    -0.051109586690833     0.026012268319159
    -0.096985816936948    -0.049737344502723    -0.087824768728972
     0.027313040973978    -0.021638629431491     0.090701630197499
1 5
    -0.031939702580026     0.056727460606320    -0.037150718595716
     0.090728559838285    -0.049381432596488    -0.085701070525366
    -0.018469019064527    -0.020181092644405     0.098019663493509
1 6
    -0.028494854368366    -0.096985890030195     0.027311761842146
    -0.051110197541545    -0.049731335193583    -0.021641568824232
     0.026013448253013    -0.087822779548448     0.090698586385832
1 7
     0.022211325468146    -0.011486368914075    -0.018913107532071
    -0.000451909445035    -0.029052863883204     0.006621287576326
     0.033692823239364    -0.005524340663320     0.038313914095757
1 8
    -0.014921187687978     0.002529809508087    -0.025061701076319
     0.008414374579250    -0.034384436768880    -0.032336886066410
     0.009685272979595    -0.019450765798405    -0.040983603195921
1 9
    -0.059657774122610     0.026297123146858    -0.053089265091981
     0.024860861715763    -0.032488909579477    -0.017944313965852
    -0.002521283702852    -0.012926138821053    -0.097355726200094
1 10
    -0.042628133394093     0.027818177966087    -0.036554157613728
    -0.079834585591086    -0.130167274595320     0.026122216226353
     0.094538174681029     0.021435858320821    -0.142456379659013
1 11
    -0.025216152329394    -0.030096953936319     0.000584740759666
    -0.011556501885125    -0.025616275208521     0.016058325445258
    -0.009069655543774    -0.020999648261176     0.000422191818948
1 12
    -0.025249571606375     0.023980756363586     0.001789390572976
     0.017502851634275    -0.021043749594196    -0.030453173878384
     0.006406273346687     0.006089868340766    -0.007247712370895
1 13
     0.022223766983072    -0.000451622292991     0.033692489098804
    -0.011487512301305    -0.029034574908471    -0.005532407025285
    -0.018913138857748     0.006616077071963     0.038330255657537
1 14
    -0.014910192375164     0.008413278180536     0.009684813536324
     0.002528509492470    -0.034372976791849    -0.019449669399692
    -0.025066426032680    -0.032344341577663    -0.040975500287333
1 15
    -0.025199993500734    -0.011557321573687    -0.009074495360953
    -0.030102681314361    -0.025601468604940    -0.020994181930447
     0.000585101004958     0.016060053578469     0.000431714824918
1 16
    -0.025229752894390     0.017502611470747     0.006404597422939
     0.023980912991974    -0.021036998910688     0.006088557883256
     0.001786994158644    -0.030452103584401    -0.007235171657990
1 17
    -0.059648010953113     0.024859191012962    -0.002518359972949
     0.026297352868493    -0.032474374465102    -0.012924384583112
    -0.053089761081876    -0.017946454553817    -0.097337849680115
1 18
    -0.042622280713340    -0.079830340961780     0.094536561408636
     0.027812654204949    -0.130144271106119     0.021435957518800
    -0.036553118645423     0.026124466454189    -0.142438889489057
1 19
    -1.815746207267111     0.888255348479642     1.029495571359798
     0.573967159555911    -0.934022701112545    -0.364071660486621
     0.803231497334965    -0.546152944288032    -1.144953169241842
1 20
     0.097392069206978    -0.094498855734779     0.066316856128879
    -0.079988415551557    -0.191947687069447     0.073646307634350
    -0.124629944217716    -0.056543208192018    -0.029222732590572
1 21
     0.055136951539054    -0.013045489652453     0.010246681330446
    -0.043348039231367     0.034077873246652     0.055298884408113
     0.041094637059936     0.048885510574519    -0.061835806713897
1 22
    -0.010300457076877    -0.007920572261461    -0.016860445523217
    -0.013483109367587     0.047444518966118    -0.029267256820239
     0.002967330025242     0.006985250181687    -0.016999735148367
1 23
    -0.053128610142963    -0.197350943547210     0.052193016573983
    -0.157172384159151    -0.094757329121048     0.154667254064013
     0.028581433320120    -0.016691976029445    -0.245621202152146
1 24
    -0.000476239054585     0.031501790491902    -0.006715901564367
    -0.011228031272408     0.003904573413239     0.001272443800437
    -0.003791440728829     0.001018789347561    -0.000862824020071
1 25
     0.018374942833950     0.014336911592529    -0.003977609230406
     0.007521791165523    -0.001261124788955    -0.001195899507385
     0.021748352837996     0.007503460423220     0.017754266301207
1 26
    -0.017245594728483    -0.023962979041587    -0.014094304661929
    -0.007866759968406     0.036779305700049    -0.001203553414596
     0.015521747914798     0.005236958897634     0.041814877037771
1 27
    -0.035422715908813    -0.010260777885335    -0.023849209401734
     0.003542140545130     0.028662848756028     0.004817356668028
     0.003590340320961    -0.001466135685568     0.061316228584445
1 28
     0.070552223475918     0.009021977862569     0.023318635959468
     0.056180221903607    -0.014028792228316     0.013430503113117
    -0.006554407254793     0.031986962585530     0.109663678879768
1 29
     0.016764406216848    -0.012834688726443     0.005604910305935
     0.016648005220082    -0.006634282511555    -0.009521319604334
    -0.002460976552655     0.021856499518731    -0.000905536581387
1 30
    -0.008885356140956     0.000818962850579    -0.013718067611922
     0.020142974515794     0.019242408275242     0.012864442899153
    -0.020272151168047     0.010548253628054    -0.013577472750208
1 31
    -0.012421121910708     0.300367611248452    -0.292007712022432
     0.077845681777904     0.220692217529642    -0.052517357418211
    -0.073041742941752     0.290849967190282    -0.412253998356615
1 32
     0.044880522701949    -0.169581466567794     0.103041884871656
    -0.060229827982876     0.081648096935762    -0.023969635748062
     0.011189829608657     0.082648404133579    -0.073955199698609
1 33
     0.011834700006348    -0.002109815707512     0.009608143940563
     0.001168995971331    -0.003896522714113     0.000851311833578
     0.008614921566815    -0.002756168853939     0.001148576850526
1 34
     0.047394857325336    -0.047566146130085    -0.028466071291660
    -0.082160710322909    -0.103816020677686     0.110261837471311
     0.024400233290482     0.137860537298711    -0.026058567670553
1 35
     0.105368411616341    -0.082659629168028    -0.070871531327956
     0.005382069877859    -0.049412257063180    -0.039171877414865
     0.032396451842239    -0.088451934897910    -0.068174562783608
1 36
     0.013261918758528    -0.016196915463609    -0.104962624010527
    -0.167020472347723    -0.034334378336183    -0.016259666016654
    -0.061280825347887    -0.020795451832179    -0.009906797729214
1 37
    -0.052928146690538     0.190803459267152    -0.050326622264685
     0.162757073740238    -0.095883951892570     0.152250582461282
    -0.034208287263167    -0.019246736439688    -0.234491585716653
1 38
    -0.000707312914906    -0.024230641293266     0.003029224343100
     0.005881651783152     0.003876583920363     0.000001889982544
     0.010705879216453     0.002482194478238    -0.002840591554890
1 39
     0.024503649793910     0.011387411098749    -0.024517699360284
     0.025748088438633     0.051645694336129    -0.002136740127352
    -0.004481670707587     0.036504647380387    -0.028688133798743
1 40
     0.020517702712334     0.009175332716931     0.029805546821070
     0.031766654316388     0.029813618403981     0.035339342618059
    -0.038520256333666     0.019292701650521    -0.051390478820323
1 41
     0.099515187885550     0.091126359396328    -0.060137704386198
     0.080958488249608    -0.191410697084233     0.066445093010806
     0.121409868184247    -0.059623253225969    -0.035084080113737
1 42
    -1.818841580999268    -0.887398700838991    -1.037735096448953
    -0.577406191633442    -0.935945768793446    -0.369338232591416
    -0.803765730660556    -0.546316370347720    -1.148292340280345
1 43
     0.099239746423950     0.085807186258008     0.057670702861564
     0.041550890332255    -0.030334057989565     0.012614302143107
    -0.042990226900694    -0.090925342523600    -0.109425175612926
1 44
     0.018146192294712     0.015045707256171     0.115951530723489
     0.120996614625288    -0.055201769586815    -0.069164584717301
     0.071541310860232    -0.022772175177747     0.028830091327430
1 45
     0.013367162593145    -0.033528394757995     0.010567534582575
     0.005158832657867    -0.003119797318740     0.011509680439106
    -0.000964658576784     0.000985704211140    -0.004761737927569
1 46
     0.046650903809609     0.083034409574030     0.004139907565704
     0.075073077385152    -0.104346813399694     0.101421438898561
    -0.032301080816990     0.133161419400530    -0.019704101773559
1 47
     0.049700886635021     0.174992173335864    -0.103621770151305
     0.064353675917898     0.085445625287925    -0.017183460247097
    -0.009560899597897     0.082704591957180    -0.072723333092470
1 48
    -0.016335129573830    -0.305374300311489     0.294412599949465
    -0.081165728490273     0.218638302493686    -0.055242331118274
     0.073090464812208     0.292468283017304    -0.415651847610083
1 49
     0.004200809903774     0.023321434386661     0.004678369857762
    -0.029544687462362    -0.003302608751876     0.003353220604876
     0.019136177681782     0.028404542440039    -0.018351751390683
1 50
     0.005330941151179    -0.012921774109984     0.001166818836742
    -0.007509887408060     0.016378714033171     0.001162354927694
     0.004599048021302     0.004675315604202    -0.001750478860534
1 51
    -0.043921121618044     0.000820335959444     0.019693362287112
    -0.030072321511886    -0.021261165459113    -0.006679522010859
     0.012128487873089     0.011314657212679     0.080174589274081
1 52
     0.079677941540583     0.001342112107270    -0.026147532594746
    -0.028968576926856     0.035412608156862     0.023215694562149
    -0.010833985574723     0.014809146181336     0.079975373627811
1 53
    -0.023970883554217     0.013189613873836     0.026474802389824
    -0.002036800774130     0.006717812430697     0.007065182868858
    -0.007300830278099     0.027503057312946     0.036720799776310
1 54
     0.025503471443725    -0.002263781412586    -0.013148665992354
     0.003203405552075     0.030333441917907    -0.009581203857885
    -0.030197472814576    -0.014309532950365     0.020117344890626
2 1
    -0.616806485446984     0.001025289425649    -0.001207876358095
     0.001022010671401     0.005144313206331    -0.031791438148263
    -0.001203010436185    -0.031795813301225    -0.081894619576053
2 2
     3.969889419191293     0.001009135817935     0.003291775288396
     0.001009135817935     2.662494970364421     0.496288140824374
     0.003291775288396     0.496288140824374     3.969110020671438
2 3
    -0.028489842259961    -0.051111816034884     0.026010085963625
    -0.096986187624132    -0.049744627722749    -0.087821818894337
     0.027310446163689    -0.021631189583077     0.090701473569111
2 4
    -0.031934711355405     0.090728706024780    -0.018472642401228
     0.056731308443710    -0.049382659518858    -0.020184736864891
    -0.037143628550702    -0.085708651339329     0.098021626569301
2 5
    -0.028491533846548    -0.096986281601164     0.027306864594558
    -0.051113340551191    -0.049742617658441    -0.021633053460890
     0.026011814096835    -0.087826648269624     0.090702486432685
2 6
    -0.031934194481726     0.056729862241597    -0.037150504536920
     0.090731514893865    -0.049378686378757    -0.085701973749068
    -0.018474208685105    -0.020180983004534     0.098018556652903
2 7
    -0.014922284086692     0.002528739214105    -0.025064269781876
     0.008411962502080    -0.034389417551608    -0.032341600580879
     0.009682954879458    -0.019449993098359    -0.040980914408600
2 8
     0.022212776891205    -0.011489522365614    -0.018916448937674
    -0.000446531870391    -0.029052989185914     0.006624707296123
     0.033691627642672    -0.005530631903558     0.038320121800855
2 9
    -0.042629762329324     0.027805454520063    -0.036558955663337
    -0.079822968985668    -0.130165718753336     0.026123511021025
     0.094538143355351     0.021437544686461    -0.142456129053592
2 10
    -0.059661073760644     0.026296538400877    -0.053086806026295
     0.024858909081864    -0.032488554555132    -0.017947007974120
    -0.002520354374419    -0.012927898279941    -0.097356462353516
2 11
    -0.025247822589380     0.023982656788023     0.001791103043347
     0.017501718688937    -0.021044104618542    -0.030450401555922
     0.006404592201992     0.006089085198828    -0.007246516774203
2 12
    -0.025217603752453    -0.030097267193094     0.000589523146436
    -0.011555588219530    -0.025617862376182     0.016057004545855
    -0.009072944739915    -0.020995748214323     0.000421022326987
2 13
    -0.014910933749532     0.008413748065699     0.009682176958465
     0.002529188215483    -0.034373342258087    -0.019452410396476
    -0.025070801185642    -0.032338165198243    -0.040973505885863
2 14
     0.022226909992718    -0.000451721490969     0.033691309164950
    -0.011487334789133    -0.029041633627809    -0.005522388029421
    -0.018911499480624     0.006616975074719     0.038324684907882
2 15
    -0.025232864578358     0.017504861698583     0.006405526751372
     0.023977608132994    -0.021028212058140     0.006080157380731
     0.001789923109494    -0.030449764600479    -0.007237416664880
2 16
    -0.025199471406108    -0.011549453607680    -0.009068809750480
    -0.030098953558735    -0.025603379471270    -0.020992605204678
     0.000587805455118     0.016057484872911     0.000429438492351
2 17
    -0.042625763084493    -0.079829824088101     0.094537939738447
     0.027811850179226    -0.130147790023895     0.021441397744798
    -0.036556773307802     0.026121735899298    -0.142441087507430
2 18
    -0.059649055142364     0.024857447216912    -0.002522891754299
     0.026291233919482    -0.032473533892755    -0.012931260569330
    -0.053086111640443    -0.017947634487671    -0.097345195551497
2 19
     0.097393703363156    -0.094439049795423     0.066315947684231
    -0.079990159347607    -0.191875387405701     0.073643775475417
    -0.124633014134115    -0.056507423826383    -0.029219432952539
2 20
    -1.815745679951539     0.888350301829190     1.029495613127368
     0.573980441643185    -0.934012922280209    -0.364094314172424
     0.803217933316594    -0.546238771423525    -1.144921196166974
2 21
    -0.010301156683675    -0.007918818023520    -0.016857140664237
    -0.013486299365749     0.047441563910537    -0.029264228671411
     0.002963325559464     0.006984879494503    -0.017000946407898
2 22
     0.055137322226238    -0.013046063956542     0.010254178609268
    -0.043353844923603     0.034073080417989     0.055297020530300
     0.041097122230354     0.048885369608971    -0.061827719468147
2 23
    -0.000478139479022     0.031502077643946    -0.006713071811497
    -0.011229957801577     0.003903644084805     0.001277690851423
    -0.003789764805081     0.001019734338833    -0.000867418452776
2 24
    -0.053129847507225    -0.197345743484740     0.052179697940085
    -0.157181651338754    -0.094752833886322     0.154654394873386
     0.028577126039460    -0.016695923064815    -0.245624439138825
2 25
    -0.017249463449658    -0.023965725259317    -0.014098643268268
    -0.007871129900422     0.036775332559948    -0.001207505670911
     0.015517795658483     0.005230375284406     0.041818797968409
2 26
     0.018371408253335     0.014333142069332    -0.003974487104546
     0.007512633625790    -0.001261030811922    -0.001196828835819
     0.021752978596378     0.007505898605121     0.017756151062805
2 27
     0.070545253512667     0.009022755783561     0.023321251653542
     0.056175408191159    -0.014026792605900     0.013434053356570
    -0.006550830906608     0.031991598785805     0.109661585280320
2 28
    -0.035427863761821    -0.010269183608807    -0.023854952442615
     0.003540798761943     0.028648083920018     0.004821768367614
     0.003595566488162    -0.001458184184421     0.061318071578473
2 29
    -0.008886781459284     0.000818085731608    -0.013722844777745
     0.020142917085385     0.019230238249520     0.012862203113209
    -0.020272547959962     0.010543064007476    -0.013576371130548
2 30
     0.016761884499806    -0.012837946596906     0.005605035608645
     0.016646501587560    -0.006635566864334    -0.009520708753623
    -0.002459660874199     0.021858875049278    -0.000903056631916
2 31
     0.044875615012469    -0.169579232002796     0.103039086444463
    -0.060234083054074     0.081653056834705    -0.023975154288254
     0.011194392715684     0.082651098141846    -0.073955152710093
2 32
    -0.012418072878095     0.300377473615929    -0.292016812131755
     0.077847164526641     0.220692060901254    -0.052511896308428
    -0.073046170304177     0.290833380244028    -0.412262127369935
2 33
     0.047381235876555    -0.047590240797054    -0.028480533312787
    -0.082167267831406    -0.103865577899543     0.110267596175031
     0.024406634170591     0.137853123555028    -0.026046669134037
2 34
     0.011835472706393    -0.002110489209579     0.009603711357192
     0.001174947850062    -0.003898005462849     0.000855008263527
     0.008611914301772    -0.002757615056052     0.001145078816534
2 35
     0.013256050414936    -0.016197985757592    -0.104973467915899
    -0.166999296189710    -0.034336978367418    -0.016260125459924
    -0.061281770339159    -0.020795691995706    -0.009905424620349
2 36
     0.105369487131269    -0.082667189098206    -0.070876157086339
     0.005381944575149    -0.049425439952475    -0.039178335725383
     0.032402320185830    -0.088462804908014    -0.068170955109745
2 37
    -0.000705141001264    -0.024234959015819     0.003023251580584
     0.005881077479064     0.003872365395789     0.000004328164446
     0.010704480002856     0.002479505690916    -0.002836952555350
2 38
    -0.052929112565595     0.190802159251534    -0.050311565055684
     0.162765254963020    -0.095900794665190     0.152277345031787
    -0.034207947901660    -0.019238905020305    -0.234496822325748
2 39
     0.020514084596579     0.009174690540541     0.029803714268934
     0.031761234974175     0.029809885427408     0.035337765892290
    -0.038518590851810     0.019295426984466    -0.051391392485918
2 40
     0.024501138518762     0.011387291016985    -0.024519192550913
     0.025751863182775     0.051650017279629    -0.002135231273884
    -0.004484176761790     0.036502172651862    -0.028682495176788
2 41
    -1.818846154548188    -0.887292532896886    -1.037733973945508
    -0.577395258971983    -0.935912041480636    -0.369371839822463
    -0.803756515690415    -0.546234975795598    -1.148283563869689
2 42
     0.099511413141407     0.091191976248866    -0.060133616385280
     0.080964163418188    -0.191509665341452     0.066447990635978
     0.121404913506251    -0.059652260803365    -0.035081453977770
2 43
     0.018139384180795     0.015052776417401     0.115947609792851
     0.120994829061669    -0.055210248403534    -0.069168072309400
     0.071542219304880    -0.022765335738152     0.028825329824445
2 44
     0.099239193003647     0.085805776602520     0.057674916165192
     0.041547371414479    -0.030341664908259     0.012616902174342
    -0.042993944214428    -0.090924898743168    -0.109428971240854
2 45
     0.046652428325915     0.083029021557495     0.004171363766893
     0.075083947395256    -0.104349763234329     0.101436590084595
    -0.032289083082495     0.133139413112063    -0.019714804713383
2 46
     0.013365742495764    -0.033529376295891     0.010564083537100
     0.005163870871004    -0.003103560175886     0.011507832224132
    -0.000960883832641     0.001003685150044    -0.004763497386457
2 47
    -0.016328018645030    -0.305382011649108     0.294399323083137
    -0.081152263669880     0.218636271545593    -0.055256652173853
     0.073096860471371     0.292465756079317    -0.415647587317939
2 48
     0.049702254522940     0.174991108262828    -0.103623555714924
     0.064347755364844     0.085441458972813    -0.017186357872268
    -0.009564402852835     0.082705145377483    -0.072722795335006
2 49
     0.005330612231565    -0.012916730675901     0.001166923255667
    -0.007515656553672     0.016377199958757     0.001160809527602
     0.004604028804030     0.004675764605580    -0.001749100530722
2 50
     0.004208766625867     0.023325099490932     0.004678928499011
    -0.029554137375084    -0.003305125247971     0.003361944806069
     0.019138835143426     0.028405409117117    -0.018353610047550
2 51
     0.079679800197450     0.001343532204651    -0.026146592824420
    -0.028969542801913     0.035411334245976     0.023217683742672
    -0.010830936542110     0.014814252266774     0.079978772463823
2 52
    -0.043928937374589     0.000823578167069     0.019691373106588
    -0.030069502200908    -0.021265185587729    -0.006677600702637
     0.012126764960825     0.011317612268260     0.080180645571737
2 53
     0.025505690345884    -0.002267357760771    -0.013146139054366
     0.003203718808851     0.030335525075463    -0.009580123122010
    -0.030193196859592    -0.014303993526388     0.020113831193796
2 54
    -0.023973405271259     0.013188976918392     0.026473653781648
    -0.002033626438806     0.006721874326883     0.007066065208775
    -0.007298418200929     0.027500368525624     0.036720528287105
3 1
    -0.031935400520311     0.056731846201174    -0.037144202854790
     0.090732752258128    -0.049373402781147    -0.085707330439926
    -0.018472355249184    -0.020188699563099     0.098023010120059
3 2
    -0.028489842259961    -0.096986187624132     0.027310446163689
    -0.051111816034884    -0.049744627722749    -0.021631189583077
     0.026010085963625    -0.087821818894337     0.090701473569111
3 3
     3.969583722346143     0.001327378596937     0.003342538548837
     0.001327378596937     2.662860671544885     0.496295836499155
     0.003342538548837     0.496295836499155     3.969162757449564
3 4
    -0.616806626412533     0.001020752423353    -0.001201919258418
     0.001014805765568     0.005142658166368    -0.031794690797780
    -0.001199679472474    -0.031792947001731    -0.081892520755658
3 5
    -0.031934549506071     0.090727839347701    -0.018473931974953
     0.056729595973338    -0.049382252285050    -0.020182784230992
    -0.037143038583775    -0.085705920784437     0.098027150330440
3 6
    -0.028487931393631    -0.051117292807506     0.026014602082136
    -0.096991063987934    -0.049738132865608    -0.087818456604949
     0.027308832891296    -0.021635648271179     0.090699959494697
3 7
    -0.025209981170920    -0.030092719748906     0.000588155258517
    -0.011554684995828    -0.025611372739987     0.016055929030927
    -0.009072720239226    -0.020993471881756     0.000418448400483
3 8
    -0.025243463099257     0.023984400584073     0.001792162895437
     0.017503780962708    -0.021037364376926    -0.030446877417199
     0.006405302250683     0.006087471926435    -0.007250239308883
3 9
     0.022221542859967    -0.011496570643058    -0.018919007201339
    -0.000453501833643    -0.029057118954402     0.006617977496400
     0.033695783515891    -0.005528115407463     0.038315605682344
3 10
    -0.014918128213472     0.002521121853518    -0.025065230435987
     0.008409957658718    -0.034397316843292    -0.032345302231774
     0.009683607497739    -0.019447909940803    -0.040981744539054
3 11
    -0.059660107885587     0.026291698583698    -0.053087077515500
     0.024852476876077    -0.032494062653431    -0.017946757368700
    -0.002516449106620    -0.012925282585867    -0.097351298837669
3 12
    -0.042631647090923     0.027803475781432    -0.036560474958697
    -0.079828440537343    -0.130172589518608     0.026118624215330
     0.094538717659439     0.021441747548197    -0.142451122166133
3 13
    -0.059643150252149     0.024856883354717    -0.002522442752921
     0.026294852035237    -0.032473565218432    -0.012930258147649
    -0.053087145387802    -0.017947352556573    -0.097345378284616
3 14
    -0.042621497571402    -0.079830382729351     0.094535574649794
     0.027816366297737    -0.130159218675248     0.021436124589080
    -0.036553395355575     0.026120059975550    -0.142444267063700
3 15
     0.022231807240306    -0.000461479439521     0.033688213143821
    -0.011490289844713    -0.029052347009525    -0.005522769158497
    -0.018914339675387     0.006612881852854     0.038321573223914
3 16
    -0.014906130478977     0.008407352406536     0.009682975763243
     0.002525820705148    -0.034381304201127    -0.019447497486049
    -0.025064583038652    -0.032339037096268    -0.040972743627710
3 17
    -0.025203047754293    -0.011558005517647    -0.009069478031601
    -0.030103861248215    -0.025602371828643    -0.020995372306193
     0.000585816274595     0.016052457101667     0.000427752126711
3 18
    -0.025231360945836     0.017502940390361     0.006412052934191
     0.023978271193169    -0.021029230142660     0.006091753102365
     0.001789693387858    -0.030457684775948    -0.007237693375031
3 19
    -0.053135778502171    -0.197345983648267     0.052182344959837
    -0.157179625611607    -0.094787391329587     0.154661819058961
     0.028579799163942    -0.016661746750626    -0.245636645711170
3 20
    -0.000483402192848     0.031497149070681    -0.006718673886829
    -0.011234896816734     0.003894434335611     0.001278254713619
    -0.003794656831722     0.001021577332861    -0.000873850658563
3 21
    -1.815741576287782     0.888246880104816     1.029500536479687
     0.573984921215072    -0.934005654723021    -0.364091567954693
     0.803218157817283    -0.546149028578340    -1.144918215006661
3 22
     0.097396851593748    -0.094445977991104     0.066320688303431
    -0.079994832094505    -0.191870839961512     0.073649836994019
    -0.124627422500675    -0.056505977624270    -0.029191584425212
3 23
     0.055137645924906    -0.013082621022222     0.010251740427367
    -0.043352539687039     0.034081564455654     0.055300904914314
     0.041097691313496     0.048893963286507    -0.061830559662910
3 24
    -0.010292364610181    -0.007915299105743    -0.016855235018854
    -0.013489792178794     0.047462050903643    -0.029263957182205
     0.002962015101954     0.006985187530332    -0.017003974556726
3 25
     0.016759811784143    -0.012843402485743     0.005604450862664
     0.016638952099275    -0.006645418789918    -0.009520468590095
    -0.002462923965609     0.021855309142985    -0.000918291353089
3 26
    -0.008889130885099     0.000814013393529    -0.013718459182891
     0.020140019460213     0.019226823750669     0.012861790658455
    -0.020270292511180     0.010548039569257    -0.013589193774552
3 27
     0.018377025991505     0.014334891086328    -0.003977922487182
     0.007514607143475    -0.001257537998877    -0.001192328380146
     0.021751835209148     0.007506546002457     0.017768890171668
3 28
    -0.017238896254437    -0.023960373789405    -0.014104991938914
    -0.007870529491603     0.036763966559950    -0.001213139071921
     0.015522223020908     0.005219259889828     0.041829208535242
3 29
    -0.035421671719562    -0.010264406442983    -0.023853025913446
     0.003541388728869     0.028660222620062     0.004817017306522
     0.003590335100014    -0.001465702347029     0.061319147093402
3 30
     0.070553998597645     0.009020140089487     0.023320974943390
     0.056174139501219    -0.014036383484171     0.013435917234384
    -0.006549149761914     0.031987343714607     0.109663825066264
3 31
     0.105365237281017    -0.082671647786308    -0.070877963533743
     0.005376890699173    -0.049433709931344    -0.039178226085511
     0.032403928237277    -0.088460183992994    -0.068188998700004
3 32
     0.013255841577086    -0.016201295837518    -0.104970664267760
    -0.167007806332107    -0.034348829915418    -0.016264229123681
    -0.061282391631763    -0.020795551030158    -0.009915908280430
3 33
    -0.012411207333769     0.300374962340780    -0.292023813420684
     0.077846840827973     0.220700894742318    -0.052529631862858
    -0.073052905324846     0.290839885543062    -0.412237662015782
3 34
     0.044888599505807    -0.169580589448823     0.103039603318143
    -0.060232856131704     0.081652237146143    -0.023976856316734
     0.011194371831899     0.082652768844648    -0.073938638857087
3 35
     0.011839560707311    -0.002118701758039     0.009602437446306
     0.001170170684238    -0.003904458552421     0.000853363665456
     0.008614190634339    -0.002753579264597     0.001139126937803
3 36
     0.047385250784225    -0.047590078947720    -0.028482036945309
    -0.082173752246655    -0.103854248446168     0.110272248038145
     0.024410267949185     0.137862641340052    -0.026049827806521
3 37
     0.099533915419768     0.091118308697202    -0.060136326056387
     0.080953272524299    -0.191413177033704     0.066449165348885
     0.121393135051498    -0.059616319809342    -0.035078979249245
3 38
    -1.818830763198626    -0.887296996805934    -1.037732381556900
    -0.577402051423061    -0.935908830598688    -0.369355649668125
    -0.803762310940759    -0.546242133712914    -1.148271774973044
3 39
    -0.052933952382774     0.190798107797240    -0.050315454660645
     0.162752275690629    -0.095871035271534     0.152274468290400
    -0.034214061629725    -0.019273222300042    -0.234500012323910
3 40
    -0.000707025762862    -0.024218382511458     0.003024259223212
     0.005880012406028     0.003899389013607     0.000005163515847
     0.010703091231152     0.002475339375804    -0.002835511574184
3 41
     0.024489944809990     0.011359285861271    -0.024516999753486
     0.025742611666011     0.051606954914914    -0.002133466594050
    -0.004488421391095     0.036483246721686    -0.028694195317346
3 42
     0.020509411849680     0.009168284439486     0.029798717823368
     0.031757199182719     0.029798305368614     0.035340089213374
    -0.038522250735136     0.019290503632147    -0.051398012645770
3 43
     0.049725341547282     0.174985699362507    -0.103621728383735
     0.064345907149870     0.085454558326968    -0.017188185203458
    -0.009555600337448     0.082706200008627    -0.072715867139325
3 44
    -0.016315926933503    -0.305383948620169     0.294396587307299
    -0.081166067851780     0.218647773290194    -0.055256991535360
     0.073096813482855     0.292463584165674    -0.415646161999611
3 45
     0.099243051282930     0.085802424755023     0.057673934627296
     0.041550885111309    -0.030347914380927     0.012614312584999
    -0.042989292351315    -0.090927368250747    -0.109428271634056
3 46
     0.018136272496827     0.015042261431642     0.115952011050544
     0.120993001730479    -0.055158357418701    -0.069171199656207
     0.071547936241030    -0.022732501207151     0.028833171685720
3 47
     0.013358699439265    -0.033528196362037     0.010563895583035
     0.005156989663839    -0.003135674216303     0.011509132239749
    -0.000962074208388     0.000988074520740    -0.004765450020357
3 48
     0.046644022602444     0.083016689682439     0.004160770466941
     0.075092139059931    -0.104375993268316     0.101439529477337
    -0.032294538971332     0.133137470920056    -0.019717331651371
3 49
    -0.023957183791243     0.013196928419540     0.026475622078386
    -0.002036179481525     0.006734477691144     0.007069599789390
    -0.007301712618016     0.027529861651021     0.036728417136897
3 50
     0.025524214263198    -0.002257657242629    -0.013148624224784
     0.003200387845140     0.030342641225209    -0.009579804644288
    -0.030192314519675    -0.014313934208058     0.020119031256266
3 51
     0.004203456923525     0.023315064832229     0.004681309250503
    -0.029551015249224    -0.003302462565380     0.003355872845574
     0.019137655209572     0.028402991819001    -0.018355087575340
3 52
     0.005330262428166    -0.012914297714946     0.001166797952957
    -0.007514189467775     0.016376087897205     0.001165795531276
     0.004605438459519     0.004683575141178    -0.001746563150842
3 53
    -0.043932310105870     0.000823515515714     0.019688611226019
    -0.030076195454007    -0.021275361211981    -0.006674609100433
     0.012127318381128     0.011317492186496     0.080169786003526
3 54
     0.079672349907144     0.001340587590963    -0.026150879221296
    -0.028974038036639     0.035401487541338     0.023212708180891
    -0.010831510846198     0.014811192792268     0.079966915694877
4 1
    -0.028488724977462    -0.096985816936948     0.027313040973978
    -0.051109586690833    -0.049737344502723    -0.021638629431491
     0.026012268319159    -0.087824768728972     0.090701630197499
4 2
    -0.031934711355405     0.056731308443710    -0.037143628550702
     0.090728706024780    -0.049382659518858    -0.085708651339329
    -0.018472642401228    -0.020184736864891     0.098021626569301
4 3
    -0.616806626412533     0.001014805765568    -0.001199679472474
     0.001020752423353     0.005142658166368    -0.031792947001731
    -0.001201919258418    -0.031794690797780    -0.081892520755658
4 4
     3.969586165748990     0.001270277107741     0.003333558521278
     0.001270277107741     2.662609825961095     0.496313311006272
     0.003333558521278     0.496313311006272     3.969224672651208
4 5
    -0.028488693651785    -0.051111591534195     0.026007459827658
    -0.096987278801899    -0.049740581489401    -0.087820357029386
     0.027312471890836    -0.021638321395662     0.090705368395018
4 6
    -0.031933719375617     0.090728340558542    -0.018472229946474
     0.056726734894790    -0.049379427753126    -0.020184679434483
    -0.037146557501551    -0.085703362520772     0.098026690887169
4 7
    -0.025243828565494     0.023977676005296     0.001788722291855
     0.017504182975570    -0.021040465619002    -0.030451560605991
     0.006406899860237     0.006093757945727    -0.007248678245953
4 8
    -0.025213990857644    -0.030096630237651     0.000588045618646
    -0.011557493864914    -0.025615643474024     0.016054843074106
    -0.009072422645289    -0.020995361864301     0.000423183798737
4 9
    -0.014918812157432     0.002525590983513    -0.025066676638100
     0.008411487395971    -0.034387882593409    -0.032342963247852
     0.009687716382443    -0.019447742870523    -0.040981185897805
4 10
     0.022218566920602    -0.011487648045908    -0.018913822801708
    -0.000454425941130    -0.029057787235523     0.006618191555196
     0.033692201946760    -0.005524523396439     0.038313501641003
4 11
    -0.042628290022480     0.027810952176470    -0.036554606615106
    -0.079833755460632    -0.130163682584296     0.026129489004487
     0.094537819656683     0.021436610137082    -0.142446835769258
4 12
    -0.059658891405109     0.026293525914888    -0.053090502456244
     0.024854862848516    -0.032493206418245    -0.017947383882250
    -0.002524040362475    -0.012923032358031    -0.097355339850071
4 13
    -0.042619210796942    -0.079828863433990     0.094537887528985
     0.027808487889837    -0.130142924101985     0.021438635864229
    -0.036557039576061     0.026126131936045    -0.142440246935083
4 14
    -0.059644627779939     0.024859535595414    -0.002519727860868
     0.026295039989302    -0.032480154052607    -0.012929730832077
    -0.053091844239432    -0.017946694717345    -0.097344339316311
4 15
    -0.014908124880447     0.008406261228769     0.009681968120615
     0.002527726350531    -0.034381064037599    -0.019445623166344
    -0.025063512744669    -0.032342764851894    -0.040976163347507
4 16
     0.022234219317476    -0.000455276955369     0.033686991442397
    -0.011494430055094    -0.029043152923169    -0.005527165195244
    -0.018913379021276     0.006614620427957     0.038326005807285
4 17
    -0.025232368588464     0.017498403388065     0.006409103099557
     0.023981743122429    -0.021035610138984     0.006089591630615
     0.001788847594565    -0.030452599574295    -0.007239259658908
4 18
    -0.025204880306429    -0.011561780261789    -0.009072991728431
    -0.030106017499019    -0.025609075523635    -0.020998530978678
     0.000587768908494     0.016062664051596     0.000430216413343
4 19
    -0.000480039903459     0.031509277328832    -0.006715818029227
    -0.011231712039519     0.003865567723764     0.001271608449036
    -0.003792239533606     0.001016993342049    -0.000869224900180
4 20
    -0.053133058389172    -0.197352703006098     0.052183702405863
    -0.157179923205544    -0.094765995891832     0.154664330334110
     0.028579052568628    -0.016691448713874    -0.245638358181542
4 21
     0.097401044013591    -0.094439436145445     0.066316386243716
    -0.079990060149628    -0.191862241063030     0.073652457909039
    -0.124627892385838    -0.056510519847513    -0.029203790997557
4 22
    -1.815739571444420     0.888253500264668     1.029496354501737
     0.573961531375848    -0.934019845254944    -0.364061521408993
     0.803229435061194    -0.546165678175949    -1.144917959180295
4 23
    -0.010295664248214    -0.007917115995040    -0.016860638698228
    -0.013487959626658     0.047459471756193    -0.029265309407286
     0.002967272594833     0.006985746171581    -0.017002627552592
4 24
     0.055139791733817    -0.013076883202288     0.010249521525208
    -0.043360251024658     0.034084650034891     0.055296148632276
     0.041095263573487     0.048901256948426    -0.061833044833328
4 25
    -0.008887982276922     0.000815480479427    -0.013725413483303
     0.020141173289336     0.019231851521913     0.012862746091619
    -0.020278103046778     0.010541179245878    -0.013594399057968
4 26
     0.016757248299531    -0.012836923291440     0.005602821927432
     0.016643264600882    -0.006640145634200    -0.009521392697582
    -0.002462193033133     0.021856076622085    -0.000919685345740
4 27
    -0.017233805831838    -0.023967907614852    -0.014095270536987
    -0.007869683698309     0.036783210967848    -0.001205761874862
     0.015519388047091     0.005231007018903     0.041828075589905
4 28
     0.018378769787555     0.014346079574153    -0.003978533337894
     0.007515181447563    -0.001256149227173    -0.001195868181708
     0.021750942427338     0.007501706185278     0.017774058908461
4 29
     0.070555731951802     0.009012496624169     0.023319455648030
     0.056175966832408    -0.014030301081784     0.013431777024003
    -0.006555999643401     0.031990392747220     0.109666503411693
4 30
    -0.035418471279507    -0.010266374739721    -0.023849621856488
     0.003541477484956     0.028658008938849     0.004820593654707
     0.003584597280080    -0.001463436456354     0.061317883624408
4 31
     0.013254969679062    -0.016200131566503    -0.104965767020173
    -0.167017694804315    -0.034346955595712    -0.016253108508157
    -0.061280329357993    -0.020794835760521    -0.009929534950157
4 32
     0.105365440897921    -0.082661675778960    -0.070877749474947
     0.005378759797933    -0.049431229981872    -0.039167476157171
     0.032401584032408    -0.088464767983806    -0.068194371053701
4 33
     0.044886939244897    -0.169583873424018     0.103041279241891
    -0.060231994675572     0.081653610255008    -0.023975070753114
     0.011190268168143     0.082654340349471    -0.073944256595258
4 34
    -0.012415932290130     0.300370320919559    -0.292009805621880
     0.077845138799494     0.220690807874153    -0.052506826769614
    -0.073046969108954     0.290850358761251    -0.412245185399336
4 35
     0.047394596278023    -0.047573544210929    -0.028475542088167
    -0.082163414773069    -0.103835823726833     0.110262782462584
     0.024404206430582     0.137875865996917    -0.026060572513915
4 36
     0.011839837417463    -0.002114608536175     0.009607183286452
     0.001166453370504    -0.003904703936895     0.000850241539596
     0.008618858160292    -0.002756722274243     0.001144655919888
4 37
    -1.818827343478829    -0.887303136638731    -1.037729938154052
    -0.577403220915023    -0.935927291864648    -0.369354360094399
    -0.803764879646317    -0.546232166926512    -1.148291384847180
4 38
     0.099527786028864     0.091129314451908    -0.060135396727953
     0.080954614307487    -0.191407021538069     0.066450011142179
     0.121402976535190    -0.059625602651784    -0.035082263224440
4 39
    -0.000706863913528    -0.024217082495840     0.003027026324727
     0.005879568625596     0.003906802757290     0.000001352225080
     0.010702334193945     0.002474765071716    -0.002840581112998
4 40
    -0.052933294543546     0.190797810203303    -0.050320759142040
     0.162759924376894    -0.095862561675761     0.152257526319801
    -0.034214766457470    -0.019267333072666    -0.234488855161762
4 41
     0.020508858429377     0.009170905354506     0.029800304991030
     0.031759157037565     0.029791246649276     0.035340120539051
    -0.038520663567474     0.019295259914186    -0.051398268472136
4 42
     0.024497494298275     0.011385797826356    -0.024521996199052
     0.025744773137760     0.051638886222212    -0.002138259422712
    -0.004484098447596     0.036499797121316    -0.028692921406460
4 43
    -0.016319043838417    -0.305385786393251     0.294413085497466
    -0.081159672192617     0.218646624682018    -0.055246533980010
     0.073088423422222     0.292470773408668    -0.415656864939435
4 44
     0.049720814986878     0.174988278509957    -0.103618580153143
     0.064347990307426     0.085454098883697    -0.017185919312783
    -0.009560920481682     0.082702921254378    -0.072716968758984
4 45
     0.018139744426087     0.015050975190943     0.115955321130470
     0.120995043120465    -0.055205298946484    -0.069166166664016
     0.071547226192339    -0.022773125389965     0.028824656322378
4 46
     0.099233047949904     0.085845440131222     0.057674503710438
     0.041549031675389    -0.030323266293655     0.012615857985091
    -0.042990195575017    -0.090969616147846    -0.109425760358907
4 47
     0.046640430591420     0.083023414261216     0.004156739896432
     0.075066008223923    -0.104370694007867     0.101430074343668
    -0.032300501291956     0.133134468875959    -0.019705098974294
4 48
     0.013358213891263    -0.033529277097912     0.010563686745185
     0.005155694869168    -0.003135209552087     0.011506636627439
    -0.000966689524878     0.000983177273152    -0.004766295813650
4 49
     0.025519254364255    -0.002255553201288    -0.013145502098923
     0.003198064524056     0.030350556179732    -0.009584874183102
    -0.030192763521053    -0.014317212962307     0.020122513627419
4 50
    -0.023954286166071     0.013194197864648     0.026475230507417
    -0.002039823702012     0.006734232306670     0.007061951103126
    -0.007301059999734     0.027530117477388     0.036721092149300
4 51
     0.005330977697803    -0.012911708125603     0.001167434908400
    -0.007516361381417     0.016375894722193     0.001160856516118
     0.004601460098472     0.004680051002456    -0.001747931038761
4 52
     0.004199541213834     0.023319627939256     0.004681351018074
    -0.029547616413211    -0.003297664515772     0.003354176038041
     0.019140046402957     0.028402099037191    -0.018357191616681
4 53
     0.079669755096855     0.001342049455914    -0.026145726147342
    -0.028974669771136     0.035403492384700     0.023215668457418
    -0.010834967112619     0.014813035786296     0.079968247036172
4 54
    -0.043932607699806     0.000817673276854     0.019685494321105
    -0.030074373343764    -0.021271523816484    -0.006682644136720
     0.012130445727935     0.011316421892514     0.080169958294752
5 1
    -0.031939702580026     0.090728559838285    -0.018469019064527
     0.056727460606320    -0.049381432596488    -0.020181092644405
    -0.037150718595716    -0.085701070525366     0.098019663493509
5 2
    -0.028491533846548    -0.051113340551191     0.026011814096835
    -0.096986281601164    -0.049742617658441    -0.087826648269624
     0.027306864594558    -0.021633053460890     0.090702486432685
5 3
    -0.031934549506071     0.056729595973338    -0.037143038583775
     0.090727839347701    -0.049382252285050    -0.085705920784437
    -0.018473931974953    -0.020182784230992     0.098027150330440
5 4
    -0.028488693651785    -0.096987278801899     0.027312471890836
    -0.051111591534195    -0.049740581489401    -0.021638321395662
     0.026007459827658    -0.087820357029386     0.090705368395018
5 5
     3.969998354234913     0.001333210393904     0.003323252373370
     0.001333210393904     2.662661299270228     0.496276054333793
     0.003323252373370     0.496276054333793     3.968916015529531
5 6
    -0.616810484691815     0.001013860774296    -0.001199434088000
     0.001015390511549     0.005137249266047    -0.031783742473482
    -0.001201914037471    -0.031795907278257    -0.081885362838342
5 7
    -0.059663141255361     0.026298015928667    -0.053085250184311
     0.024858966512273    -0.032490585503225    -0.017940831594700
    -0.002521429889347    -0.012926958509615    -0.097351988002575
5 8
    -0.042631396485502     0.027807349723553    -0.036557164878771
    -0.079827333696737    -0.130164079376212     0.026135435662272
     0.094539939360863     0.021433253068639    -0.142444689960347
5 9
    -0.025215452722596    -0.030101412624421     0.000584860841430
    -0.011561164190131    -0.025623605417063     0.016056659963402
    -0.009072814216258    -0.020992119656676     0.000418328318719
5 10
    -0.025242324932973     0.023976104500473     0.001789933551386
     0.017504151649892    -0.021043598186755    -0.030453695973009
     0.006408038026521     0.006088406475815    -0.007253262236765
5 11
     0.022209973243065    -0.011497285912695    -0.018918735712134
    -0.000454274533688    -0.029056027776635     0.006621251029702
     0.033689132030362    -0.005530120250825     0.038327389358043
5 12
    -0.014927437160646     0.002524170886131    -0.025066316392809
     0.008405895762531    -0.034389783017846    -0.032340561612574
     0.009682082981433    -0.019453000363403    -0.040978862576721
5 13
    -0.025203167836057    -0.011555791836434    -0.009070929454660
    -0.030102101789327    -0.025608151416147    -0.020999904087543
     0.000588964505187     0.016058132270247     0.000435395592029
5 14
    -0.025239348993607     0.017502752436296     0.006406033183159
     0.023981487296062    -0.021029532957543     0.006083216855237
     0.001787996580325    -0.030450093520093    -0.007239656450823
5 15
    -0.059647186043604     0.024856825924308    -0.002522124275199
     0.026292862854713    -0.032478989781592    -0.012930226821971
    -0.053085960233002    -0.017943901511098    -0.097341660970882
5 16
    -0.042620959813938    -0.079828623270462     0.094535303160588
     0.027810001964251    -0.130138240913194     0.021442948365836
    -0.036558522324797     0.026126528727960    -0.142439991108717
5 17
     0.022225683070348    -0.000458190243380     0.033692541308267
    -0.011492519188764    -0.029042301908929    -0.005523312136908
    -0.018919028085124     0.006620060653956     0.038334187030067
5 18
    -0.014911570704976     0.008408292176862     0.009682458889563
     0.002523664454345    -0.034380662024737    -0.019453047351919
    -0.025064509945404    -0.032340436309864    -0.040967862042961
5 19
     0.055130179971760    -0.013048851941842     0.010249474536692
    -0.043358094773855     0.034062910014683     0.055297923754002
     0.041098390920294     0.048888131489540    -0.061839367399243
5 20
    -0.010306435060339    -0.007918071428205    -0.016860116603603
    -0.013486576075900     0.047459680594043    -0.029256783602050
     0.002966233626528     0.006982869430194    -0.017012824060629
5 21
    -0.053131669617468    -0.197346479638162     0.052188181977750
    -0.157186506818772    -0.094775226524812     0.154646965466864
     0.028578102356409    -0.016658112972032    -0.245618680435105
5 22
    -0.000478906958122     0.031512242826305    -0.006715958994776
    -0.011230338930653     0.003874850566206     0.001274010084313
    -0.003793106210684     0.001017724274525    -0.000858166936011
5 23
    -1.815741779904686     0.888350280945405     1.029496312734167
     0.573964862339559    -0.934024805153886    -0.364070569308854
     0.803232452768130    -0.546254752740013    -1.144904024474739
5 24
     0.097397645177579    -0.094500724833538     0.066314370958462
    -0.079990117580037    -0.191948908770870     0.073650009285246
    -0.124631609699572    -0.056531638575116    -0.029207837230905
5 25
    -0.035430234071421    -0.010264698815973    -0.023850023869349
     0.003540965832223     0.028656265142800     0.004824216991408
     0.003588826246547    -0.001460470958881     0.061305337690556
5 26
     0.070545498897141     0.009016031204784     0.023320531162959
     0.056173100532914    -0.014033496300892     0.013434283078206
    -0.006552251003989     0.031989896757326     0.109657293662498
5 27
     0.016758104534717    -0.012838620098973     0.005602660078099
     0.016647363043692    -0.006635613852851    -0.009523606378794
    -0.002467607154400     0.021857914395167    -0.000899475062785
5 28
    -0.008888619232365     0.000807288814752    -0.013722019868237
     0.020141590965036     0.019237839947268     0.012860469759052
    -0.020273727893816     0.010549898226124    -0.013575890803493
5 29
     0.018376973782043     0.014328965312328    -0.003978110441247
     0.007510393839847    -0.001261187440310    -0.001195194679641
     0.021757113585812     0.007506431141639     0.017770513885954
5 30
    -0.017240869772122    -0.023968387941907    -0.014095970143785
    -0.007877097441992     0.036780590052828    -0.001210403296083
     0.015517085609792     0.005233340781879     0.041826530189813
5 31
     0.011828675034369    -0.002111658701541     0.009610321075151
     0.001170687557918    -0.003908113214800     0.000857832795451
     0.008609810260431    -0.002754242324771     0.001130731656224
5 32
     0.047381512586707    -0.047584168836559    -0.028476549730794
    -0.082164777440042    -0.103853152047455     0.110255274741868
     0.024400635303344     0.137851358875194    -0.026069594309044
5 33
     0.105365639293879    -0.082667162993474    -0.070871426909031
     0.005380185116261    -0.049423466434790    -0.039175234483307
     0.032400456308017    -0.088467388898826    -0.068174515795091
5 34
     0.013258159677224    -0.016205227210048    -0.104970189161651
    -0.167014729306841    -0.034332655423918    -0.016261451580273
    -0.061275061423221    -0.020801769177148    -0.009915527151354
5 35
    -0.012415723452280     0.300377551930123    -0.292010379925968
     0.077842841583141     0.220698832468547    -0.052493643880319
    -0.073049172348274     0.290843592414904    -0.412245237608798
5 36
     0.044885049262353    -0.169583304340876     0.103042333873034
    -0.060231540453248     0.081655578551746    -0.023980014989218
     0.011188263324781     0.082650904966835    -0.073941254551161
5 37
     0.024503080710769     0.011364491144688    -0.024520048786099
     0.025744209275565     0.051618305252073    -0.002138337736906
    -0.004483873946907     0.036479988851223    -0.028686066304026
5 38
     0.020517744479904     0.009170017793643     0.029802821487125
     0.031757778707754     0.029795600918453     0.035336042980026
    -0.038515949053005     0.019299347915104    -0.051389596480406
5 39
     0.099518122057345     0.091190451732560    -0.060130838841872
     0.080956942849517    -0.191498643923906     0.066446622748059
     0.121399233116725    -0.059662060519486    -0.035070912887280
5 40
    -1.818831300956091    -0.887402412931779    -1.037731373914273
    -0.577393969398258    -0.935936767882102    -0.369352355251037
    -0.803735621463501    -0.546308893952683    -1.148289886435605
5 41
    -0.052948618020805     0.190800431118324    -0.050318441041903
     0.162757021530775    -0.095907848163581     0.152261661309236
    -0.034207175201614    -0.019235203369409    -0.234494619086428
5 42
    -0.000721900238744    -0.024223196223905     0.003022797358260
     0.005878503552560     0.003890231473875     0.000005962320624
     0.010702793637216     0.002473527707453    -0.002842037757003
5 43
     0.013373151018500    -0.033530676311508     0.010562522474170
     0.005156352708396    -0.003121060787734     0.011512223039932
    -0.000968710031078     0.000988387777515    -0.004763549595920
5 44
     0.046647572845898     0.083023623099067     0.004161172479802
     0.075056949882169    -0.104350535934374     0.101433843866864
    -0.032299608510146     0.133135074505725    -0.019703349957299
5 45
     0.049713980768230     0.174992528360209    -0.103615739958380
     0.064345150112663     0.085452402076164    -0.017186921734464
    -0.009561515669555     0.082705881530905    -0.072718247890817
5 46
    -0.016326483686831    -0.305384747424946     0.294403985388143
    -0.081156268135658     0.218663561431670    -0.055248664126082
     0.073091331489287     0.292449247447257    -0.415642648302781
5 47
     0.099220538562676     0.085805087437614     0.057669559474334
     0.041545982642775    -0.030348426033660     0.012622911483482
    -0.042991135345343    -0.090926454585152    -0.109431263236260
5 48
     0.018124817740743     0.015048432590116     0.115951509839703
     0.120999470482890    -0.055218027613455    -0.069160512379222
     0.071538731712782    -0.022770452265482     0.028822087616820
5 49
    -0.043922844530309     0.000824319541437     0.019691023303189
    -0.030075866534393    -0.021252274187640    -0.006677402306679
     0.012127647300742     0.011328659790536     0.080177105770176
5 50
     0.079680943584680     0.001333930884487    -0.026145224936501
    -0.028975750507011     0.035415088106333     0.023215229897932
    -0.010832163464480     0.014802353730257     0.079976177653534
5 51
    -0.023960561743470     0.013187212238558     0.026473533699884
    -0.002033730857732     0.006728259544154     0.007063005734269
    -0.007300725859173     0.027498995416759     0.036729581407912
5 52
     0.025511809294895    -0.002262674571980    -0.013140787584454
     0.003200267763376     0.030346468178814    -0.009579533155083
    -0.030196204124636    -0.014305048157531     0.020122675476753
5 53
     0.004187741875296     0.023315581705908     0.004678474276687
    -0.029549877082940    -0.003303746918159     0.003359396984296
     0.019140751230702     0.028407518379405    -0.018354481945574
5 54
     0.005317272713882    -0.012912313755369     0.001163795908860
    -0.007518783900479     0.016364962060734     0.001160397072848
     0.004599695418638     0.004677221249585    -0.001750828663933
6 1
    -0.028494854368366    -0.051110197541545     0.026013448253013
    -0.096985890030195    -0.049731335193583    -0.087822779548448
     0.027311761842146    -0.021641568824232     0.090698586385832
6 2
    -0.031934194481726     0.090731514893865    -0.018474208685105
     0.056729862241597    -0.049378686378757    -0.020180983004534
    -0.037150504536920    -0.085701973749068     0.098018556652903
6 3
    -0.028487931393631    -0.096991063987934     0.027308832891296
    -0.051117292807506    -0.049738132865608    -0.021635648271179
     0.026014602082136    -0.087818456604949     0.090699959494697
6 4
    -0.031933719375617     0.056726734894790    -0.037146557501551
     0.090728340558542    -0.049379427753126    -0.085703362520772
    -0.018472229946474    -0.020184679434483     0.098026690887169
6 5
    -0.616810484691815     0.001015390511549    -0.001201914037471
     0.001013860774296     0.005137249266047    -0.031795907278257
    -0.001199434088000    -0.031783742473482    -0.081885362838342
6 6
     3.969957975436573     0.001355321101296     0.003329078949391
     0.001355321101296     2.662806592983571     0.496248534726080
     0.003329078949391     0.496248534726080     3.968901960742211
6 7
    -0.042636429477693     0.027813223288091    -0.036556329527370
    -0.079830967475331    -0.130170130452922     0.026123907812940
     0.094537182701240     0.021436260333682    -0.142448830170727
6 8
    -0.059661298261333     0.026295034768356    -0.053088810869657
     0.024859812305566    -0.032488559776078    -0.017942486634663
    -0.002519054358801    -0.012924922340576    -0.097351852257972
6 9
    -0.025240450613267     0.023983090126563     0.001789531538524
     0.017499839148285    -0.021044877318587    -0.030451017627580
     0.006407568141358     0.006077990688035    -0.007250291518346
6 10
    -0.025215499711112    -0.030100869646011     0.000585816274595
    -0.011557285027063    -0.025611158681190     0.016057108964780
    -0.009070449127605    -0.020994521291953     0.000416213835486
6 11
    -0.014922263202907     0.002520625863624    -0.025065460157623
     0.008407963257248    -0.034391923605810    -0.032339094526676
     0.009682464110510    -0.019451528056558    -0.040978434459128
6 12
     0.022211022653263    -0.011497526076223    -0.018912439250950
    -0.000454681767496    -0.029058298888256     0.006618802405908
     0.033692682273816    -0.005526559565479     0.038318743471044
6 13
    -0.025231721191128     0.017506668145988     0.006412804750452
     0.023979717395282    -0.021031104462366     0.006088134986610
     0.001792324744771    -0.030455173500799    -0.007240356057621
6 14
    -0.025203543744187    -0.011555786615488    -0.009073879289295
    -0.030098342708023    -0.025599421994008    -0.020999982401737
     0.000586599416533     0.016055031028171     0.000431881895199
6 15
    -0.042620735313249    -0.079832204839594     0.094529894260268
     0.027814403221945    -0.130159918282046     0.021440437090687
    -0.036557170099717     0.026127217892866    -0.142438069800495
6 16
    -0.059646053098267     0.024856006235746    -0.002521784913693
     0.026293045587832    -0.032476645576723    -0.012923606662119
    -0.053084879497127    -0.017945817598374    -0.097341723622237
6 17
    -0.014913549443606     0.008401619807548     0.009682526761865
     0.002518553147961    -0.034379904987530    -0.019447236438736
    -0.025064901516373    -0.032342242757269    -0.040965225465102
6 18
     0.022223422400619    -0.000459725201579     0.033687952096508
    -0.011495160987569    -0.029047658599788    -0.005527285277008
    -0.018914287465924     0.006622107264888     0.038334776996994
6 19
    -0.010299512085605    -0.007926628559118    -0.016860403755647
    -0.013488184127347     0.047435601589913    -0.029263852763280
     0.002969601136863     0.006980916796295    -0.017013012014694
6 20
     0.055132738235426    -0.013082553149921     0.010250957285429
    -0.043350670588279     0.034080995372512     0.055300722181195
     0.041093702510557     0.048897101075207    -0.061845084335393
6 21
    -0.000482493748199     0.031506562436779    -0.006717587930008
    -0.011229696754264     0.003870987065977     0.001274145828916
    -0.003797037583215     0.001016064013616    -0.000856088999402
6 22
    -0.053133355983109    -0.197349638310646     0.052195240697088
    -0.157174263699803    -0.094784258761834     0.154658232268884
     0.028582059833671    -0.016656959142910    -0.245612169915124
6 23
     0.097394486505094    -0.094506775910248     0.066313895852353
    -0.079990242882747    -0.191946188657871     0.073649716912255
    -0.124622640113905    -0.056534280373921    -0.029204579360442
6 24
    -1.815747940621268     0.888347472076320     1.029505705216480
     0.573977523134228    -0.934028564235190    -0.364083898384644
     0.803237637167762    -0.546232903079934    -1.144937287123333
6 25
     0.070545796491078     0.009017357325133     0.023319633160203
     0.056171779633512    -0.014036122436859     0.013434873045133
    -0.006554073114233     0.031985730442214     0.109654719735994
6 26
    -0.035427738459110    -0.010267951465490    -0.023850498975459
     0.003540417632866     0.028655523768432     0.004817393214652
     0.003588596524911    -0.001465503951071     0.061309190748893
6 27
    -0.008890629296674     0.000815475258480    -0.013715692081375
     0.020143475726635     0.019240977735968     0.012866400753998
    -0.020269791300339     0.010549015886207    -0.013574246205422
6 28
     0.016763863238437    -0.012838453028693     0.005605385412044
     0.016640998710207    -0.006629333054505    -0.009520687869838
    -0.002461065308742     0.021850208278494    -0.000898597943814
6 29
    -0.017243156546582    -0.023970753030561    -0.014097541648608
    -0.007868326252283     0.036775337780895    -0.001210732215697
     0.015526765244150     0.005239903511322     0.041827600483795
6 30
     0.018377271375979     0.014330938830012    -0.003979744597425
     0.007514894295519    -0.001258493432042    -0.001197131650701
     0.021749475341440     0.007503303794832     0.017763961598403
6 31
     0.047385005399751    -0.047575418530635    -0.028471307900754
    -0.082168484311883    -0.103841911350167     0.110266990545265
     0.024400295941837     0.137865304022642    -0.026065960530451
6 32
     0.011829546932393    -0.002116190482890     0.009608180487187
     0.001168667051717    -0.003907794737078     0.000850643552457
     0.008612619129516    -0.002757985743236     0.001131901148186
6 33
     0.013262279003819    -0.016199505052952    -0.104968403598032
    -0.167012494741844    -0.034334148614547    -0.016266949236680
    -0.061279400029559    -0.020788732474348    -0.009904975618971
6 34
     0.105366072632418    -0.082668410799629    -0.070871640967828
     0.005379866638539    -0.049427121097169    -0.039181734561395
     0.032401625799978    -0.088464590471633    -0.068168203671069
6 35
     0.044880809853993    -0.169591908460305     0.103042600141293
    -0.060234490287882     0.081651485329882    -0.023975540638277
     0.011187151263228     0.082661571360035    -0.073939244486852
6 36
    -0.012417070456414     0.300366029301737    -0.292015747058719
     0.077841839161460     0.220693360916872    -0.052522823748941
    -0.073047684378591     0.290839619274803    -0.412229355490289
6 37
     0.020519817195567     0.009173651572237     0.029801667658002
     0.031755199560304     0.029801307412711     0.035339775956598
    -0.038516632996965     0.019295964741931    -0.051386359493728
6 38
     0.024503007617521     0.011360225631597    -0.024518002175167
     0.025741473499727     0.051615961047204    -0.002133967804890
    -0.004485889232161     0.036482479242586    -0.028691073191485
6 39
    -1.818835101804965    -0.887390237685111    -1.037727969857314
    -0.577404646233350    -0.935934700387384    -0.369334254230370
    -0.803746444485088    -0.546322170819010    -1.148271978589948
6 40
     0.099523494411042     0.091182406254380    -0.060134853749543
     0.080955846450803    -0.191492185613388     0.066442660049851
     0.121390785625683    -0.059653341539240    -0.035072061495457
6 41
    -0.000719091369658    -0.024237130929461     0.003024441956330
     0.005880450965513     0.003856702557022     0.000003487592099
     0.010699995210023     0.002480476786919    -0.002838571048690
6 42
    -0.052945271394256     0.190803803849605    -0.050323928256417
     0.162748944726918    -0.095874528084579     0.152265049703356
    -0.034211545133630    -0.019274135965636    -0.234497579362955
6 43
     0.046651102205566     0.083013097671416     0.004145828118758
     0.075077019199575    -0.104368971095602     0.101437279249500
    -0.032302730636007     0.133145072617804    -0.019706398989912
6 44
     0.013368561806742    -0.033533062283947     0.010564281933058
     0.005157485653734    -0.003123801784518     0.011512802564967
    -0.000965332078851     0.000989400641089    -0.004761529089719
6 45
    -0.016328441541677    -0.305379369850303     0.294397354786399
    -0.081174786832026     0.218644395337967    -0.055250538445788
     0.073095795398335     0.292463986178536    -0.415634070288083
6 46
     0.049710566269379     0.174930179820026    -0.103618867305187
     0.064351013235308     0.085451524957193    -0.017187250654078
    -0.009562841789904     0.082675302448687    -0.072715177974419
6 47
     0.018128180030131     0.015044903230448     0.115949854799741
     0.120999976914677    -0.055224908820620    -0.069163441330071
     0.071537630093122    -0.022769763100577     0.028824504914936
6 48
     0.099222710476318     0.085802779779369     0.057670394825735
     0.041546280236712    -0.030352237324427     0.012616604580405
    -0.042991432939279    -0.090919740448267    -0.109428778065842
6 49
     0.079681528330661     0.001331226434327    -0.026147313315003
    -0.028971881785836     0.035422778560168     0.023213888114744
    -0.010834387587585     0.014801121586941     0.079977456785367
6 50
    -0.043923063810051     0.000824423960362     0.019689900799744
    -0.030078529216984    -0.021250608705784    -0.006677381422894
     0.012125934830370     0.011326534865410     0.080174265575413
6 51
     0.025515547492414    -0.002271242144785    -0.013147219790241
     0.003202904341235     0.030335415435591    -0.009580441599731
    -0.030197436267952    -0.014309136158450     0.020125771497882
6 52
    -0.023963918811913     0.013190245608333     0.026479109670485
    -0.002037797974865     0.006724140217558     0.007065741510107
    -0.007306724726421     0.027498149623466     0.036727252865882
6 53
     0.005317037771301    -0.012917660004335     0.001167732502337
    -0.007516737289547     0.016364784548561     0.001161994682402
     0.004600859689653     0.004684749854086    -0.001750959187589
6 54
     0.004190284476123     0.023318458447295     0.004679993572047
    -0.029550425282297    -0.003308644165747     0.003355543925960
     0.019140495404335     0.028406453306368    -0.018357019325455
7 1
     0.022211325468146    -0.000451909445035     0.033692823239364
    -0.011486368914075    -0.029052863883204    -0.005524340663320
    -0.018913107532071     0.006621287576326     0.038313914095757
7 2
    -0.014922284086692     0.008411962502080     0.009682954879458
     0.002528739214105    -0.034389417551608    -0.019449993098359
    -0.025064269781876    -0.032341600580879    -0.040980914408600
7 3
    -0.025209981170920    -0.011554684995828    -0.009072720239226
    -0.030092719748906    -0.025611372739987    -0.020993471881756
     0.000588155258517     0.016055929030927     0.000418448400483
7 4
    -0.025243828565494     0.017504182975570     0.006406899860237
     0.023977676005296    -0.021040465619002     0.006093757945727
     0.001788722291855    -0.030451560605991    -0.007248678245953
7 5
    -0.059663141255361     0.024858966512273    -0.002521429889347
     0.026298015928667    -0.032490585503225    -0.012926958509615
    -0.053085250184311    -0.017940831594700    -0.097351988002575
7 6
    -0.042636429477693    -0.079830967475331     0.094537182701240
     0.027813223288091    -0.130170130452922     0.021436260333682
    -0.036556329527370     0.026123907812940    -0.142448830170727
7 7
     3.969776876473810     0.000947596524421     0.003258319464790
     0.000947596524421     2.662382098727324     0.496338042628684
     0.003258319464790     0.496338042628684     3.969088980258028
7 8
    -0.616809346525532     0.001024511504657    -0.001201903595579
     0.001026025579071     0.005138204699212    -0.031796878374261
    -0.001197726838575    -0.031790561029292    -0.081882480876009
7 9
    -0.031930738215305     0.090729870295795    -0.018468434318546
     0.056730796790977    -0.049373695154137    -0.020179119126721
    -0.037151120608578    -0.085705675399963     0.098018869909678
7 10
    -0.028489622980218    -0.051114896393175     0.026012236993482
    -0.096987122173512    -0.049731262100335    -0.087822361872748
     0.027312717275310    -0.021635058304252     0.090700392833236
7 11
    -0.031932821372861     0.056733407264105    -0.037143299631087
     0.090731243404660    -0.049373282699383    -0.085706416774332
    -0.018472548424196    -0.020182142054603     0.098024607729613
7 12
    -0.028492416186465    -0.096987367557986     0.027316006471451
    -0.051110656984815    -0.049736143685084    -0.021636092051610
     0.026015228595686    -0.087818420058325     0.090698330559466
7 13
     0.022228324869153    -0.011491381022481    -0.018913890674009
    -0.000451068872687    -0.029038997049950     0.006612302327820
     0.033695250979373    -0.005528971642649     0.038330798635948
7 14
    -0.014905733687062     0.002530791045983    -0.025066634870530
     0.008420253364734    -0.034375853533236    -0.032340796555156
     0.009683633602471    -0.019448494686784    -0.040973464118293
7 15
    -0.059646110528676     0.026295013884571    -0.053090340606910
     0.024859436397436    -0.032474129080628    -0.017951242161533
    -0.002520631084570    -0.012930989080125    -0.097343937303449
7 16
    -0.042612841242510     0.027809850556810    -0.036556172898982
    -0.079833671925491    -0.130152086862663     0.026112024939263
     0.094540357036564     0.021438489677733    -0.142445525311747
7 17
    -0.025201773843407    -0.030095643478809     0.000588813097746
    -0.011554345634321    -0.025594488199797     0.016056900126930
    -0.009068334644371    -0.020993586742574     0.000427893092259
7 18
    -0.025237124870502     0.023980067198681     0.001788085336412
     0.017506213923663    -0.021027512451342    -0.030454045776408
     0.006408246864371     0.006081796757855    -0.007236596976318
7 19
    -0.012434367451358     0.300374962340780    -0.292009915261752
     0.077853732477030     0.220687403817194    -0.052530754366303
    -0.073044066262836     0.290839159831533    -0.412270700163686
7 20
     0.044864656246279    -0.169648357331219     0.103044511007623
    -0.060228465315903     0.081645173205859    -0.023978401716825
     0.011190236842465     0.082691064485432    -0.073976161797825
7 21
     0.011821819931935    -0.002109277950048     0.009606676854665
     0.001176869158284    -0.003913496010389     0.000851870474827
     0.008610937984822    -0.002758058836484     0.001123824344328
7 22
     0.047370261447526    -0.047578086434171    -0.028479771054634
    -0.082169262232875    -0.103855783404367     0.110276931226936
     0.024399653765448     0.137863722075927    -0.026074987546526
7 23
     0.105351198156536    -0.082624695816632    -0.070875410491024
     0.005379803987184    -0.049435887065932    -0.039174294712981
     0.032401161135761    -0.088405703418818    -0.068195232509833
7 24
     0.013237307217879    -0.016201750059842    -0.104967510816222
    -0.167004172553513    -0.034408233841913    -0.016262516653309
    -0.061285581629926    -0.020847363700797    -0.009925916834402
7 25
    -1.815730763708087     0.888245151971605     1.029500776643215
     0.573987463815899    -0.934001582384942    -0.364086707253729
     0.803218298782832    -0.546147592818120    -1.144913249886772
7 26
     0.097408885874867    -0.094442448631435     0.066317816782990
    -0.079989501508378    -0.191857568316131     0.073649132166275
    -0.124620384665123    -0.056502249868644    -0.029199723880424
7 27
     0.055148698668129    -0.013047781647860     0.010254972193099
    -0.043350994286947     0.034087766939806     0.055301896894103
     0.041101351196821     0.048885656761015    -0.061814719311971
7 28
    -0.010289258147159    -0.007914202707030    -0.016861092920553
    -0.013484811396066     0.047477682416732    -0.029262474433469
     0.002964119143295     0.006988226121052    -0.016984463880569
7 29
    -0.053119990360695    -0.197349481682258     0.052191220568471
    -0.157178033222999    -0.094769963810987     0.154651220538062
     0.028578086693571    -0.016660545932988    -0.245608880718983
7 30
    -0.000466298372915     0.031509595806554    -0.006713009160142
    -0.011233121695008     0.003883491232259     0.001278296481189
    -0.003791738322765     0.001018397776592    -0.000850967251125
7 31
     0.018380153338313     0.014335126028909    -0.003983153875330
     0.007517671838927    -0.001250239116012    -0.001194056513357
     0.021749788598216     0.007502254384635     0.017755550653986
7 32
    -0.017238264519940    -0.023966565831664    -0.014096601878282
    -0.007866029035931     0.036777588008731    -0.001205725328238
     0.015522604149984     0.005232019882477     0.041820672288114
7 33
    -0.035416189725993    -0.010261373073208    -0.023853307844544
     0.003548322145497     0.028673927603982     0.004815790384152
     0.003587787278242    -0.001460314330493     0.061323130675395
7 34
     0.070557376549872     0.009022390317323     0.023321241211649
     0.056177345162220    -0.014017217390467     0.013435781489781
    -0.006550021659938     0.031983067759624     0.109672189022165
7 35
     0.016771819960530    -0.012835456205542     0.005604560502536
     0.016644475860413    -0.006630653953908    -0.009520050914394
    -0.002462474964231     0.021857836080973    -0.000898952968159
7 36
    -0.008880479777153     0.000815553572674    -0.013719931489735
     0.020148493055986     0.019245055294993     0.012864160968055
    -0.020270689303095     0.010542014597279    -0.013571463441068
7 37
     0.004204428019529     0.023325313549729     0.004680980330889
    -0.029550018048489    -0.003303470208008     0.003353794908964
     0.019140949626659     0.028404427579221    -0.018359086820172
7 38
     0.005328080072631    -0.012917915830701     0.001167722060444
    -0.007515546913801     0.016380656225178     0.001160825190441
     0.004602754893144     0.004675842919774    -0.001747983248223
7 39
    -0.043928822513771     0.000826392257101     0.019691080733598
    -0.030070113051620    -0.021261066261134    -0.006677647691153
     0.012132648967255     0.011314918259992     0.080176025034301
7 40
     0.079675289299886     0.001343808914803    -0.026148012921802
    -0.028966504211193     0.035414508581299     0.023213898556637
    -0.010829161420383     0.014811124919967     0.079979289337503
7 41
    -0.023979806151368     0.013200692721790     0.026476044975033
    -0.002034754163198     0.006726380003502     0.007068539937300
    -0.007304343974929     0.027527319050195     0.036721060823623
7 42
     0.025508008446021    -0.002266240478273    -0.013147976827448
     0.003202888678396     0.030329996093378    -0.009578379325960
    -0.030194836236717    -0.014309000413847     0.020115512338490
7 43
    -0.052947667808587     0.190799439138535    -0.050318592449344
     0.162757700253789    -0.095879843007867     0.152273706032247
    -0.034211059585629    -0.019272522693243    -0.234514980776824
7 44
    -0.000719117474389    -0.024218210220231     0.003026065670616
     0.005880221243878     0.003892841947003     0.000002756659623
     0.010703059905475     0.002474154221004    -0.002854359190166
7 45
     0.024484034698829     0.011391091865859    -0.024515694516922
     0.025747373168996     0.051630443952117    -0.002133362175125
    -0.004481033752144     0.036495985830549    -0.028705305490978
7 46
     0.020496798043527     0.009177739573155     0.029802085333703
     0.031763072747257     0.029774325562462     0.035340104876212
    -0.038519948297837     0.019292665103897    -0.051404951283343
7 47
     0.099493797668741     0.091189151716942    -0.060133548512979
     0.080955073750757    -0.191526743056653     0.066447348459589
     0.121394497718471    -0.059656338362390    -0.035100254605236
7 48
    -1.818855082366285    -0.887405247905595    -1.037741424235814
    -0.577402610064311    -0.935948749953758    -0.369366300398486
    -0.803749848542047    -0.546331751255389    -1.148294454763578
7 49
     0.099260061125830     0.085844286302100     0.057675631434829
     0.041551762230280    -0.030317627671699     0.012612349509207
    -0.042988148964085    -0.090986521571821    -0.109410922429649
7 50
     0.018162257146341     0.015050312130768     0.115950371673420
     0.121010914797082    -0.055143811862434    -0.069165665453176
     0.071533730046269    -0.022725024812114     0.028845362595227
7 51
     0.013386135511838    -0.033524573025336     0.010566229346011
     0.005160894931638    -0.003104807982041     0.011511466002725
    -0.000962444895572     0.000988325126160    -0.004743302766341
7 52
     0.046672158281815     0.083026097827592     0.004159768045260
     0.075086886787998    -0.104338517316094     0.101442119066679
    -0.032294382342945     0.133143777823133    -0.019688929703741
7 53
     0.049720788882147     0.174995285019832    -0.103620057680933
     0.064355832168702     0.085466122722924    -0.017191740667858
    -0.009558022856510     0.082707902037106    -0.072701478211445
7 54
    -0.016313071075901    -0.305376842912316     0.294403421525948
    -0.081159792274380     0.218656831631947    -0.055248925173395
     0.073101856916938     0.292456426248358    -0.415625382633514
8 1
    -0.014921187687978     0.008414374579250     0.009685272979595
     0.002529809508087    -0.034384436768880    -0.019450765798405
    -0.025061701076319    -0.032336886066410    -0.040983603195921
8 2
     0.022212776891205    -0.000446531870391     0.033691627642672
    -0.011489522365614    -0.029052989185914    -0.005530631903558
    -0.018916448937674     0.006624707296123     0.038320121800855
8 3
    -0.025243463099257     0.017503780962708     0.006405302250683
     0.023984400584073    -0.021037364376926     0.006087471926435
     0.001792162895437    -0.030446877417199    -0.007250239308883
8 4
    -0.025213990857644    -0.011557493864914    -0.009072422645289
    -0.030096630237651    -0.025615643474024    -0.020995361864301
     0.000588045618646     0.016054843074106     0.000423183798737
8 5
    -0.042631396485502    -0.079827333696737     0.094539939360863
     0.027807349723553    -0.130164079376212     0.021433253068639
    -0.036557164878771     0.026135435662272    -0.142444689960347
8 6
    -0.059661298261333     0.024859812305566    -0.002519054358801
     0.026295034768356    -0.032488559776078    -0.012924922340576
    -0.053088810869657    -0.017942486634663    -0.097351852257972
8 7
    -0.616809346525532     0.001026025579071    -0.001197726838575
     0.001024511504657     0.005138204699212    -0.031790561029292
    -0.001201903595579    -0.031796878374261    -0.081882480876009
8 8
     3.969738439867478     0.000948604167049     0.003202356141878
     0.000948604167049     2.662325608088840     0.496377011771535
     0.003202356141878     0.496377011771535     3.969121209159264
8 9
    -0.028486918530058    -0.051110155773975     0.026012210888751
    -0.096990761173052    -0.049732395045673    -0.087819615655018
     0.027312884345590    -0.021639772818721     0.090700460705538
8 10
    -0.031935061158805     0.090732579966901    -0.018469703008486
     0.056730384336223    -0.049375987149543    -0.020179327964571
    -0.037144490006834    -0.085703524370106     0.098019877552306
8 11
    -0.028490714157985    -0.096989884054081     0.027311218863735
    -0.051114243774893    -0.049733162524772    -0.021642080476965
     0.026009234949385    -0.087821338567282     0.090697933767550
8 12
    -0.031937760388019     0.056730624499751    -0.037144985996728
     0.090732256268234    -0.049375746986015    -0.085710311600238
    -0.018474600256074    -0.020183938060114     0.098019992413123
8 13
    -0.014909148185913     0.002532305120397    -0.025063335232497
     0.008413779391377    -0.034369687595708    -0.032346461281843
     0.009684150476150    -0.019450838891653    -0.040972722743925
8 14
     0.022227390319774    -0.011489866948066    -0.018912956124629
    -0.000447894537364    -0.029038438408700     0.006615048545550
     0.033692034876480    -0.005528564408841     0.038332009895479
8 15
    -0.042615112354131     0.027818339815421    -0.036556037154380
    -0.079821538446394    -0.130155167220954     0.026123813835907
     0.094543051044831     0.021436641462759    -0.142438142893742
8 16
    -0.059646267157063     0.026297927172581    -0.053091390017107
     0.024856376922930    -0.032472233877137    -0.017949190329655
    -0.002519304964221    -0.012929428017194    -0.097346119658984
8 17
    -0.025235762203530     0.023979231847280     0.001788325499939
     0.017495056761515    -0.021027804824332    -0.030457512484722
     0.006406184590600     0.006081097151057    -0.007238664471035
8 18
    -0.025203507197563    -0.030100801773709     0.000587633163892
    -0.011555071345851    -0.025606418061990     0.016057411779663
    -0.009069065576847    -0.020994839769675     0.000430367820785
8 19
     0.044868728584358    -0.169582505536099     0.103046521071931
    -0.060228214710483     0.081637435763508    -0.023979701732443
     0.011190168970164     0.082651729876343    -0.073977989129014
8 20
    -0.012434905208823     0.300374831817124    -0.292009090352243
     0.077853095521587     0.220655018287571    -0.052514433688308
    -0.073040333286263     0.290873691170067    -0.412274104220645
8 21
     0.047372224523318    -0.047569085522827    -0.028468076135022
    -0.082168625277432    -0.103853956073178     0.110283217246227
     0.024399194322177     0.137855676597747    -0.026075833339820
8 22
     0.011819371308142    -0.002112253889414     0.009610686541389
     0.001176179993378    -0.003912112459632     0.000852919885025
     0.008613971354597    -0.002756174074886     0.001129624815618
8 23
     0.013248260763123    -0.016199614692823    -0.104960770574606
    -0.167019078355072    -0.034407309734425    -0.016265779744719
    -0.061276241357075    -0.020834337439889    -0.009915485383784
8 24
     0.105354539562140    -0.082622127111075    -0.070872585959100
     0.005384236570555    -0.049443708043423    -0.039172754533836
     0.032397031367273    -0.088407342795942    -0.068196511641666
8 25
     0.097405377398983    -0.094438282316323     0.066311927555614
    -0.079990263766532    -0.191852702394221     0.073647941790528
    -0.124620207152950    -0.056509037098776    -0.029208322778907
8 26
    -1.815743001606110     0.888268609683131     1.029503089522406
     0.573974369682690    -0.934001404872769    -0.364071832777848
     0.803237323910986    -0.546157956396437    -1.144945139426501
8 27
    -0.010289597508665    -0.007923475107580    -0.016858200516327
    -0.013486215830609     0.047452721072685    -0.029264776870767
     0.002966583429927     0.006989395613014    -0.016986332979329
8 28
     0.055147910305244    -0.013076789225255     0.010252873372704
    -0.043352696315427     0.034101696424415     0.055297516520195
     0.041099962425117     0.048896537213011    -0.061822916197592
8 29
    -0.000466115639796     0.031511391812066    -0.006718433723301
    -0.011233742987612     0.003884770364092     0.001271430936863
    -0.003792688534984     0.001015134685182    -0.000846221410979
8 30
    -0.053116565419951    -0.197355182955569     0.052194535869343
    -0.157172102228053    -0.094780144656185     0.154666637992355
     0.028580310816676    -0.016663506209514    -0.245606667037771
8 31
    -0.017235596616404    -0.023964122428816    -0.014091986561792
    -0.007868670834736     0.036787032700507    -0.001212449907015
     0.015523444722331     0.005234797425884     0.041816641717605
8 32
     0.018384659014931     0.014338916435891    -0.003977024484426
     0.007518590725468    -0.001249482078805    -0.001203010436185
     0.021751245242221     0.007498443093868     0.017760797704973
8 33
     0.070556081755201     0.009021795129450     0.023320849640680
     0.056179595390056    -0.014017880450642     0.013426018320283
    -0.006550282707251     0.031983856122508     0.109678375843478
8 34
    -0.035417474078772    -0.010262391157728    -0.023850373672749
     0.003542641755971     0.028668461273253     0.004815576325355
     0.003591269649394    -0.001458815918918     0.061328215877048
8 35
    -0.008875807030255     0.000817944766059    -0.013720766841136
     0.020146174955849     0.019246522380891     0.012861654913852
    -0.020271676061938     0.010540014974863    -0.013571050986314
8 36
     0.016773579419418    -0.012831963392497     0.005609765785952
     0.016643222833312    -0.006633786521661    -0.009522661387522
    -0.002461425554033     0.021858619222911    -0.000894290663153
8 37
     0.005334047614201    -0.012918625879392     0.001165602356265
    -0.007518293131531     0.016377539320264     0.001158611509229
     0.004602159705271     0.004672626816881    -0.001748823820571
8 38
     0.004202318757242     0.023330043727036     0.004677999170578
    -0.029547955774718    -0.003308038535981     0.003355162796883
     0.019142442817288     0.028405299477246    -0.018355019703039
8 39
     0.079677038316881     0.001346492481178    -0.026145961089923
    -0.028967162050421     0.035418131918000     0.023218132744050
    -0.010834497227456     0.014812936588317     0.079974627032497
8 40
    -0.043926076296041     0.000823619934639     0.019693231763455
    -0.030074509088367    -0.021260914853692    -0.006681041306219
     0.012130529263075     0.011318875737254     0.080176327849184
8 41
     0.025506374289843    -0.002249951125955    -0.013146749905078
     0.003204136484551     0.030336543159983    -0.009587495098123
    -0.030193170754861    -0.014315845074388     0.020115481012813
8 42
    -0.023970497204194     0.013190031549536     0.026478467494095
    -0.002036116830170     0.006721451430237     0.007065715405376
    -0.007302161619394     0.027501872158146     0.036721854407453
8 43
    -0.000720631548804    -0.024215354362630     0.003025872495604
     0.005878367807957     0.003893703403135     0.000006364333485
     0.010700110070840     0.002475689179203    -0.002859131135044
8 44
    -0.052946420002432     0.190797945947906    -0.050322967602306
     0.162757695032842    -0.095872366612829     0.152257850018469
    -0.034209002532804    -0.019268915019381    -0.234512855851698
8 45
     0.020498672363233     0.009173348757354     0.029803009441190
     0.031761793615424     0.029791982802698     0.035339744630921
    -0.038514800444829     0.019295954300038    -0.051409342099144
8 46
     0.024483925058957     0.011364418051440    -0.024519547575258
     0.025744971533718     0.051598815459702    -0.002133325628501
    -0.004481863882598     0.036476297642220    -0.028703817521295
8 47
    -1.818866004585851    -0.887392446145377    -1.037741805364891
    -0.577404844629308    -0.935964579862804    -0.369362301153654
    -0.803768200168135    -0.546318432621491    -1.148307439256915
8 48
     0.099498569613618     0.091187402699947    -0.060134629248854
     0.080956660918419    -0.191525265528863     0.066449797083382
     0.121403644816311    -0.059653649575069    -0.035102885962149
8 49
     0.018148625255667     0.015056258788553     0.115956438412969
     0.121002806667547    -0.055137802553293    -0.069175198901038
     0.071550468399964    -0.022742723819920     0.028845383479012
8 50
     0.099259653892022     0.085850332157864     0.057676028226745
     0.041549303164594    -0.030315967410790     0.012612558347057
    -0.042994612495549    -0.090984511507513    -0.109409136866029
8 51
     0.046666906009882     0.083027648448630     0.004152698884030
     0.075078434076011    -0.104348296148431     0.101423443741923
    -0.032302443483963     0.133131853181886    -0.019689472682151
8 52
     0.013380392470957    -0.033523262567826     0.010569560309722
     0.005162247156719    -0.003103064185992     0.011507033419354
    -0.000960737646146     0.000984936732040    -0.004744983911035
8 53
    -0.016312888342782    -0.305375976235237     0.294407394666048
    -0.081160831242685     0.218672478807875    -0.055254401946017
     0.073090595335865     0.292473456975043    -0.415631157000073
8 54
     0.049723153970801     0.174997211549000    -0.103615196979969
     0.064354354640911     0.085465005440425    -0.017188973566342
    -0.009566125765099     0.082702707195582    -0.072702872204095
9 1
    -0.059657774122610     0.024860861715763    -0.002521283702852
     0.026297123146858    -0.032488909579477    -0.012926138821053
    -0.053089265091981    -0.017944313965852    -0.097355726200094
9 2
    -0.042629762329324    -0.079822968985668     0.094538143355351
     0.027805454520063    -0.130165718753336     0.021437544686461
    -0.036558955663337     0.026123511021025    -0.142456129053592
9 3
     0.022221542859967    -0.000453501833643     0.033695783515891
    -0.011496570643058    -0.029057118954402    -0.005528115407463
    -0.018919007201339     0.006617977496400     0.038315605682344
9 4
    -0.014918812157432     0.008411487395971     0.009687716382443
     0.002525590983513    -0.034387882593409    -0.019447742870523
    -0.025066676638100    -0.032342963247852    -0.040981185897805
9 5
    -0.025215452722596    -0.011561164190131    -0.009072814216258
    -0.030101412624421    -0.025623605417063    -0.020992119656676
     0.000584860841430     0.016056659963402     0.000418328318719
9 6
    -0.025240450613267     0.017499839148285     0.006407568141358
     0.023983090126563    -0.021044877318587     0.006077990688035
     0.001789531538524    -0.030451017627580    -0.007250291518346
9 7
    -0.031930738215305     0.056730796790977    -0.037151120608578
     0.090729870295795    -0.049373695154137    -0.085705675399963
    -0.018468434318546    -0.020179119126721     0.098018869909678
9 8
    -0.028486918530058    -0.096990761173052     0.027312884345590
    -0.051110155773975    -0.049732395045673    -0.021639772818721
     0.026012210888751    -0.087819615655018     0.090700460705538
9 9
     3.969438428632799     0.001240554260708     0.003240124467090
     0.001240554260708     2.662586754599592     0.496378071623624
     0.003240124467090     0.496378071623624     3.969173246330592
9 10
    -0.616803948067103     0.001023425547836    -0.001196640881753
     0.001017390133964     0.005143733681297    -0.031792377918589
    -0.001199481076516    -0.031796779176282    -0.081885895374860
9 11
    -0.031934450308093     0.090729113258588    -0.018473717916157
     0.056727883502967    -0.049377903236819    -0.020187890316430
    -0.037144458681156    -0.085707011962205     0.098021287207795
9 12
    -0.028487257891564    -0.051112672270070     0.026010978745434
    -0.096991210174430    -0.049738952554170    -0.087818769861724
     0.027311323282660    -0.021636410529332     0.090698142605400
9 13
    -0.025198949311482    -0.030102890152212     0.000586369694898
    -0.011555290625594    -0.025606078700484     0.016062042758992
    -0.009072511401376    -0.020996004040690     0.000428827641639
9 14
    -0.025231632435042     0.023979853139884     0.001788534337790
     0.017498377283334    -0.021023001553777    -0.030453434925696
     0.006403474919494     0.006090129388079    -0.007240815500892
9 15
     0.022232527730889    -0.011492075408333    -0.018912235634046
    -0.000453026727533    -0.029045152545585     0.006616854992955
     0.033694170243498    -0.005527995325699     0.038322883681424
9 16
    -0.014908286729781     0.002525737170008    -0.025065804740075
     0.008409117086371    -0.034378641518537    -0.032345171708118
     0.009683597055847    -0.019450269808511    -0.040975307112321
9 17
    -0.059645170758350     0.026291943968172    -0.053088607252753
     0.024854053601846    -0.032477193776080    -0.017946078645687
    -0.002521899774510    -0.012919529103094    -0.097342438891874
9 18
    -0.042614517166258     0.027813108427273    -0.036554705813085
    -0.079831186755074    -0.130154196124950     0.026122325866225
     0.094540947003490     0.021440113392019    -0.142434488231363
9 19
     0.105348556357731    -0.082664437659529    -0.070875661096445
     0.005380289535186    -0.049450500494501    -0.039177787526026
     0.032403338270350    -0.088462726593820    -0.068218653674735
9 20
     0.013249070009793    -0.016199024725897    -0.104959778594818
    -0.167020373149744    -0.034418649629692    -0.016275850950046
    -0.061276027298278    -0.020832917342508    -0.009932296830726
9 21
    -0.012432205979609     0.300366572280147    -0.292005153758767
     0.077860754649744     0.220678851907228    -0.052517362639157
    -0.073035368166374     0.290840710452571    -0.412260467109026
9 22
     0.044870853509484    -0.169580083017036     0.103038788850527
    -0.060232119978282     0.081641388019824    -0.023979393696614
     0.011189401491064     0.082653818254845    -0.073960472854327
9 23
     0.011827850124860    -0.002119719842559     0.009607768032433
     0.001168108410467    -0.003930260468816     0.000855023926366
     0.008618602333925    -0.002756910228308     0.001121151219846
9 24
     0.047375732999202    -0.047566454165914    -0.028481248582424
    -0.082172567091855    -0.103909799314327     0.110271292604980
     0.024402029295994     0.137842791302389    -0.026071635699030
9 25
    -0.053119431719446    -0.197355256048817     0.052177792294702
    -0.157180920406278    -0.094779732201431     0.154669906304711
     0.028576118396832    -0.016660123036341    -0.245622919843464
9 26
    -0.000467749795974     0.031511256067463    -0.006710811141768
    -0.011233309649073     0.003878557438048     0.001275508495889
    -0.003795988173017     0.001019306221240    -0.000857409898804
9 27
    -1.815723772861051     0.888266787572888     1.029493592621167
     0.573967906151226    -0.933992571031705    -0.364077074607888
     0.803222219713469    -0.546177033734054    -1.144911151066378
9 28
     0.097414373089382    -0.094502061395780     0.066310643202835
    -0.079989412752292    -0.191933183280749     0.073645853412026
    -0.124623376267327    -0.056533805267812    -0.029200319068297
9 29
     0.055154671430645    -0.013050768029118     0.010248325928516
    -0.043354863008123     0.034081778514451     0.055299620561535
     0.041094172395720     0.048888919852424    -0.061826179289002
9 30
    -0.010282074125111    -0.007924581948186    -0.016855673578339
    -0.013485573654219     0.047447693301441    -0.029264839522123
     0.002967016768467     0.006986169068228    -0.016986547038125
9 31
     0.016769188603618    -0.012838614878027     0.005604289013330
     0.016641588677134    -0.006637070496856    -0.009523982286925
    -0.002462380987198     0.021857501940412    -0.000915237099530
9 32
    -0.008880589417025     0.000818143162017    -0.013721555204020
     0.020137080067472     0.019234869228849     0.012868374271683
    -0.020272803786329     0.010538803715331    -0.013582939080938
9 33
     0.018385118458201     0.014332990661891    -0.003980987182634
     0.007518757795748    -0.001246443488084    -0.001201016034716
     0.021752644455818     0.007502129081924     0.017777081836343
9 34
    -0.017229994541072    -0.023967354194549    -0.014093986184208
    -0.007868613404327     0.036790488966928    -0.001212752721898
     0.015522661580393     0.005235293415779     0.041837306222884
9 35
    -0.035413631462328    -0.010270567159564    -0.023851480513355
     0.003544239365525     0.028667970504305     0.004816886782866
     0.003591729092665    -0.001460491842666     0.061324451574798
9 36
     0.070559741638526     0.009012548833632     0.023322374156987
     0.056176755195293    -0.014023294571909     0.013424217093825
    -0.006550867453232     0.031984117169821     0.109670053655146
9 37
    -0.023951654809158     0.013199815602819     0.026477606037963
    -0.002040732146660     0.006734331504649     0.007067433096694
    -0.007306709063582     0.027533129963377     0.036720523066158
9 38
     0.025521556801554    -0.002252316214609    -0.013143298859603
     0.003203844111561     0.030348629650564    -0.009583882203314
    -0.030191541819629    -0.014312012899836     0.020114938034402
9 39
     0.004200752473365     0.023319356450051     0.004682823324918
    -0.029553009650693    -0.003303715592482     0.003355047936066
     0.019141957269287     0.028404761719782    -0.018354434957058
9 40
     0.005327542315167    -0.012906868308424     0.001168776691588
    -0.007520235323538     0.016380061037305     0.001158783800455
     0.004602660916111     0.004680500003834    -0.001748077225256
9 41
    -0.043929511678677     0.000826752502392     0.019694025347286
    -0.030073062886254    -0.021262413265268    -0.006680461781185
     0.012130205564407     0.011327683473587     0.080168073533154
9 42
     0.079670621773933     0.001342132991055    -0.026147783200166
    -0.028973134812937     0.035400030897333     0.023216759635185
    -0.010833447817259     0.014813385589695     0.079966367495520
9 43
     0.099517474660009     0.091187569770227    -0.060132603521707
     0.080950870889022    -0.191518107611547     0.066451123203731
     0.121403415094675    -0.059653769656833    -0.035093044478457
9 44
    -1.818835796190817    -0.887393563427876    -1.037728632917488
    -0.577406943449703    -0.935967780302859    -0.369355895052599
    -0.803776590228768    -0.546311681937983    -1.148303272941803
9 45
    -0.052950299165500     0.190791388439409    -0.050320315361609
     0.162758425965318    -0.095881973153939     0.152258304240793
    -0.034209597720677    -0.019264900111710    -0.234510360239388
9 46
    -0.000724834410539    -0.024238269095745     0.003026070891562
     0.005883938557612     0.003853120987891     0.000003628557648
     0.010701545831061     0.002474916479157    -0.002858019073491
9 47
     0.024476829792996     0.011386429560853    -0.024520069669884
     0.025740533729401     0.051619077952119    -0.002140410452569
    -0.004489554336433     0.036499630051036    -0.028710662181836
9 48
     0.020492965868976     0.009169855944309     0.029802873696587
     0.031756014027919     0.029783916440734     0.035336183945575
    -0.038519692471470     0.019292388393746    -0.051416865482698
9 49
     0.049739584288667     0.174914621400185    -0.103617562068623
     0.064350303186617     0.085457837081216    -0.017190289244799
    -0.009560899597897     0.082662970573631    -0.072698998261973
9 50
    -0.016295664441085    -0.305375918804828     0.294410412372984
    -0.081162188688712     0.218686476164786    -0.055258255004353
     0.073096239178767     0.292451314941974    -0.415633715263738
9 51
     0.099255638984351     0.085806711151899     0.057677072415996
     0.041547919613836    -0.030322467488878     0.012615899752661
    -0.042992607652187    -0.090928511637977    -0.109409888682290
9 52
     0.018155005251992     0.015051126598384     0.115960552518618
     0.120993623023084    -0.055180442021362    -0.069171183993368
     0.071555647578649    -0.022787848458406     0.028843133251176
9 53
     0.013377364322129    -0.033525862599061     0.010566777545368
     0.005156196080008    -0.003114503279237     0.011508756331619
    -0.000956534784411     0.000984508614447    -0.004745693959726
9 54
     0.046650099783885     0.083028577777063     0.004155053530791
     0.075069913491722    -0.104343524203553     0.101424440942658
    -0.032298303273582     0.133131900170402    -0.019690438557209
10 1
    -0.042628133394093    -0.079834585591086     0.094538174681029
     0.027818177966087    -0.130167274595320     0.021435858320821
    -0.036554157613728     0.026122216226353    -0.142456379659013
10 2
    -0.059661073760644     0.024858909081864    -0.002520354374419
     0.026296538400877    -0.032488554555132    -0.012927898279941
    -0.053086806026295    -0.017947007974120    -0.097356462353516
10 3
    -0.014918128213472     0.008409957658718     0.009683607497739
     0.002521121853518    -0.034397316843292    -0.019447909940803
    -0.025065230435987    -0.032345302231774    -0.040981744539054
10 4
     0.022218566920602    -0.000454425941130     0.033692201946760
    -0.011487648045908    -0.029057787235523    -0.005524523396439
    -0.018913822801708     0.006618191555196     0.038313501641003
10 5
    -0.025242324932973     0.017504151649892     0.006408038026521
     0.023976104500473    -0.021043598186755     0.006088406475815
     0.001789933551386    -0.030453695973009    -0.007253262236765
10 6
    -0.025215499711112    -0.011557285027063    -0.009070449127605
    -0.030100869646011    -0.025611158681190    -0.020994521291953
     0.000585816274595     0.016057108964780     0.000416213835486
10 7
    -0.028489622980218    -0.096987122173512     0.027312717275310
    -0.051114896393175    -0.049731262100335    -0.021635058304252
     0.026012236993482    -0.087822361872748     0.090700392833236
10 8
    -0.031935061158805     0.056730384336223    -0.037144490006834
     0.090732579966901    -0.049375987149543    -0.085703524370106
    -0.018469703008486    -0.020179327964571     0.098019877552306
10 9
    -0.616803948067103     0.001017390133964    -0.001199481076516
     0.001023425547836     0.005143733681297    -0.031796779176282
    -0.001196640881753    -0.031792377918589    -0.081885895374860
10 10
     3.969508128265310     0.001273461884956     0.003283275587892
     0.001273461884956     2.662675155661590     0.496337640615822
     0.003283275587892     0.496337640615822     3.969159734521682
10 11
    -0.028487680788211    -0.051119668338052     0.026008159434456
    -0.096994551580033    -0.049736070591837    -0.087827353097368
     0.027313693592260    -0.021635361119135     0.090698241803379
10 12
    -0.031932294057289     0.090730700426249    -0.018470214661219
     0.056730227707835    -0.049377047001633    -0.020184079025663
    -0.037144098435865    -0.085709606772494     0.098023975995116
10 13
    -0.025230791862695     0.023984943562483     0.001792246430577
     0.017503598229589    -0.021025147362688    -0.030452912831071
     0.006405114296618     0.006086829750046    -0.007235505798550
10 14
    -0.025198348902663    -0.030094839453086     0.000586677730727
    -0.011556982212180    -0.025597176987118     0.016059244331799
    -0.009070574430315    -0.020996071912991     0.000429532469384
10 15
    -0.014902773410535     0.002524572898993    -0.025065601123172
     0.008412583794684    -0.034379623056433    -0.032347542017718
     0.009686666972245    -0.019450489088254    -0.040974461319028
10 16
     0.022233169907278    -0.011495390709205    -0.018911974586733
    -0.000452645598457    -0.029046144525373     0.006615748152348
     0.033691622421726    -0.005523922987620     0.038318263143988
10 17
    -0.042617315593451     0.027808482668891    -0.036558872128197
    -0.079831959455120    -0.130159918282046     0.026122414622311
     0.094536770246486     0.021439439889952    -0.142437552926815
10 18
    -0.059648292884211     0.026292100596560    -0.053087338562813
     0.024859050047413    -0.032481052055363    -0.017945561772007
    -0.002522521067115    -0.012922677333686    -0.097342125635098
10 19
     0.013234963013011    -0.016208772232556    -0.104969818474467
    -0.167013408407439    -0.034363495553449    -0.016273021197175
    -0.061281932188493    -0.020801915363643    -0.009937533439820
10 20
     0.105347663575921    -0.082631509151496    -0.070875165106550
     0.005380127685852    -0.049449665143100    -0.039178758622029
     0.032402623000713    -0.088404899393094    -0.068216053643500
10 21
     0.044872675619727    -0.169578783001419     0.103039399701239
    -0.060229243236895     0.081633807205861    -0.023975885220730
     0.011192361767591     0.082655055619108    -0.073959846340776
10 22
    -0.012428775817919     0.300372592031180    -0.292011867895651
     0.077848459321312     0.220688296599004    -0.052528065578981
    -0.073039983482864     0.290845659909621    -0.412257198796670
10 23
     0.047377591656069    -0.047570610039133    -0.028471683808884
    -0.082174994831864    -0.103888659702938     0.110263670023447
     0.024402572274405     0.137864933335458    -0.026075154616806
10 24
     0.011824399079386    -0.002120006994603     0.009607856788519
     0.001172326935042    -0.003928166869367     0.000853019083004
     0.008617626016975    -0.002760627542042     0.001122686178045
10 25
    -0.000471179957664     0.031506285726628    -0.006713703545994
    -0.011238139024359     0.003875330893262     0.001274485190422
    -0.003795617485833     0.001021765286927    -0.000857921551537
10 26
    -0.053128380421327    -0.197356498634026     0.052189262713625
    -0.157180763777891    -0.094773816869323     0.154661437929884
     0.028573492260866    -0.016655403300926    -0.245617672792478
10 27
     0.097415307638761    -0.094441206046226     0.066311462891397
    -0.079991736073376    -0.191855887171437     0.073649100840597
    -0.124622734090938    -0.056512289748293    -0.029184969486306
10 28
    -1.815735337257007     0.888340925009716     1.029505381517812
     0.573986221230690    -0.934011825881495    -0.364087479953775
     0.803224992035931    -0.546225614638962    -1.144908300429723
10 29
    -0.010282079346058    -0.007925365090124    -0.016854300469474
    -0.013485913015726     0.047455644802588    -0.029268133939210
     0.002967690270534     0.006981397123350    -0.016986630573265
10 30
     0.055154770628624    -0.013052694558286     0.010252252080100
    -0.043350691472064     0.034082561656389     0.055299208106781
     0.041094005325439     0.048887390115171    -0.061821000110316
10 31
    -0.008878746422996     0.000815297746308    -0.013720276072188
     0.020144984580102     0.019235579277540     0.012862573800393
    -0.020269817405071     0.010541899736461    -0.013585502565549
10 32
     0.016766912271050    -0.012840034975408     0.005601433155729
     0.016640633243969    -0.006639012688863    -0.009518630817013
    -0.002464286632581     0.021853742859108    -0.000910632224933
10 33
    -0.017232025489165    -0.023968805617608    -0.014099734446035
    -0.007866963585310     0.036785111392285    -0.001209938631866
     0.015522839092566     0.005234108260979     0.041834680086918
10 34
     0.018386857033305     0.014334504736305    -0.003983247852362
     0.007517170628086    -0.001250113813302    -0.001199872647486
     0.021749595423204     0.007499314991893     0.017775432017327
10 35
     0.070560744060207     0.009017284231885     0.023317539560754
     0.056175564819547    -0.014018569615548     0.013436016432362
    -0.006551373885019     0.031983193062334     0.109671833997820
10 36
    -0.035409663543174    -0.010264025313906    -0.023848687307108
     0.003543304816145     0.028671750469394     0.004818552264721
     0.003591535917653    -0.001462428813727     0.061321825438831
10 37
     0.025526396618733    -0.002256357227011    -0.013148942702506
     0.003201619988456     0.030343105889426    -0.009583365329634
    -0.030192533799418    -0.014315777202086     0.020118879848825
10 38
    -0.023957497048018     0.013200603965703     0.026473575467454
    -0.002035276257823     0.006735903009472     0.007068096156869
    -0.007304662452650     0.027531323515973     0.036719661610026
10 39
     0.005327490105704    -0.012910355900523     0.001165738100867
    -0.007517165407140     0.016373169388248     0.001160454503257
     0.004601679378215     0.004683350640489    -0.001749836684144
10 40
     0.004200298251041     0.023317142768839     0.004684514911504
    -0.029548785905172    -0.003301246084903     0.003352750719713
     0.019138125094735     0.028403863717026    -0.018356471126098
10 41
     0.079672376011875     0.001332813601989    -0.026145381564889
    -0.028973714337971     0.035411898108171     0.023211382060542
    -0.010830623285335     0.014798286613124     0.079972616968188
10 42
    -0.043933730203251     0.000823839214382     0.019689989555831
    -0.030075720347898    -0.021278509442573    -0.006674807496390
     0.012133865447732     0.011320770940744     0.080167410472980
10 43
    -1.818839090607904    -0.887411100586348    -1.037736573976743
    -0.577394695109787    -0.935950425877506    -0.369351237968539
    -0.803765438287566    -0.546312804441428    -1.148296099361648
10 44
     0.099512535644852     0.091181873717862    -0.060136268625978
     0.080953768514193    -0.191519976710306     0.066449055709014
     0.121395406163120    -0.059650083668776    -0.035098333297014
10 45
    -0.000722359682014    -0.024221697812330     0.003025402610441
     0.005880910408784     0.003890518625919     0.000001785563619
     0.010698314065329     0.002471893551275    -0.002857987747814
10 46
    -0.052956313695586     0.190822317325027    -0.050320947096106
     0.162753633136656    -0.095904428443784     0.152267587083236
    -0.034210819422101    -0.019260754680384    -0.234513059468602
10 47
     0.020491222072926     0.009170466795021     0.029798441113216
     0.031756708413771     0.029782574657546     0.035335881130692
    -0.038521780849973     0.019290138165909    -0.051416181538739
10 48
     0.024474203657030     0.011382675700495    -0.024521265266576
     0.025745342220902     0.051618508868977    -0.002134004351514
    -0.004490394908780     0.036500005959166    -0.028716749805170
10 49
    -0.016299559266992    -0.305373203912775     0.294398498173629
    -0.081167148587654     0.218681098590143    -0.055259716869305
     0.073095748409819     0.292444673898337    -0.415629146935764
10 50
     0.049739490311634     0.174911927391917    -0.103621900674961
     0.064354250221986     0.085461042742217    -0.017188070342640
    -0.009557276261196     0.082664521194669    -0.072698951273457
10 51
     0.018157542631872     0.015048422148224     0.115951603816736
     0.121009056140215    -0.055195582765503    -0.069167325714085
     0.071543284377916    -0.022778748349082     0.028852191592929
10 52
     0.099254667888348     0.085804956913957     0.057673522172542
     0.041544750499459    -0.030326195244504     0.012613221407232
    -0.042988352580989    -0.090927775484555    -0.109408693085598
10 53
     0.046664379071894     0.083019039108254     0.004154896902403
     0.075078841309818    -0.104364094731800     0.101437012981241
    -0.032293578317221     0.133139141622858    -0.019689712845679
10 54
     0.013380444680419    -0.033524050930710     0.010565226924330
     0.005158127830123    -0.003116529006384     0.011513486508926
    -0.000959536828508     0.000984221462403    -0.004744148559634
11 1
    -0.025216152329394    -0.011556501885125    -0.009069655543774
    -0.030096953936319    -0.025616275208521    -0.020999648261176
     0.000584740759666     0.016058325445258     0.000422191818948
11 2
    -0.025247822589380     0.017501718688937     0.006404592201992
     0.023982656788023    -0.021044104618542     0.006089085198828
     0.001791103043347    -0.030450401555922    -0.007246516774203
11 3
    -0.059660107885587     0.024852476876077    -0.002516449106620
     0.026291698583698    -0.032494062653431    -0.012925282585867
    -0.053087077515500    -0.017946757368700    -0.097351298837669
11 4
    -0.042628290022480    -0.079833755460632     0.094537819656683
     0.027810952176470    -0.130163682584296     0.021436610137082
    -0.036554606615106     0.026129489004487    -0.142446835769258
11 5
     0.022209973243065    -0.000454274533688     0.033689132030362
    -0.011497285912695    -0.029056027776635    -0.005530120250825
    -0.018918735712134     0.006621251029702     0.038327389358043
11 6
    -0.014922263202907     0.008407963257248     0.009682464110510
     0.002520625863624    -0.034391923605810    -0.019451528056558
    -0.025065460157623    -0.032339094526676    -0.040978434459128
11 7
    -0.031932821372861     0.090731243404660    -0.018472548424196
     0.056733407264105    -0.049373282699383    -0.020182142054603
    -0.037143299631087    -0.085706416774332     0.098024607729613
11 8
    -0.028490714157985    -0.051114243774893     0.026009234949385
    -0.096989884054081    -0.049733162524772    -0.087821338567282
     0.027311218863735    -0.021642080476965     0.090697933767550
11 9
    -0.031934450308093     0.056727883502967    -0.037144458681156
     0.090729113258588    -0.049377903236819    -0.085707011962205
    -0.018473717916157    -0.020187890316430     0.098021287207795
11 10
    -0.028487680788211    -0.096994551580033     0.027313693592260
    -0.051119668338052    -0.049736070591837    -0.021635361119135
     0.026008159434456    -0.087827353097368     0.090698241803379
11 11
     3.969889032841270     0.001338306037449     0.003278425328820
     0.001338306037449     2.662668833095675     0.496331787935070
     0.003278425328820     0.496331787935070     3.968913551242898
11 12
    -0.616805665758422     0.001017416238696    -0.001198697934578
     0.001018209822527     0.005136674961959    -0.031792101208437
    -0.001199726460990    -0.031787569427088    -0.081882418224654
11 13
    -0.059650652751918     0.026294705848741    -0.053087474307416
     0.024858533173733    -0.032472160783890    -0.017944204325981
    -0.002519096126371    -0.012925444435201    -0.097341807157377
11 14
    -0.042621252186928     0.027815745005132    -0.036554230706975
    -0.079825386283784    -0.130155360395965     0.026125886551571
     0.094537751784382     0.021436124589080    -0.142440946541881
11 15
    -0.025201820831923    -0.030101501380508     0.000587795013226
    -0.011557222375708    -0.025600377427173     0.016055688867399
    -0.009070642302616    -0.020997016904264     0.000429793516696
11 16
    -0.025230833630265     0.023978991683752     0.001787892161400
     0.017496690917693    -0.021028624512894    -0.030453335727717
     0.006409499891472     0.006083686740400    -0.007239364077833
11 17
     0.022224195100665    -0.011494283868599    -0.018913384242222
    -0.000452640377510    -0.029046379467955     0.006619000801866
     0.033690191882452    -0.005521594445590     0.038334093053035
11 18
    -0.014910536957617     0.002526661277495    -0.025065261761665
     0.008406751997717    -0.034382870485003    -0.032343605424241
     0.009688081848680    -0.019447356520500    -0.040967491355777
11 19
     0.011813670034831    -0.002113841057075     0.009609198571707
     0.001165659786673    -0.003920700916222     0.000854846414193
     0.008619495115735    -0.002759943598082     0.001118869666332
11 20
     0.047370522494839    -0.047559254481028    -0.028466384548435
    -0.082174081166269    -0.103893201926180     0.110268969283896
     0.024404336954239     0.137858997119566    -0.026087194118872
11 21
     0.105347078829941    -0.082669883106474    -0.070870816058319
     0.005381135328479    -0.049446511691562    -0.039176210800257
     0.032396164690195    -0.088457646613113    -0.068187818766150
11 22
     0.013240455448471    -0.016216875141144    -0.104958160101478
    -0.167025839480473    -0.034362242526348    -0.016269825978067
    -0.061279290389688    -0.020797237395798    -0.009912634747128
11 23
    -0.012431229662659     0.300373061916343    -0.292005618422983
     0.077846412710380     0.220658015110722    -0.052519111656153
    -0.073042468653282     0.290869973856333    -0.412252682678159
11 24
     0.044869344656016    -0.169655348178255     0.103046907421954
    -0.060229660912596     0.081647470422211    -0.023975786022751
     0.011194382273792     0.082692014697650    -0.073957564787263
11 25
     0.055146672940982    -0.013054803820573     0.010249709479274
    -0.043349850899717     0.034077993328415     0.055296863901913
     0.041096239890437     0.048887473650311    -0.061842886317019
11 26
    -0.010291675445275    -0.007925767102986    -0.016858821808931
    -0.013486941542138     0.047444143057987    -0.029266176084364
     0.002967585851608     0.006983422850497    -0.016999818683507
11 27
    -0.053122418100704    -0.197357020728651     0.052199574082480
    -0.157179959752167    -0.094774015265281     0.154663500203655
     0.028578264205743    -0.016658483659217    -0.245596501855412
11 28
    -0.000467953412878     0.031496767941604    -0.006719702413241
    -0.011234259861291     0.003910577501432     0.001274072735668
    -0.003793790154644     0.001019447186789    -0.000837993199680
11 29
    -1.815752138262057     0.888260183075875     1.029509104052492
     0.573979564524214    -0.934008531464408    -0.364060900116389
     0.803238942404326    -0.546143034932039    -1.144942508069588
11 30
     0.097409454958009    -0.094447163145904     0.066309677327778
    -0.079993448543748    -0.191853882328075     0.073652671967836
    -0.124631108488731    -0.056509762810306    -0.029198669249281
11 31
    -0.035421029543172    -0.010268437013492    -0.023852107026905
     0.003543738154684     0.028662295335725     0.004819037812723
     0.003584054301669    -0.001462601104953     0.061317873182516
11 32
     0.070552092952262     0.009013081370150     0.023317288955334
     0.056175136701954    -0.014027314700526     0.013430497892170
    -0.006551760235041     0.031983072980570     0.109664608208202
11 33
     0.016768619520476    -0.012839126530760     0.005609927635286
     0.016640936058852    -0.006632042725612    -0.009522087083434
    -0.002463472164965     0.021853915150335    -0.000890975362281
11 34
    -0.008882876191484     0.000815976469321    -0.013717696924738
     0.020145261290254     0.019247326406615     0.012859905896857
    -0.020276620298041     0.010549376131499    -0.013568471838864
11 35
     0.018387770698899     0.014334504736305    -0.003980532960309
     0.007513636047471    -0.001249179263922    -0.001199674251528
     0.021748744408965     0.007494224569294     0.017775713948424
11 36
    -0.017234291379840    -0.023969129316275    -0.014095280978879
    -0.007870566038227     0.036786395745064    -0.001213347909771
     0.015522405754027     0.005233622712977     0.041829292070382
11 37
    -0.043920338476106     0.000825844057744     0.019690443778155
    -0.030078941671738    -0.021248859688789    -0.006680153745356
     0.012129954958987     0.011325281838309     0.080177591318178
11 38
     0.079680755630615     0.001330678234970    -0.026140181502418
    -0.028972080181793     0.035417260019976     0.023213031879559
    -0.010831208031315     0.014798819149642     0.079981769286974
11 39
    -0.023964712395743     0.013191707473284     0.026473345745819
    -0.002036973065356     0.006732457184943     0.007066864013552
    -0.007297457546818     0.027503099080516     0.036729059313286
11 40
     0.025517098113452    -0.002269550558199    -0.013145345470535
     0.003204997940683     0.030340693812256    -0.009587735261650
    -0.030194110525187    -0.014307674293498     0.020124273086307
11 41
     0.004187653119210     0.023322875367827     0.004677325668511
    -0.029548284694332    -0.003320004944799     0.003354510178601
     0.019140354438786     0.028403320738615    -0.018358507295137
11 42
     0.005318311682187    -0.012912465162810     0.001166542126591
    -0.007518272247746     0.016365880947275     0.001162119985112
     0.004601914320797     0.004680359038285    -0.001748954344227
11 43
     0.024489354843063     0.011377903755618    -0.024522502630839
     0.025745331779010     0.051629838322352    -0.002133993909622
    -0.004486531408551     0.036499369003723    -0.028705143641644
11 44
     0.020505120231858     0.009169641885512     0.029800179688320
     0.031754458185935     0.029793413341972     0.035337755450397
    -0.038518261932196     0.019295322565541    -0.051406277403692
11 45
     0.099502224275997     0.091181983357733    -0.060135835287439
     0.080951570495820    -0.191515058578933     0.066448956511035
     0.121401472902668    -0.059651817022933    -0.035099617649793
11 46
    -1.818857374361691    -0.887305846309838    -1.037750879369483
    -0.577402255039965    -0.935964950549989    -0.369348763240014
    -0.803760661121742    -0.546254590890679    -1.148303523547224
11 47
    -0.052962923413545     0.190796682478912    -0.050327039940386
     0.162752275690629    -0.095887554345486     0.152261593436934
    -0.034213017440474    -0.019272882938535    -0.234519674407508
11 48
    -0.000736753830840    -0.024218116243199     0.003022489322431
     0.005875282228720     0.003874725263496     0.000003853058337
     0.010700491199917     0.002474838164964    -0.002859929939821
11 49
     0.013384313401595    -0.033534503265114     0.010566558265626
     0.005154708110326    -0.003087302149246     0.011509941486419
    -0.000962904338842     0.000997440898322    -0.004742624043328
11 50
     0.046673928182595     0.083023471691625     0.004146846203277
     0.075074847285933    -0.104323721154406     0.101437561180598
    -0.032298908903348     0.133142081015600    -0.019688506807094
11 51
     0.049732113114575     0.174993071338620    -0.103618219907851
     0.064351195968427     0.085472126811118    -0.017189835022474
    -0.009561844589169     0.082704430107846    -0.072693829525180
11 52
    -0.016302759707047    -0.305380800389577     0.294407968970136
    -0.081165420454444     0.218666030939249    -0.055256908000219
     0.073096484563241     0.292472381460115    -0.415620219117667
11 53
     0.099243385423490     0.085806011545101     0.057669397625000
     0.041547559368544    -0.030332831067195     0.012612359951100
    -0.042989459421595    -0.090924282671510    -0.109410849336401
11 54
     0.018137468093520     0.015055188494571     0.115952073701899
     0.121004738417662    -0.055199785627238    -0.069175872403105
     0.071540987161564    -0.022781990556707     0.028844636883697
12 1
    -0.025249571606375     0.017502851634275     0.006406273346687
     0.023980756363586    -0.021043749594196     0.006089868340766
     0.001789390572976    -0.030453173878384    -0.007247712370895
12 2
    -0.025217603752453    -0.011555588219530    -0.009072944739915
    -0.030097267193094    -0.025617862376182    -0.020995748214323
     0.000589523146436     0.016057004545855     0.000421022326987
12 3
    -0.042631647090923    -0.079828440537343     0.094538717659439
     0.027803475781432    -0.130172589518608     0.021441747548197
    -0.036560474958697     0.026118624215330    -0.142451122166133
12 4
    -0.059658891405109     0.024854862848516    -0.002524040362475
     0.026293525914888    -0.032493206418245    -0.012923032358031
    -0.053090502456244    -0.017947383882250    -0.097355339850071
12 5
    -0.014927437160646     0.008405895762531     0.009682082981433
     0.002524170886131    -0.034389783017846    -0.019453000363403
    -0.025066316392809    -0.032340561612574    -0.040978862576721
12 6
     0.022211022653263    -0.000454681767496     0.033692682273816
    -0.011497526076223    -0.029058298888256    -0.005526559565479
    -0.018912439250950     0.006618802405908     0.038318743471044
12 7
    -0.028492416186465    -0.051110656984815     0.026015228595686
    -0.096987367557986    -0.049736143685084    -0.087818420058325
     0.027316006471451    -0.021636092051610     0.090698330559466
12 8
    -0.031937760388019     0.090732256268234    -0.018474600256074
     0.056730624499751    -0.049375746986015    -0.020183938060114
    -0.037144985996728    -0.085710311600238     0.098019992413123
12 9
    -0.028487257891564    -0.096991210174430     0.027311323282660
    -0.051112672270070    -0.049738952554170    -0.021636410529332
     0.026010978745434    -0.087818769861724     0.090698142605400
12 10
    -0.031932294057289     0.056730227707835    -0.037144098435865
     0.090730700426249    -0.049377047001633    -0.085709606772494
    -0.018470214661219    -0.020184079025663     0.098023975995116
12 11
    -0.616805665758422     0.001018209822527    -0.001199726460990
     0.001017416238696     0.005136674961959    -0.031787569427088
    -0.001198697934578    -0.031792101208437    -0.081882418224654
12 12
     3.969881003025929     0.001320962053989     0.003291900591106
     0.001320962053989     2.662654209225213     0.496319764095843
     0.003291900591106     0.496319764095843     3.968893544576847
12 13
    -0.042618735690833     0.027812361831959    -0.036554298579277
    -0.079828941748184    -0.130147795244841     0.026118227423414
     0.094541134957556     0.021436537043834    -0.142435386234119
12 14
    -0.059652370443236     0.026293938369642    -0.053085088334977
     0.024855489362066    -0.032475893760462    -0.017945613981470
    -0.002523262441483    -0.012929339261108    -0.097340601118792
12 15
    -0.025235788308261     0.023977247887703     0.001786153586297
     0.017493892490500    -0.021026165447208    -0.030454463452109
     0.006404550434422     0.006089048652204    -0.007237672491246
12 16
    -0.025202327263710    -0.030102153998790     0.000587612280107
    -0.011555389823573    -0.025604997964609     0.016056242287702
    -0.009072313005418    -0.020995753435270     0.000430346937000
12 17
    -0.014911012063726     0.002522353996835    -0.025063303906819
     0.008406950393675    -0.034379471648991    -0.032339449551022
     0.009683915533569    -0.019448719187473    -0.040969616280903
12 18
     0.022224106344579    -0.011495871036260    -0.018916850950536
    -0.000457193042645    -0.029043591482655     0.006613346517071
     0.033693423648184    -0.005523186834198     0.038338322019502
12 19
     0.047367254182483    -0.047586377296825    -0.028485268711041
    -0.082167252168567    -0.103879021836151     0.110262839892992
     0.024398374633615     0.137848690971657    -0.026090170058237
12 20
     0.011815006597072    -0.002122288548117     0.009608733907490
     0.001168578295630    -0.003930281352601     0.000855885382498
     0.008617391074394    -0.002760987787333     0.001116551566195
12 21
     0.013244940241305    -0.016201201860485    -0.104967897166245
    -0.167009967803857    -0.034361542919550    -0.016264328321660
    -0.061285278815043    -0.020806953576779    -0.009916414712217
12 22
     0.105353808629664    -0.082664463764260    -0.070875253862637
     0.005376551337667    -0.049436633661247    -0.039176471847570
     0.032398503674117    -0.088455787956247    -0.068187615149246
12 23
     0.044871386046002    -0.169649798312385     0.103041545510150
    -0.060234547718291     0.081652090959647    -0.023976334222108
     0.011190069772185     0.082693716726130    -0.073958055556211
12 24
    -0.012430869417367     0.300377525825391    -0.292006088308146
     0.077852066995175     0.220670618474983    -0.052518004815547
    -0.073036349704270     0.290866956149397    -0.412258644998783
12 25
    -0.010290077835721    -0.007925840196233    -0.016856049486470
    -0.013487181705666     0.047446153122296    -0.029261200522582
     0.002967168175908     0.006985239739794    -0.017000654034908
12 26
     0.055145780159172    -0.013049796933114     0.010253609526127
    -0.043360726130767     0.034079606600808     0.055295783166038
     0.041099006991952     0.048886784485406    -0.061834955699657
12 27
    -0.000471623738095     0.031511940011423    -0.006718360630053
    -0.011234902037681     0.003887861164275     0.001275007285048
    -0.003796729547386     0.001020554027395    -0.000843809333809
12 28
    -0.053124522142045    -0.197349904578905     0.052182548576740
    -0.157186277097137    -0.094739295972682     0.154652870357079
     0.028571988628344    -0.016690811758430    -0.245602949724037
12 29
     0.097410248541840    -0.094442814097673     0.066311327146795
    -0.079993187496435    -0.191857704060734     0.073652259513082
    -0.124625663041787    -0.056500417316508    -0.029198664028334
12 30
    -1.815716019755861     0.888253656893055     1.029486549564669
     0.573970579275708    -0.933996168263675    -0.364067541160026
     0.803209433616090    -0.546161872106129    -1.144908738989208
12 31
     0.070551758811702     0.009014856491876     0.023320677349454
     0.056172954346419    -0.014026709070760     0.013428868956939
    -0.006552773098615     0.031987850146394     0.109661151941781
12 32
    -0.035424214320388    -0.010262871484784    -0.023853297402652
     0.003540595145039     0.028661287693098     0.004816860678134
     0.003588043104608    -0.001464464982766     0.061310913661157
12 33
    -0.008881007092725     0.000812995309009    -0.013720422258683
     0.020143621913130     0.019240158047406     0.012867476268927
    -0.020273644358676     0.010537733421349    -0.013564947700141
12 34
     0.016766651223737    -0.012842739425569     0.005601219096932
     0.016642627645439    -0.006631395328276    -0.009523277459180
    -0.002459415489725     0.021857183462691    -0.000896211971375
12 35
    -0.017233952018333    -0.023967871068228    -0.014097285822241
    -0.007872513451180     0.036780809332570    -0.001203913659887
     0.015520463562020     0.005231304612840     0.041838303423619
12 36
     0.018386303613001     0.014330479386742    -0.003980240587319
     0.007514638469153    -0.001251815841781    -0.001196948917583
     0.021752534815946     0.007502468443431     0.017773630790868
12 37
     0.079681716284726     0.001329707138967    -0.026147637013671
    -0.028976382241508     0.035419285747123     0.023216394168947
    -0.010831813661081     0.014801951717396     0.079978208601628
12 38
    -0.043923350962096     0.000823619934639     0.019690558638973
    -0.030074655274862    -0.021249439213823    -0.006676754909344
     0.012129265794081     0.011327286681671     0.080175795312666
12 39
     0.025512221749649    -0.002267848529719    -0.013145298482019
     0.003202100315512     0.030335890541701    -0.009583506295183
    -0.030192575566988    -0.014301607553949     0.020121526868577
12 40
    -0.023964263394365     0.013190083758999     0.026477183141316
    -0.002033099123235     0.006722036176217     0.007065840708086
    -0.007303555612044     0.027498901439727     0.036725117498863
12 41
     0.005313821668407    -0.012916266011684     0.001164631260261
    -0.007517290709850     0.016367943221046     0.001161425599260
     0.004600123536231     0.004676641724551    -0.001751439514645
12 42
     0.004190707372770     0.023320066498742     0.004677790332727
    -0.029553714478438    -0.003316444259453     0.003355904171251
     0.019141022719907     0.028402981377109    -0.018359118145849
12 43
     0.020506080885969     0.009164937812936     0.029798529869303
     0.031752959774360     0.029793392458187     0.035339911701201
    -0.038518167955164     0.019293986003300    -0.051405645669195
12 44
     0.024489307854547     0.011385521116205    -0.024523818309295
     0.025744026542446     0.051629102168929    -0.002137679897678
    -0.004484949461835     0.036496487041390    -0.028705347258548
12 45
    -1.818853312465504    -0.887397489579460    -1.037730047793924
    -0.577405194432707    -0.935950728692389    -0.369368529742537
    -0.803773290590734    -0.546324802175923    -1.148293770819619
12 46
     0.099505419495106     0.091118293034363    -0.060137422455100
     0.080950385341020    -0.191438399425064     0.066447170947416
     0.121406056893481    -0.059619186108836    -0.035089248850530
12 47
    -0.000737918101855    -0.024218857617567     0.003023883315081
     0.005881051374333     0.003875351777047     0.000000814467616
     0.010698486356555     0.002474853827802    -0.002858034736330
12 48
    -0.052964609779186     0.190798676880382    -0.050316744234370
     0.162758692233577    -0.095898220738686     0.152268787900874
    -0.034211143120769    -0.019272423495265    -0.234512975933462
12 49
     0.046667052196377     0.083035041308527     0.004158468029642
     0.075076685059015    -0.104291377392354     0.101430272739626
    -0.032298094435732     0.133145255350923    -0.019692960274250
12 50
     0.013392839206830    -0.033534163903607     0.010563885141143
     0.005155110123187    -0.003088857991230     0.011508881634329
    -0.000964376645686     0.000997916004432    -0.004744033698817
12 51
    -0.016305646890326    -0.305378764220538     0.294406423570044
    -0.081165117639561     0.218658998324643    -0.055246220723235
     0.073103579829202     0.292464706669119    -0.415625821193000
12 52
     0.049732034800381     0.174993368932556    -0.103616643182082
     0.064346946118175     0.085467662902069    -0.017192706542915
    -0.009560403608003     0.082705667472109    -0.072693286546770
12 53
     0.018147643717771     0.015043890366874     0.115954115091885
     0.120995486900897    -0.055195619312127    -0.069163169840866
     0.071546484817971    -0.022776070003653     0.028841608734869
12 54
     0.099244633229645     0.085805108321399     0.057675171991559
     0.041547867404374    -0.030334856794342     0.012615800554682
    -0.042990023283790    -0.090926214421624    -0.109412540922988
13 1
     0.022223766983072    -0.011487512301305    -0.018913138857748
    -0.000451622292991    -0.029034574908471     0.006616077071963
     0.033692489098804    -0.005532407025285     0.038330255657537
13 2
    -0.014910933749532     0.002529188215483    -0.025070801185642
     0.008413748065699    -0.034373342258087    -0.032338165198243
     0.009682176958465    -0.019452410396476    -0.040973505885863
13 3
    -0.059643150252149     0.026294852035237    -0.053087145387802
     0.024856883354717    -0.032473565218432    -0.017947352556573
    -0.002522442752921    -0.012930258147649    -0.097345378284616
13 4
    -0.042619210796942     0.027808487889837    -0.036557039576061
    -0.079828863433990    -0.130142924101985     0.026126131936045
     0.094537887528985     0.021438635864229    -0.142440246935083
13 5
    -0.025203167836057    -0.030102101789327     0.000588964505187
    -0.011555791836434    -0.025608151416147     0.016058132270247
    -0.009070929454660    -0.020999904087543     0.000435395592029
13 6
    -0.025231721191128     0.023979717395282     0.001792324744771
     0.017506668145988    -0.021031104462366    -0.030455173500799
     0.006412804750452     0.006088134986610    -0.007240356057621
13 7
     0.022228324869153    -0.000451068872687     0.033695250979373
    -0.011491381022481    -0.029038997049950    -0.005528971642649
    -0.018913890674009     0.006612302327820     0.038330798635948
13 8
    -0.014909148185913     0.008413779391377     0.009684150476150
     0.002532305120397    -0.034369687595708    -0.019450838891653
    -0.025063335232497    -0.032346461281843    -0.040972722743925
13 9
    -0.025198949311482    -0.011555290625594    -0.009072511401376
    -0.030102890152212    -0.025606078700484    -0.020996004040690
     0.000586369694898     0.016062042758992     0.000428827641639
13 10
    -0.025230791862695     0.017503598229589     0.006405114296618
     0.023984943562483    -0.021025147362688     0.006086829750046
     0.001792246430577    -0.030452912831071    -0.007235505798550
13 11
    -0.059650652751918     0.024858533173733    -0.002519096126371
     0.026294705848741    -0.032472160783890    -0.012925444435201
    -0.053087474307416    -0.017944204325981    -0.097341807157377
13 12
    -0.042618735690833    -0.079828941748184     0.094541134957556
     0.027812361831959    -0.130147795244841     0.021436537043834
    -0.036554298579277     0.026118227423414    -0.142435386234119
13 13
     3.968428989999982     0.000969581929103     0.003194326326537
     0.000969581929103     2.660895152349982     0.496370323739381
     0.003194326326537     0.496370323739381     3.967660931375393
13 14
    -0.616782349012445     0.001021551228130    -0.001200258997508
     0.001024997052659     0.005164977711610    -0.031787814811562
    -0.001200707998886    -0.031800653118404    -0.081870436152997
13 15
    -0.031909107834969     0.090732971537871    -0.018469050390204
     0.056726698348167    -0.049348143843163    -0.020179682988916
    -0.037144192412897    -0.085704312732991     0.098052498024510
13 16
    -0.028462672455647    -0.051107905546139     0.026010973524488
    -0.096986824579575    -0.049714696037867    -0.087819333723920
     0.027309172252803    -0.021634635407605     0.090733634598045
13 17
    -0.031910919503319     0.056726202358272    -0.037141795998566
     0.090730998020186    -0.049349757115556    -0.085706338460138
    -0.018471446804536    -0.020185368599388     0.098057217759925
13 18
    -0.028468942812100    -0.096987090847834     0.027312900008429
    -0.051110651763869    -0.049712466693816    -0.021635157502231
     0.026007731316863    -0.087825264718866     0.090735587231945
13 19
     0.018378581833490     0.014337595536488    -0.003978199197333
     0.007517045325376    -0.001259657703057    -0.001199815217077
     0.021752649676764     0.007502196954226     0.017763037490916
13 20
    -0.017244477445984    -0.023959695066392    -0.014092853238870
    -0.007870096153064     0.036765365773547    -0.001206132562046
     0.015515691617142     0.005212227275222     0.041818380292708
13 21
    -0.035423587806837    -0.010260819652905    -0.023854023114181
     0.003548938217155     0.028665772485931     0.004823517384610
     0.003591196556147    -0.001467701969445     0.061325970870158
13 22
     0.070548574034486     0.009019988682046     0.023324890653082
     0.056178493770396    -0.014023143164467     0.013430654520558
    -0.006551833328289     0.031992575102755     0.109672199464057
13 23
     0.016765533941239    -0.012832871837146     0.005607317162158
     0.016648746594450    -0.006620238166128    -0.009526519666805
    -0.002460725947235     0.021856322006559    -0.000902216059569
13 24
    -0.008886421213992     0.000809314541899    -0.013720615433694
     0.020141209835960     0.019240748014333     0.012863753734247
    -0.020274082918161     0.010547011042845    -0.013572820887095
13 25
    -0.012419498196423     0.300371151050013    -0.292016937434465
     0.077851753738399     0.220694781014253    -0.052519612866994
    -0.073052169171424     0.290834816004248    -0.412253773855926
13 26
     0.044889711567359    -0.169579362526453     0.103039786051261
    -0.060233576622287     0.081656492217341    -0.023979263172957
     0.011190503110724     0.082643209292054    -0.073950970732142
13 27
     0.011842818577775    -0.002106270685005     0.009609767654848
     0.001175903283227    -0.003889876449529     0.000852256824850
     0.008615809127678    -0.002755913027573     0.001149788110057
13 28
     0.047389354447982    -0.047569884327604    -0.028477807978842
    -0.082169001185563    -0.103859803532984     0.110255368718901
     0.024400885908764     0.137845104181580    -0.026052829850618
13 29
     0.105375005671461    -0.082662683421587    -0.070876381587028
     0.005381542562287    -0.049412136981416    -0.039175197936683
     0.032400445866124    -0.088463013745864    -0.068173607350443
13 30
     0.013270637738774    -0.016194289327643    -0.104962274207128
    -0.167007038853007    -0.034331496373850    -0.016266740398830
    -0.061271793110865    -0.020780702659007    -0.009889364989667
13 31
    -1.815711602835329     0.888245303379047     1.029503423662967
     0.573970798555451    -0.933972621796063    -0.364080275047943
     0.803207642831524    -0.546160880126340    -1.144907903637807
13 32
     0.097434071719603    -0.094433954151877     0.066313154477984
    -0.079987308710951    -0.191840981369877     0.073645002397787
    -0.124611086159842    -0.056497958250822    -0.029184520484928
13 33
     0.055167420981401    -0.013047102924846     0.010257055350655
    -0.043351036054517     0.034110222229650     0.055297015309354
     0.041098082884465     0.048880414930974    -0.061800795048308
13 34
    -0.010268964329064    -0.007924561064401    -0.016855689241178
    -0.013486638727255     0.047475578375391    -0.029264077263969
     0.002966693069799     0.006982937302496    -0.016967172106571
13 35
    -0.053094898492991    -0.197362695897231     0.052188176756804
    -0.157177166545921    -0.094749200107729     0.154655606132917
     0.028581287133625    -0.016674115172305    -0.245593014263313
13 36
    -0.000446463998090     0.031513187817578    -0.006713338079756
    -0.011227462189267     0.003904427226743     0.001273326140354
    -0.003791195344355     0.001014268008104    -0.000833712023751
13 37
     0.099269296979756     0.085847486742154     0.057677359568040
     0.041548473034139    -0.030304392572941     0.012614088084310
    -0.042989370665508    -0.090989789884177    -0.109400490979030
13 38
     0.018169482935958     0.015057229884557     0.115955315909524
     0.120996625067181    -0.055120636082005    -0.069164574275408
     0.071542558666387    -0.022723724796496     0.028841332024718
13 39
     0.013395783820518    -0.033524865398326     0.010563336941786
     0.005162048760761    -0.003087009776256     0.011508798099189
    -0.000960847286018     0.000985469268558    -0.004736191837541
13 40
     0.046668660247824     0.083033062569896     0.004164571315815
     0.075063517832559    -0.104307687628456     0.101415565334024
    -0.032301164352130     0.133141438839211    -0.019687629688123
13 41
     0.049730609482053     0.174917038698301    -0.103616486553694
     0.064349932499433     0.085462817863944    -0.017189443451505
    -0.009565034587332     0.082660125157922    -0.072693683338685
13 42
    -0.016302942440165    -0.305384721320215     0.294404021934767
    -0.081148635112233     0.218668046224504    -0.055242164047994
     0.073105725638113     0.292462498208853    -0.415626656544400
13 43
     0.004201801883562     0.023319941196032     0.004679335732819
    -0.029547600750372    -0.003298311913107     0.003354285677912
     0.019142850051096     0.028402286991257    -0.018357677164683
13 44
     0.005327839909103    -0.012911347880312     0.001165022831230
    -0.007513938862354     0.016377205179703     0.001161785844552
     0.004604415154053     0.004677675471910    -0.001749048321260
13 45
    -0.043930790810510     0.000821453241943     0.019690402010585
    -0.030066390516940    -0.021268459121032    -0.006678707543243
     0.012128686269047     0.011310825038128     0.080175330648449
13 46
     0.079675962801953     0.001335716448107    -0.026151166373340
    -0.028967605830852     0.035421990197283     0.023214023859347
    -0.010834283168660     0.014805470635172     0.079965532144120
13 47
    -0.023977159131616     0.013188595789316     0.026476013649355
    -0.002036069841654     0.006716178274519     0.007066200953378
    -0.007303294564731     0.027499266905964     0.036717641103825
13 48
     0.025499200709688    -0.002262982607809    -0.013145653506365
     0.003206987121207     0.030328288843953    -0.009579292991555
    -0.030197034255090    -0.014304928075768     0.020113011505234
13 49
    -0.052922340998302     0.190798718647952    -0.050317156689124
     0.162757360892282    -0.095876277101574     0.152256194978506
    -0.034212234298536    -0.019245039632155    -0.234475729702876
13 50
    -0.000692501090379    -0.024233716430610     0.003025820286142
     0.005878780262712     0.003890356776585     0.000008525805235
     0.010702668334506     0.002478090814481    -0.002823566049151
13 51
     0.024516874450775     0.011385552441882    -0.024516921439292
     0.025748793266377     0.051663351576365    -0.002140086753902
    -0.004484683193576     0.036494550070329    -0.028664848378444
13 52
     0.020526839368281     0.009172200149178     0.029803244383772
     0.031762091209361     0.029825736220240     0.035341133402625
    -0.038518199280841     0.019291192797053    -0.051377494326986
13 53
     0.099525525359135     0.091187768166184    -0.060135266204297
     0.080956431196784    -0.191488698021290     0.066451269390226
     0.121399436733629    -0.059656124303594    -0.035058434825730
13 54
    -1.818801557225274    -0.887377122668117    -1.037713930732833
    -0.577394564586131    -0.935916771657943    -0.369365198778826
    -0.803717410802962    -0.546270065775381    -1.148244641715355
14 1
    -0.014910192375164     0.002528509492470    -0.025066426032680
     0.008413278180536    -0.034372976791849    -0.032344341577663
     0.009684813536324    -0.019449669399692    -0.040975500287333
14 2
     0.022226909992718    -0.011487334789133    -0.018911499480624
    -0.000451721490969    -0.029041633627809     0.006616975074719
     0.033691309164950    -0.005522388029421     0.038324684907882
14 3
    -0.042621497571402     0.027816366297737    -0.036553395355575
    -0.079830382729351    -0.130159218675248     0.026120059975550
     0.094535574649794     0.021436124589080    -0.142444267063700
14 4
    -0.059644627779939     0.026295039989302    -0.053091844239432
     0.024859535595414    -0.032480154052607    -0.017946694717345
    -0.002519727860868    -0.012929730832077    -0.097344339316311
14 5
    -0.025239348993607     0.023981487296062     0.001787996580325
     0.017502752436296    -0.021029532957543    -0.030450093520093
     0.006406033183159     0.006083216855237    -0.007239656450823
14 6
    -0.025203543744187    -0.030098342708023     0.000586599416533
    -0.011555786615488    -0.025599421994008     0.016055031028171
    -0.009073879289295    -0.020999982401737     0.000431881895199
14 7
    -0.014905733687062     0.008420253364734     0.009683633602471
     0.002530791045983    -0.034375853533236    -0.019448494686784
    -0.025066634870530    -0.032340796555156    -0.040973464118293
14 8
     0.022227390319774    -0.000447894537364     0.033692034876480
    -0.011489866948066    -0.029038438408700    -0.005528564408841
    -0.018912956124629     0.006615048545550     0.038332009895479
14 9
    -0.025231632435042     0.017498377283334     0.006403474919494
     0.023979853139884    -0.021023001553777     0.006090129388079
     0.001788534337790    -0.030453434925696    -0.007240815500892
14 10
    -0.025198348902663    -0.011556982212180    -0.009070574430315
    -0.030094839453086    -0.025597176987118    -0.020996071912991
     0.000586677730727     0.016059244331799     0.000429532469384
14 11
    -0.042621252186928    -0.079825386283784     0.094537751784382
     0.027815745005132    -0.130155360395965     0.021436124589080
    -0.036554230706975     0.026125886551571    -0.142440946541881
14 12
    -0.059652370443236     0.024855489362066    -0.002523262441483
     0.026293938369642    -0.032475893760462    -0.012929339261108
    -0.053085088334977    -0.017945613981470    -0.097340601118792
14 13
    -0.616782349012445     0.001024997052659    -0.001200707998886
     0.001021551228130     0.005164977711610    -0.031800653118404
    -0.001200258997508    -0.031787814811562    -0.081870436152997
14 14
     3.968529498436346     0.000965279869389     0.003263080967775
     0.000965279869389     2.661099829106035     0.496332591960793
     0.003263080967775     0.496332591960793     3.967812129978952
14 15
    -0.028461701359644    -0.051114630124916     0.026012477157010
    -0.096992431875853    -0.049714215710811    -0.087822424524103
     0.027311871482017    -0.021635335014403     0.090726434913159
14 16
    -0.031909562057293     0.090729885958634    -0.018468643156396
     0.056733673532364    -0.049351187654830    -0.020180962120749
    -0.037146828990756    -0.085706609949343     0.098046864623500
14 17
    -0.028467611470805    -0.096990416590599     0.027307867016239
    -0.051116337374341    -0.049714012093907    -0.021632531366264
     0.026009558648053    -0.087824006470819     0.090728512849768
14 18
    -0.031912924346681     0.056727982700945    -0.037142182348589
     0.090732579966901    -0.049348378785744    -0.085708745316362
    -0.018468309015836    -0.020180883806555     0.098057604109948
14 19
    -0.017242258543826    -0.023960901104977    -0.014096393040432
    -0.007869088510436     0.036775139384937    -0.001209124164250
     0.015521110959355     0.005233513073106     0.041817915628491
14 20
     0.018376524780665     0.014347390031663    -0.003980198819749
     0.007520324079625    -0.001257898244169    -0.001196379834441
     0.021750101854991     0.007503758017156     0.017753321309935
14 21
     0.070550182085932     0.009023873066060     0.023320687791346
     0.056173382464012    -0.014017828241179     0.013430226402965
    -0.006551807223558     0.031983428004915     0.109672152475541
14 22
    -0.035421760475648    -0.010265941401182    -0.023848400155064
     0.003547758283301     0.028666921094108     0.004816077536196
     0.003587896918113    -0.001461891056263     0.061323762409892
14 23
    -0.008882719563097     0.000812201725178    -0.013711974767642
     0.020145767722041     0.019244809910519     0.012859770152254
    -0.020272198156563     0.010554001889881    -0.013575384371706
14 24
     0.016765116265538    -0.012833378268932     0.005602341600377
     0.016647467462618    -0.006636318680595    -0.009524525265335
    -0.002461838008787     0.021851497852219    -0.000903228923142
14 25
     0.044889554938971    -0.169578835210881     0.103047121480750
    -0.060227301044888     0.081656857683579    -0.023977519376908
     0.011189286630247     0.082650764001286    -0.073950871534163
14 26
    -0.012408904896470     0.300370581966872    -0.292002219586971
     0.077851623214743     0.220714610168131    -0.052525408117337
    -0.073040552566006     0.290848547092900    -0.412240392570673
14 27
     0.047399138501265    -0.047563922006980    -0.028472127589316
    -0.082161237638481    -0.103840005704783     0.110270154438696
     0.024402415646017     0.137865351011159    -0.026049373584197
14 28
     0.011841581213512    -0.002121484522393     0.009608566837210
     0.001171830945147    -0.003897744415536     0.000856840815663
     0.008614289832318    -0.002760674530558     0.001150936718233
14 29
     0.013261365338225    -0.016213476305132    -0.104960431213100
    -0.167015413250801    -0.034347613434940    -0.016256951124601
    -0.061284109323082    -0.020795060261210    -0.009899864312587
14 30
     0.105372901630120    -0.082669214825353    -0.070872674715186
     0.005383834557693    -0.049419728237272    -0.039183436589874
     0.032400973181696    -0.088459458281464    -0.068173153128119
14 31
     0.097422413346615    -0.094439039353530     0.066311254053547
    -0.079991407153762    -0.191840365298219     0.073645456620111
    -0.124617664552123    -0.056506405741863    -0.029192106519838
14 32
    -1.815729155656640     0.888262354989517     1.029513766357499
     0.573979809908688    -0.933983131560875    -0.364074213529340
     0.803235794173734    -0.546154463583392    -1.144909454258845
14 33
    -0.010269000875688    -0.007925479950942    -0.016857767177788
    -0.013482618598639     0.047473004448887    -0.029270248422443
     0.002964307097360     0.006983067826152    -0.016972032807535
14 34
     0.055167253911121    -0.013049990108126     0.010251646450334
    -0.043349428003071     0.034099566278343     0.055299537026395
     0.041099111410877     0.048886471228630    -0.061804768188408
14 35
    -0.000448312213065     0.031515192660940    -0.006713259765562
    -0.011227691910902     0.003899295036574     0.001277158314905
    -0.003793346374212     0.001011808942417    -0.000835993577264
14 36
    -0.053096986871493    -0.197348907378170     0.052190087623133
    -0.157182042909723    -0.094753361201894     0.154672193079171
     0.028580420456547    -0.016663004998674    -0.245599060119077
14 37
     0.018158294448133     0.015066611924978     0.115957466939381
     0.121005902688677    -0.055127945406763    -0.069169294010823
     0.071548071985633    -0.022735419716108     0.028856598071569
14 38
     0.099267798568180     0.085848979932784     0.057675579225367
     0.041552561035057    -0.030303849594531     0.012611237447655
    -0.042992722513004    -0.090987967773934    -0.109402558473747
14 39
     0.046677530635512     0.083031172587352     0.004152756314439
     0.075084767083818    -0.104336961474110     0.101440526678071
    -0.032296522930909     0.133139569740451    -0.019678399055144
14 40
     0.013394186210964    -0.033521779819089     0.010570275579359
     0.005163035519603    -0.003093410656365     0.011508349097811
    -0.000962089871227     0.000987019889596    -0.004736144849025
14 41
    -0.016299841198090    -0.305375997119022     0.294404580576016
    -0.081157782210072     0.218676065597952    -0.055257894759062
     0.073100264528330     0.292442272263060    -0.415616292966083
14 42
     0.049735663358029     0.174996835640870    -0.103616831136147
     0.064356255065348     0.085471051296189    -0.017185908870890
    -0.009564502050813     0.082704873888278    -0.072692988952833
14 43
     0.005327599745575    -0.012908617325420     0.001165231669081
    -0.007516382265202     0.016374902742405     0.001161477808723
     0.004601674157269     0.004682917301950    -0.001751904178861
14 44
     0.004198423931335     0.023319815893322     0.004675754163688
    -0.029550242549178    -0.003304065395881     0.003357564432161
     0.019136318647331     0.028404657300857    -0.018361765165601
14 45
     0.079667353461577     0.001340874743007    -0.026143026918128
    -0.028971793029749     0.035407601269403     0.023211773631511
    -0.010831740567833     0.014810049405038     0.079971880814766
14 46
    -0.043933338632282     0.000827065759168     0.019687024058358
    -0.030072091790251    -0.021245027514237    -0.006680070210216
     0.012132711618610     0.011322039630684     0.080171952696222
14 47
     0.025499790676615    -0.002264157320717    -0.013145898890839
     0.003204846533242     0.030329714162280    -0.009581407474789
    -0.030196679230745    -0.014306974686700     0.020109774518555
14 48
    -0.023979900128401     0.013189086558264     0.026471560182199
    -0.002035177059844     0.006715160189999     0.007063924620810
    -0.007306019898677     0.027499068510007     0.036714278814437
14 49
    -0.000694474608064    -0.024232980277188     0.003023851989404
     0.005882445366983     0.003885292458717     0.000003816511713
     0.010699431347827     0.002477124939423    -0.002820960796970
14 50
    -0.052915987106709     0.190802446403578    -0.050329149202673
     0.162754750419154    -0.095879456657844     0.152267701944053
    -0.034206898491463    -0.019239489766285    -0.234477024497547
14 51
     0.020527893999425     0.009174873273660     0.029799809001135
     0.031761840603941     0.029824258692450     0.035338987593714
    -0.038520204124203     0.019290347003760    -0.051374267782200
14 52
     0.024514577234423     0.011390058118501    -0.024525040010719
     0.025747519355491     0.051663346355419    -0.002138854610585
    -0.004486693257885     0.036500047726736    -0.028673661335723
14 53
    -1.818835650004321    -0.887396622902381    -1.037740453139811
    -0.577412785688563    -0.935918745175628    -0.369372226172486
    -0.803758290812142    -0.546315696845654    -1.148266533143004
14 54
     0.099523917307689     0.091188405121628    -0.060137406792262
     0.080952870511438    -0.191491976775538     0.066445202650678
     0.121393839879243    -0.059645703294868    -0.035066276687006
15 1
    -0.025199993500734    -0.030102681314361     0.000585101004958
    -0.011557321573687    -0.025601468604940     0.016060053578469
    -0.009074495360953    -0.020994181930447     0.000431714824918
15 2
    -0.025232864578358     0.023977608132994     0.001789923109494
     0.017504861698583    -0.021028212058140    -0.030449764600479
     0.006405526751372     0.006080157380731    -0.007237416664880
15 3
     0.022231807240306    -0.011490289844713    -0.018914339675387
    -0.000461479439521    -0.029052347009525     0.006612881852854
     0.033688213143821    -0.005522769158497     0.038321573223914
15 4
    -0.014908124880447     0.002527726350531    -0.025063512744669
     0.008406261228769    -0.034381064037599    -0.032342764851894
     0.009681968120615    -0.019445623166344    -0.040976163347507
15 5
    -0.059647186043604     0.026292862854713    -0.053085960233002
     0.024856825924308    -0.032478989781592    -0.017943901511098
    -0.002522124275199    -0.012930226821971    -0.097341660970882
15 6
    -0.042620735313249     0.027814403221945    -0.036557170099717
    -0.079832204839594    -0.130159918282046     0.026127217892866
     0.094529894260268     0.021440437090687    -0.142438069800495
15 7
    -0.059646110528676     0.024859436397436    -0.002520631084570
     0.026295013884571    -0.032474129080628    -0.012930989080125
    -0.053090340606910    -0.017951242161533    -0.097343937303449
15 8
    -0.042615112354131    -0.079821538446394     0.094543051044831
     0.027818339815421    -0.130155167220954     0.021436641462759
    -0.036556037154380     0.026123813835907    -0.142438142893742
15 9
     0.022232527730889    -0.000453026727533     0.033694170243498
    -0.011492075408333    -0.029045152545585    -0.005527995325699
    -0.018912235634046     0.006616854992955     0.038322883681424
15 10
    -0.014902773410535     0.008412583794684     0.009686666972245
     0.002524572898993    -0.034379623056433    -0.019450489088254
    -0.025065601123172    -0.032347542017718    -0.040974461319028
15 11
    -0.025201820831923    -0.011557222375708    -0.009070642302616
    -0.030101501380508    -0.025600377427173    -0.020997016904264
     0.000587795013226     0.016055688867399     0.000429793516696
15 12
    -0.025235788308261     0.017493892490500     0.006404550434422
     0.023977247887703    -0.021026165447208     0.006089048652204
     0.001786153586297    -0.030454463452109    -0.007237672491246
15 13
    -0.031909107834969     0.056726698348167    -0.037144192412897
     0.090732971537871    -0.049348143843163    -0.085704312732991
    -0.018469050390204    -0.020179682988916     0.098052498024510
15 14
    -0.028461701359644    -0.096992431875853     0.027311871482017
    -0.051114630124916    -0.049714215710811    -0.021635335014403
     0.026012477157010    -0.087822424524103     0.090726434913159
15 15
     3.968251952933405     0.001294805113249     0.003339928075710
     0.001294805113249     2.661433280501479     0.496350698202407
     0.003339928075710     0.496350698202407     3.967836381274309
15 16
    -0.616777258589846     0.001017901786697    -0.001194463747165
     0.001019682129371     0.005164032720338    -0.031791302403660
    -0.001200854185382    -0.031791673090844    -0.081866316826402
15 17
    -0.031910094593811     0.090724273441409    -0.018468945971279
     0.056727773863095    -0.049355735099018    -0.020182564951249
    -0.037142072708717    -0.085707163369646     0.098046462610639
15 18
    -0.028466708247103    -0.051119882396849     0.026007083919528
    -0.096992071630562    -0.049715714122387    -0.087824403262734
     0.027316909695153    -0.021634886013025     0.090730695205303
15 19
     0.016764750799300    -0.012838912471963     0.005603323138273
     0.016646799181497    -0.006643205108706    -0.009523397540944
    -0.002460872133730     0.021856593495764    -0.000912574416940
15 20
    -0.008885987875453     0.000812958762385    -0.013717644715275
     0.020142019082629     0.019237850389161     0.012864787481605
    -0.020274511035754     0.010552383396542    -0.013586760813597
15 21
     0.018380946922143     0.014331194656379    -0.003977859835827
     0.007517603966626    -0.001254123500026    -0.001195179016802
     0.021748848827890     0.007497743487070     0.017774779399045
15 22
    -0.017232834735834    -0.023966524064094    -0.014094858082233
    -0.007872476904556     0.036780631820398    -0.001211280415054
     0.015522019404004     0.005228083289000     0.041835515438319
15 23
    -0.035418586140325    -0.010275996943670    -0.023845888879915
     0.003544004422943     0.028640372582398     0.004818641020807
     0.003586106133548    -0.001463180629988     0.061319345489360
15 24
     0.070553194571922     0.009016830009561     0.023318771704071
     0.056173450336313    -0.014028134389088     0.013429020364380
    -0.006555785584604     0.031984811555673     0.109670742820052
15 25
     0.105371585951664    -0.082672827720162    -0.070872690378025
     0.005380320860863    -0.049429047626338    -0.039174957773156
     0.032402946699381    -0.088459661898368    -0.068197879529585
15 26
     0.013260456893576    -0.016211951788825    -0.104961245680715
    -0.167016353021127    -0.034356833626027    -0.016253562730481
    -0.061277327313896    -0.020779131154184    -0.009913584959347
15 27
    -0.012402937354900     0.300379885693099    -0.292010656636120
     0.077848464542258     0.220710527388160    -0.052527157134333
    -0.073043471074963     0.290845659909621    -0.412238366843526
15 28
     0.044890687884309    -0.169652241715233     0.103046411432060
    -0.060227791813836     0.081676065544853    -0.023979346708097
     0.011193651341316     0.082689080525855    -0.073938283832741
15 29
     0.011847178067898    -0.002117902953262     0.009610884937347
     0.001170854628198    -0.003894152404513     0.000853389770188
     0.008616346885143    -0.002751971213150     0.001147386474779
15 30
     0.047405769103009    -0.047571962264214    -0.028483013262259
    -0.082169157813950    -0.103837755476947     0.110281457787339
     0.024405313271189     0.137860004762193    -0.026064357699950
15 31
    -0.053095822600478    -0.197355256048817     0.052180903978670
    -0.157180074612985    -0.094766079426973     0.154668350462727
     0.028578269426690    -0.016656781630737    -0.245604677857248
15 32
    -0.000453084157942     0.031504682896127    -0.006711401108695
    -0.011234828944433     0.003892471259818     0.001279173600160
    -0.003799287811051     0.001015844733873    -0.000836943789483
15 33
    -1.815707770660778     0.888262099163150     1.029493054863703
     0.573968386478281    -0.933970199277000    -0.364071279357544
     0.803219410844384    -0.546165307488765    -1.144892115496331
15 34
     0.097425619007616    -0.094444239416000     0.066311410681935
    -0.079996356610812    -0.191834914630328     0.073647853034442
    -0.124626122485057    -0.056512911040898    -0.029170523128018
15 35
     0.055164794845434    -0.013046894086996     0.010249558071832
    -0.043358293169812     0.034083506647661     0.055298518941876
     0.041094788467378     0.048880461919490    -0.061797213479176
15 36
    -0.010270869974447    -0.007928753484244    -0.016857641875078
    -0.013484879268367     0.047467433699233    -0.029258757119735
     0.002963184593915     0.006981846124728    -0.016970586605422
15 37
     0.049753425017190     0.174916897732752    -0.103615317061733
     0.064350726083264     0.085465882559396    -0.017188853484578
    -0.009561855031062     0.082661602685712    -0.072678626129684
15 38
    -0.016283374333600    -0.305378315219160     0.294409723208078
    -0.081164491126010     0.218688982218988    -0.055262457866089
     0.073101496671646     0.292433882202427    -0.415604342220105
15 39
     0.099266133086325     0.085809807173029     0.057675720190916
     0.041550357795737    -0.030317946149421     0.012607400052157
    -0.042985533270011    -0.090929842979272    -0.109395933092949
15 40
     0.018155198427003     0.015052703324153     0.115961262567309
     0.120996828684085    -0.055167300899637    -0.069177522222122
     0.071548740266753    -0.022776487679354     0.028852473524027
15 41
     0.013387398980832    -0.033535317732729     0.010566881964293
     0.005153256687267    -0.003090930706894     0.011506004892942
    -0.000959025175775     0.000996219196899    -0.004737523178836
15 42
     0.046676569981401     0.083034811586892     0.004160937537221
     0.075076168185336    -0.104358910332168     0.101421987097918
    -0.032294497203762     0.133141266547984    -0.019677407075355
15 43
    -0.023959966555597     0.013183834286331     0.026469717188171
    -0.002040674716251     0.006726949086644     0.007065866812817
    -0.007302156398447     0.027501950472340     0.036721739546636
15 44
     0.025517479242529    -0.002270156187964    -0.013144865143480
     0.003201030021529     0.030335248365311    -0.009579094595597
    -0.030200657591792    -0.014307742165799     0.020118472615017
15 45
     0.004192132691097     0.023313764816612     0.004681183947793
    -0.029550519259329    -0.003302989880952     0.003348495648515
     0.019137435929829     0.028405523977935    -0.018360073579014
15 46
     0.005323997292659    -0.012916996944160     0.001166594336053
    -0.007515693100296     0.016369535609654     0.001163420000730
     0.004602238019464     0.004677539727307    -0.001754316256031
15 47
    -0.043935437452677     0.000816858809238     0.019686648150227
    -0.030078487449414    -0.021277204206010    -0.006678342077005
     0.012126190656737     0.011315184528251     0.080165875514781
15 48
     0.079666345818950     0.001337940571211    -0.026145298029749
    -0.028975604320516     0.035396162176157     0.023213423450528
    -0.010834335378122     0.014812837390338     0.079957852132178
15 49
     0.099543443646684     0.091116684982916    -0.060138195155146
     0.080951220692421    -0.191394491267056     0.066442806236346
     0.121390394054714    -0.059610561105622    -0.035067597586408
15 50
    -1.818824064724581    -0.887293968657106    -1.037766912895433
    -0.577423551279742    -0.935889779365802    -0.369392379025032
    -0.803766539907226    -0.546241193942588    -1.148276301533448
15 51
    -0.052917328889896     0.190790281598803    -0.050319234625734
     0.162751811026413    -0.095839255371677     0.152254566043275
    -0.034215262447364    -0.019273639975742    -0.234477113253633
15 52
    -0.000696469009533    -0.024215902561986     0.003024379304975
     0.005880847757429     0.003915788005795     0.000002072715663
     0.010697353411218     0.002470703175529    -0.002825007030318
15 53
     0.024505090775077     0.011385160870913    -0.024527786228449
     0.025744078751908     0.051647526888265    -0.002137544153075
    -0.004487210131564     0.036498826025312    -0.028681586732139
15 54
     0.020522412005856     0.009170519004483     0.029797449133428
     0.031753904765632     0.029808929994244     0.035336768691555
    -0.038522553550018     0.019290628934857    -0.051382386353627
16 1
    -0.025229752894390     0.023980912991974     0.001786994158644
     0.017502611470747    -0.021036998910688    -0.030452103584401
     0.006404597422939     0.006088557883256    -0.007235171657990
16 2
    -0.025199471406108    -0.030098953558735     0.000587805455118
    -0.011549453607680    -0.025603379471270     0.016057484872911
    -0.009068809750480    -0.020992605204678     0.000429438492351
16 3
    -0.014906130478977     0.002525820705148    -0.025064583038652
     0.008407352406536    -0.034381304201127    -0.032339037096268
     0.009682975763243    -0.019447497486049    -0.040972743627710
16 4
     0.022234219317476    -0.011494430055094    -0.018913379021276
    -0.000455276955369    -0.029043152923169     0.006614620427957
     0.033686991442397    -0.005527165195244     0.038326005807285
16 5
    -0.042620959813938     0.027810001964251    -0.036558522324797
    -0.079828623270462    -0.130138240913194     0.026126528727960
     0.094535303160588     0.021442948365836    -0.142439991108717
16 6
    -0.059646053098267     0.026293045587832    -0.053084879497127
     0.024856006235746    -0.032476645576723    -0.017945817598374
    -0.002521784913693    -0.012923606662119    -0.097341723622237
16 7
    -0.042612841242510    -0.079833671925491     0.094540357036564
     0.027809850556810    -0.130152086862663     0.021438489677733
    -0.036556172898982     0.026112024939263    -0.142445525311747
16 8
    -0.059646267157063     0.024856376922930    -0.002519304964221
     0.026297927172581    -0.032472233877137    -0.012929428017194
    -0.053091390017107    -0.017949190329655    -0.097346119658984
16 9
    -0.014908286729781     0.008409117086371     0.009683597055847
     0.002525737170008    -0.034378641518537    -0.019450269808511
    -0.025065804740075    -0.032345171708118    -0.040975307112321
16 10
     0.022233169907278    -0.000452645598457     0.033691622421726
    -0.011495390709205    -0.029046144525373    -0.005523922987620
    -0.018911974586733     0.006615748152348     0.038318263143988
16 11
    -0.025230833630265     0.017496690917693     0.006409499891472
     0.023978991683752    -0.021028624512894     0.006083686740400
     0.001787892161400    -0.030453335727717    -0.007239364077833
16 12
    -0.025202327263710    -0.011555389823573    -0.009072313005418
    -0.030102153998790    -0.025604997964609    -0.020995753435270
     0.000587612280107     0.016056242287702     0.000430346937000
16 13
    -0.028462672455647    -0.096986824579575     0.027309172252803
    -0.051107905546139    -0.049714696037867    -0.021634635407605
     0.026010973524488    -0.087819333723920     0.090733634598045
16 14
    -0.031909562057293     0.056733673532364    -0.037146828990756
     0.090729885958634    -0.049351187654830    -0.085706609949343
    -0.018468643156396    -0.020180962120749     0.098046864623500
16 15
    -0.616777258589846     0.001019682129371    -0.001200854185382
     0.001017901786697     0.005164032720338    -0.031791673090844
    -0.001194463747165    -0.031791302403660    -0.081866316826402
16 16
     3.968204504973836     0.001285543154592     0.003281808501994
     0.001285543154592     2.661208163740836     0.496361594317242
     0.003281808501994     0.496361594317242     3.967826644209542
16 17
    -0.028462510606313    -0.051114901614121     0.026013954684800
    -0.096990374823029    -0.049716277984582    -0.087821891987585
     0.027312612856385    -0.021634583198143     0.090726152982061
16 18
    -0.031907792156512     0.090725422049585    -0.018469160030076
     0.056721111935673    -0.049351062352120    -0.020181938437699
    -0.037144803263609    -0.085703456497805     0.098052894816425
16 19
    -0.008888707988452     0.000816864030184    -0.013720813829652
     0.020142410653598     0.019230159935327     0.012860119955653
    -0.020274605012787     0.010538020573393    -0.013584860389160
16 20
     0.016760976055158    -0.012841998051200     0.005599872092798
     0.016639787450676    -0.006631176048533    -0.009520807951601
    -0.002460464899922     0.021847242781020    -0.000911707739861
16 21
    -0.017237831181401    -0.023966148155964    -0.014097572974285
    -0.007872184531566     0.036781477613691    -0.001203073087540
     0.015519967572125     0.005225639886152     0.041835066436941
16 22
     0.018379224009879     0.014332745277417    -0.003978585547356
     0.007515463378661    -0.001254118279080    -0.001199230471096
     0.021751986616589     0.007503919866490     0.017778815190500
16 23
     0.070555470904489     0.009023392739004     0.023320886187304
     0.056172244297728    -0.014032488658265     0.013434079461302
    -0.006548110793609     0.031985406743546     0.109667015064426
16 24
    -0.035416367238166    -0.010274561183450    -0.023855025535862
     0.003542385929604     0.028641761354102     0.004823136255533
     0.003590836310855    -0.001461410729207     0.061318531021744
16 25
     0.013261788234871    -0.016202982203158    -0.104962608347688
    -0.167014974691315    -0.034342919804257    -0.016260365623452
    -0.061277269883487    -0.020792945777976    -0.009916654875745
16 26
     0.105371173496910    -0.082664411554798    -0.070876235400533
     0.005381046572393    -0.049417577207414    -0.039178784726761
     0.032407964028732    -0.088458910082107    -0.068186445657285
16 27
     0.044891815608700    -0.169583215584789     0.103038658326870
    -0.060232240060046     0.081663832867776    -0.023977999703964
     0.011192769001399     0.082653259613596    -0.073941781866732
16 28
    -0.012403067878557     0.300377776430812    -0.292015376371535
     0.077850673002524     0.220687393375302    -0.052513332068648
    -0.073042802793842     0.290867170208193    -0.412239750394284
16 29
     0.047398297928918    -0.047581245106656    -0.028474351712421
    -0.082164996719785    -0.103841295278509     0.110257744249447
     0.024407255463196     0.137851510282635    -0.026057095363709
16 30
     0.011844583257609    -0.002115365573382     0.009605919817458
     0.001169173483503    -0.003896141585036     0.000850492145016
     0.008616451304068    -0.002756153191101     0.001144201697564
16 31
    -0.000452280132219     0.031509956051845    -0.006715718831248
    -0.011235126538370     0.003894382126148     0.001274855877607
    -0.003796860071042     0.001018768463776    -0.000842389236427
16 32
    -0.053097796118163    -0.197346249916526     0.052182428494977
    -0.157184178276742    -0.094752473641031     0.154649983173800
     0.028575115975151    -0.016654291239373    -0.245602281442916
16 33
     0.097431288955249    -0.094439326505574     0.066311180960300
    -0.079987898677878    -0.191833045531569     0.073647597208076
    -0.124621136481383    -0.056511611025280    -0.029175483026960
16 34
    -1.815712432965784     0.888241304134215     1.029490637565587
     0.573973617866429    -0.933975665607730    -0.364078635670818
     0.803224422952789    -0.546157126265982    -1.144884153553291
16 35
    -0.010264756246382    -0.007930429407992    -0.016856326196621
    -0.013489050804426     0.047463909560510    -0.029262270816565
     0.002963910305445     0.006983840526198    -0.016970137604044
16 36
     0.055168376414566    -0.013048408161410     0.010250644028653
    -0.043353489899257     0.034105627796946     0.055301239054875
     0.041098646746660     0.048884033046729    -0.061800293837467
16 37
    -0.016282925332222    -0.305377584286684     0.294403181362420
    -0.081158090245901     0.218678931897447    -0.055242691363566
     0.073102144068982     0.292436477012716    -0.415610549925202
16 38
     0.049750824985955     0.174913008127792    -0.103620778171516
     0.064344685448446     0.085468848056869    -0.017189339032580
    -0.009558503183566     0.082665852535964    -0.072686922213284
16 39
     0.018167994966275     0.015051732228150     0.115951201803874
     0.120998316653767    -0.055174756410890    -0.069164083506460
     0.071541592791330    -0.022777594519960     0.028856342245202
16 40
     0.099266253168089     0.085807917190484     0.057676336262574
     0.041547898730051    -0.030310944860492     0.012611180017246
    -0.042988644953979    -0.090930631342156    -0.109397843959279
16 41
     0.046674935825223     0.083035208378807     0.004158885705343
     0.075065125884005    -0.104283833125015     0.101418196690937
    -0.032292758628659     0.133146644122627    -0.019684857365662
16 42
     0.013391236376329    -0.033529277097912     0.010565357447987
     0.005156728616526    -0.003104515609051     0.011511695724361
    -0.000957954881792     0.000985594571269    -0.004737836435611
16 43
     0.025518314593929    -0.002270652177858    -0.013147491279446
     0.003202920004074     0.030337493372201    -0.009577434334688
    -0.030197582454447    -0.014305105587940     0.020111278151077
16 44
    -0.023960838453622     0.013184434695150     0.026473069035667
    -0.002037563032283     0.006722673131660     0.007066957990585
    -0.007306463679108     0.027500326758054     0.036719499760692
16 45
     0.005322848684483    -0.012909379583573     0.001168003991542
    -0.007515943705716     0.016372031221964     0.001161545681024
     0.004604352502698     0.004680787155878    -0.001752969251897
16 46
     0.004196779333265     0.023321423944768     0.004680928121427
    -0.029550775085696    -0.003311969908512     0.003356337509791
     0.019138098990004     0.028405711932000    -0.018359749880346
16 47
     0.079669520154273     0.001344727801344    -0.026147652676510
    -0.028971417121619     0.035397597936378     0.023211000931465
    -0.010833442596313     0.014814450662731     0.079965391178571
16 48
    -0.043941404994247     0.000819876516174     0.019690156626111
    -0.030073616306557    -0.021278895792596    -0.006676906316785
     0.012129845319116     0.011317335558108     0.080163317251116
16 49
    -1.818807232393853    -0.887299487197298    -1.037715460470086
    -0.577392126404230    -0.935899782698828    -0.369357581418239
    -0.803770951606812    -0.546226763247138    -1.148259208155407
16 50
     0.099541746839151     0.091127549772074    -0.060135271425243
     0.080953544013504    -0.191394621790712     0.066450293073277
     0.121396241514520    -0.059627492634329    -0.035059468573088
16 51
    -0.000692156507926    -0.024220841577144     0.003023434313703
     0.005878863797852     0.003917416941027     0.000007131812585
     0.010699817697850     0.002472410424955    -0.002824338749197
16 52
    -0.052920492783327     0.190796364001191    -0.050316018522840
     0.162762566175699    -0.095856427063911     0.152267117198073
    -0.034209253138224    -0.019274209058884    -0.234476565054276
16 53
     0.020519885067869     0.009170263178117     0.029801725088411
     0.031761574335682     0.029813842904670     0.035337008855083
    -0.038517891245012     0.019288399590806    -0.051384652244302
16 54
     0.024508834193542     0.011384654439126    -0.024519735529323
     0.025746062711486     0.051649771895155    -0.002140614069473
    -0.004488765973548     0.036497813161739    -0.028677999942062
17 1
    -0.059648010953113     0.026297352868493    -0.053089761081876
     0.024859191012962    -0.032474374465102    -0.017946454553817
    -0.002518359972949    -0.012924384583112    -0.097337849680115
17 2
    -0.042625763084493     0.027811850179226    -0.036556773307802
    -0.079829824088101    -0.130147790023895     0.026121735899298
     0.094537939738447     0.021441397744798    -0.142441087507430
17 3
    -0.025203047754293    -0.030103861248215     0.000585816274595
    -0.011558005517647    -0.025602371828643     0.016052457101667
    -0.009069478031601    -0.020995372306193     0.000427752126711
17 4
    -0.025232368588464     0.023981743122429     0.001788847594565
     0.017498403388065    -0.021035610138984    -0.030452599574295
     0.006409103099557     0.006089591630615    -0.007239259658908
17 5
     0.022225683070348    -0.011492519188764    -0.018919028085124
    -0.000458190243380    -0.029042301908929     0.006620060653956
     0.033692541308267    -0.005523312136908     0.038334187030067
17 6
    -0.014913549443606     0.002518553147961    -0.025064901516373
     0.008401619807548    -0.034379904987530    -0.032342242757269
     0.009682526761865    -0.019447236438736    -0.040965225465102
17 7
    -0.025201773843407    -0.011554345634321    -0.009068334644371
    -0.030095643478809    -0.025594488199797    -0.020993586742574
     0.000588813097746     0.016056900126930     0.000427893092259
17 8
    -0.025235762203530     0.017495056761515     0.006406184590600
     0.023979231847280    -0.021027804824332     0.006081097151057
     0.001788325499939    -0.030457512484722    -0.007238664471035
17 9
    -0.059645170758350     0.024854053601846    -0.002521899774510
     0.026291943968172    -0.032477193776080    -0.012919529103094
    -0.053088607252753    -0.017946078645687    -0.097342438891874
17 10
    -0.042617315593451    -0.079831959455120     0.094536770246486
     0.027808482668891    -0.130159918282046     0.021439439889952
    -0.036558872128197     0.026122414622311    -0.142437552926815
17 11
     0.022224195100665    -0.000452640377510     0.033690191882452
    -0.011494283868599    -0.029046379467955    -0.005521594445590
    -0.018913384242222     0.006619000801866     0.038334093053035
17 12
    -0.014911012063726     0.008406950393675     0.009683915533569
     0.002522353996835    -0.034379471648991    -0.019448719187473
    -0.025063303906819    -0.032339449551022    -0.040969616280903
17 13
    -0.031910919503319     0.090730998020186    -0.018471446804536
     0.056726202358272    -0.049349757115556    -0.020185368599388
    -0.037141795998566    -0.085706338460138     0.098057217759925
17 14
    -0.028467611470805    -0.051116337374341     0.026009558648053
    -0.096990416590599    -0.049714012093907    -0.087824006470819
     0.027307867016239    -0.021632531366264     0.090728512849768
17 15
    -0.031910094593811     0.056727773863095    -0.037142072708717
     0.090724273441409    -0.049355735099018    -0.085707163369646
    -0.018468945971279    -0.020182564951249     0.098046462610639
17 16
    -0.028462510606313    -0.096990374823029     0.027312612856385
    -0.051114901614121    -0.049716277984582    -0.021634583198143
     0.026013954684800    -0.087821891987585     0.090726152982061
17 17
     3.968634282827693     0.001348732267121     0.003297142421146
     0.001348732267121     2.661365387316373     0.496305328179447
     0.003297142421146     0.496305328179447     3.967530047473715
17 18
    -0.616786008895770     0.001017766042095    -0.001204618487632
     0.001014711788535     0.005162085307385    -0.031795468718772
    -0.001196802731087    -0.031792064661813    -0.081862980641745
17 19
    -0.035425441242758    -0.010266860287723    -0.023851898189055
     0.003543826910771     0.028659225419327     0.004820144653329
     0.003586623007227    -0.001464083853690     0.061309436133367
17 20
     0.070543478390940     0.009021565407815     0.023316150789050
     0.056172077227448    -0.014036607984860     0.013432085059832
    -0.006552209236419     0.031985954942903     0.109657231011143
17 21
     0.016759884877390    -0.012840530965302     0.005601668098310
     0.016643927661056    -0.006637049613071    -0.009522901551050
    -0.002463038826426     0.021855178619329    -0.000896044901095
17 22
    -0.008885283047708     0.000819067269504    -0.013718323438288
     0.020142833550245     0.019234420227471     0.012860720364472
    -0.020274772083067     0.010547319078674    -0.013569395946351
17 23
     0.018380137675474     0.014347698067492    -0.003980402436653
     0.007514883853627    -0.001257971337416    -0.001197387477068
     0.021752618351086     0.007505428719958     0.017771150841397
17 24
    -0.017237763309100    -0.023957862514256    -0.014097050879660
    -0.007872497788341     0.036761121144241    -0.001210612133933
     0.015527642363121     0.005212665834708     0.041836262033633
17 25
     0.011836704849710    -0.002117276439712     0.009606932681032
     0.001170744988326    -0.003900991844107     0.000849896957143
     0.008612848851152    -0.002762037197531     0.001135712438952
17 26
     0.047390372532502    -0.047573330152132    -0.028473866164419
    -0.082164077833244    -0.103856514336843     0.110263476848436
     0.024407104055754     0.137865053417222    -0.026058739961779
17 27
     0.105372875525389    -0.082668400357737    -0.070881299718400
     0.005378524855351    -0.049415431398503    -0.039177046151658
     0.032402513360842    -0.088462235824872    -0.068164549008690
17 28
     0.013255658843967    -0.016214504831544    -0.104969703613649
    -0.167013946164903    -0.034393515994418    -0.016257854348303
    -0.061283764740629    -0.020839949957114    -0.009901477584980
17 29
    -0.012403710054946     0.300370639397280    -0.292007362219033
     0.077854280676387     0.220720593372540    -0.052508622775126
    -0.073040375053833     0.290839144168694    -0.412231783230298
17 30
     0.044890463383620    -0.169583581051027     0.103044594542763
    -0.060231994675572     0.081662752131901    -0.023977216562025
     0.011188868954546     0.082652241529076    -0.073933778156123
17 31
     0.055164956694768    -0.013047562368117     0.010247025912898
    -0.043358188750887     0.034094334890195     0.055296404458642
     0.041102170885383     0.048889770866664    -0.061812756236179
17 32
    -0.010275923850422    -0.007929045857234    -0.016858921006910
    -0.013488956827393     0.047463606745628    -0.029265935920836
     0.002964286213575     0.006981663391609    -0.016981153800643
17 33
    -0.053099445937180    -0.197349779276195     0.052184297593736
    -0.157182789505038    -0.094748589257017     0.154653643057125
     0.028574280623750    -0.016664978516358    -0.245584504120917
17 34
    -0.000453099820781     0.031510629553912    -0.006714967014987
    -0.011234374722109     0.003901111925871     0.001273383570763
    -0.003792213428875     0.001019964060468    -0.000830485478965
17 35
    -1.815723235103587     0.888249856044181     1.029496370164575
     0.573982368172353    -0.934000204055131    -0.364076004313906
     0.803221478339101    -0.546166074967864    -1.144884007366796
17 36
     0.097429195355801    -0.094437546162901     0.066309092581797
    -0.079992414796389    -0.191836058017558     0.073645540155251
    -0.124619841686712    -0.056502114124041    -0.029179304759619
17 37
     0.013399511576144    -0.033533725344122     0.010563827710734
     0.005157386455755    -0.003081188421181     0.011511105757434
    -0.000960346075177     0.000997848132130    -0.004730151202723
17 38
     0.046682083300646     0.083034211178073     0.004152902500934
     0.075086860683267    -0.104279854763968     0.101446609080459
    -0.032297238200546     0.133149818457951    -0.019676817108428
17 39
     0.049743479114573     0.174994982204949    -0.103621712720896
     0.064352636949593     0.085479712846027    -0.017191082828629
    -0.009562037764181     0.082705568274130    -0.072684123786091
17 40
    -0.016289467177880    -0.305385410485121     0.294402596616439
    -0.081155625959269     0.218665811659507    -0.055249525582214
     0.073098322336323     0.292463547619051    -0.415608827012938
17 41
     0.099249922048202     0.085845570654879     0.057676007342960
     0.041545700711678    -0.030319794364395     0.012611597692946
    -0.042991302415623    -0.090982125535074    -0.109406719567913
17 42
     0.018154196005322     0.015052786859293     0.115951906631619
     0.121002874539848    -0.055193327316720    -0.069168756253359
     0.071540391973691    -0.022778137498370     0.028857976401380
17 43
    -0.043929365492182     0.000819866074281     0.019685254157577
    -0.030079813569762    -0.021268292050751    -0.006679991896022
     0.012130638902946     0.011316803021590     0.080170684006282
17 44
     0.079679982930569     0.001339903647003    -0.026148702086707
    -0.028976747707746     0.035408608912030     0.023215673678364
    -0.010829281502147     0.014816826193278     0.079977002563043
17 45
    -0.023975791243697     0.013185907001994     0.026473194338377
    -0.002040168284464     0.006716496752240     0.007064065586359
    -0.007304782534414     0.027499251243126     0.036724407450172
17 46
     0.025509877544781    -0.002253099356548    -0.013144494456296
     0.003200262542430     0.030337341964760    -0.009580253645666
    -0.030195838658398    -0.014309146600342     0.020120989111112
17 47
     0.004185872776537     0.023314882099110     0.004676396340077
    -0.029551448587763    -0.003319153930559     0.003355914613144
     0.019137900594046     0.028404688626534    -0.018362198504140
17 48
     0.005308308349161    -0.012910418551878     0.001166489917128
    -0.007518303573424     0.016363797789719     0.001164166596044
     0.004604838050700     0.004681502425515    -0.001754044766826
17 49
     0.024516874450775     0.011359891491037    -0.024520414252337
     0.025743118097797     0.051630767650785    -0.002140577522850
    -0.004489841488477     0.036484484085949    -0.028671985411975
17 50
     0.020532149070623     0.009168832638843     0.029802330718177
     0.031754625256216     0.029814349336457     0.035340600866107
    -0.038519812553234     0.019300606163152    -0.051374351317340
17 51
     0.099529508941128     0.091192435692137    -0.060137093535486
     0.080958670982727    -0.191487831344211     0.066446878574426
     0.121396032676670    -0.059652145942547    -0.035055594630967
17 52
    -1.818830982478369    -0.887405341882628    -1.037719809518317
    -0.577409961156638    -0.935909169960195    -0.369369814095316
    -0.803760165131848    -0.546327532730815    -1.148260920625779
17 53
    -0.052935273282176     0.190799454801374    -0.050322221006992
     0.162750516231741    -0.095870215582972     0.152277731381810
    -0.034208569194265    -0.019267427049698    -0.234486578829194
17 54
    -0.000708106498737    -0.024218648779717     0.003024029501576
     0.005874154504329     0.003904693495003     0.000008003710610
     0.010706495288111     0.002471695155318    -0.002825456031696
18 1
    -0.042622280713340     0.027812654204949    -0.036553118645423
    -0.079830340961780    -0.130144271106119     0.026124466454189
     0.094536561408636     0.021435957518800    -0.142438889489057
18 2
    -0.059649055142364     0.026291233919482    -0.053086111640443
     0.024857447216912    -0.032473533892755    -0.017947634487671
    -0.002522891754299    -0.012931260569330    -0.097345195551497
18 3
    -0.025231360945836     0.023978271193169     0.001789693387858
     0.017502940390361    -0.021029230142660    -0.030457684775948
     0.006412052934191     0.006091753102365    -0.007237693375031
18 4
    -0.025204880306429    -0.030106017499019     0.000587768908494
    -0.011561780261789    -0.025609075523635     0.016062664051596
    -0.009072991728431    -0.020998530978678     0.000430216413343
18 5
    -0.014911570704976     0.002523664454345    -0.025064509945404
     0.008408292176862    -0.034380662024737    -0.032340436309864
     0.009682458889563    -0.019453047351919    -0.040967862042961
18 6
     0.022223422400619    -0.011495160987569    -0.018914287465924
    -0.000459725201579    -0.029047658599788     0.006622107264888
     0.033687952096508    -0.005527285277008     0.038334776996994
18 7
    -0.025237124870502     0.017506213923663     0.006408246864371
     0.023980067198681    -0.021027512451342     0.006081796757855
     0.001788085336412    -0.030454045776408    -0.007236596976318
18 8
    -0.025203507197563    -0.011555071345851    -0.009069065576847
    -0.030100801773709    -0.025606418061990    -0.020994839769675
     0.000587633163892     0.016057411779663     0.000430367820785
18 9
    -0.042614517166258    -0.079831186755074     0.094540947003490
     0.027813108427273    -0.130154196124950     0.021440113392019
    -0.036554705813085     0.026122325866225    -0.142434488231363
18 10
    -0.059648292884211     0.024859050047413    -0.002522521067115
     0.026292100596560    -0.032481052055363    -0.012922677333686
    -0.053087338562813    -0.017945561772007    -0.097342125635098
18 11
    -0.014910536957617     0.008406751997717     0.009688081848680
     0.002526661277495    -0.034382870485003    -0.019447356520500
    -0.025065261761665    -0.032343605424241    -0.040967491355777
18 12
     0.022224106344579    -0.000457193042645     0.033693423648184
    -0.011495871036260    -0.029043591482655    -0.005523186834198
    -0.018916850950536     0.006613346517071     0.038338322019502
18 13
    -0.028468942812100    -0.051110651763869     0.026007731316863
    -0.096987090847834    -0.049712466693816    -0.087825264718866
     0.027312900008429    -0.021635157502231     0.090735587231945
18 14
    -0.031912924346681     0.090732579966901    -0.018468309015836
     0.056727982700945    -0.049348378785744    -0.020180883806555
    -0.037142182348589    -0.085708745316362     0.098057604109948
18 15
    -0.028466708247103    -0.096992071630562     0.027316909695153
    -0.051119882396849    -0.049715714122387    -0.021634886013025
     0.026007083919528    -0.087824403262734     0.090730695205303
18 16
    -0.031907792156512     0.056721111935673    -0.037144803263609
     0.090725422049585    -0.049351062352120    -0.085703456497805
    -0.018469160030076    -0.020181938437699     0.098052894816425
18 17
    -0.616786008895770     0.001014711788535    -0.001196802731087
     0.001017766042095     0.005162085307385    -0.031792064661813
    -0.001204618487632    -0.031795468718772    -0.081862980641745
18 18
     3.968563716518104     0.001366081471528     0.003288679267266
     0.001366081471528     2.661340911520327     0.496353214698502
     0.003288679267266     0.496353214698502     3.967449185458110
18 19
     0.070545415362001     0.009015670959492     0.023322442029288
     0.056175345539804    -0.014033543289408     0.013430602311096
    -0.006553258646617     0.031989573058658     0.109658859946375
18 20
    -0.035429101126083    -0.010279223488456    -0.023852232329616
     0.003541936928226     0.028633418281986     0.004821747483829
     0.003583375578656    -0.001462747291448     0.061314547439751
18 21
    -0.008888922047248     0.000819474503312    -0.013722286136496
     0.020138954387177     0.019240147605513     0.012862813963921
    -0.020274610233733     0.010538245074082    -0.013568116814518
18 22
     0.016762234303205    -0.012839836579450     0.005602226739559
     0.016646303191603    -0.006630523430251    -0.009524467834927
    -0.002463399071718     0.021859026456719    -0.000896807159248
18 23
    -0.017236009071158    -0.023958781400797    -0.014096487017464
    -0.007874064072218     0.036766091485076    -0.001207839811471
     0.015519565559264     0.005211057783261     0.041834784505843
18 24
     0.018378158936843     0.014342659854356    -0.003978528116947
     0.007514878632680    -0.001252912240495    -0.001197679850058
     0.021750639612455     0.007502661618443     0.017779274633771
18 25
     0.047390826754826    -0.047579302914649    -0.028477860188304
    -0.082173783572333    -0.103834769095689     0.110273866531484
     0.024399565009361     0.137858610769543    -0.026064926783092
18 26
     0.011840808513467    -0.002113110124600     0.009610937146810
     0.001170254219378    -0.003899221943327     0.000852919885025
     0.008615709929700    -0.002751751933407     0.001137675514744
18 27
     0.013268752977176    -0.016198962074542    -0.104964179852511
    -0.167008610357830    -0.034338534209402    -0.016260919043755
    -0.061279838589045    -0.020777042775682    -0.009893416443962
18 28
     0.105368615233245    -0.082627280185029    -0.070883231468515
     0.005377266607304    -0.049419106944667    -0.039170107514084
     0.032402309743938    -0.088407196609447    -0.068172312555772
18 29
     0.044894133708837    -0.169581910348226     0.103044077669083
    -0.060233597506072     0.081658016733647    -0.023981320225782
     0.011190696285736     0.082646816965917    -0.073932269302655
18 30
    -0.012412528233172     0.300370540199302    -0.292013444621420
     0.077847169747587     0.220702565445120    -0.052515968646507
    -0.073049845850341     0.290839290355189    -0.412246396658867
18 31
    -0.010276404177478    -0.007928283599081    -0.016862178877374
    -0.013487641148937     0.047462348497580    -0.029263163598375
     0.002969684672003     0.006981078645629    -0.016982281525035
18 32
     0.055163421736569    -0.013054422691497     0.010251515926678
    -0.043355834104126     0.034093055758362     0.055300706518357
     0.041094485652495     0.048882675600703    -0.061808078268334
18 33
    -0.000448990936078     0.031508734350422    -0.006715201957569
    -0.011235058666068     0.003900323562987     0.001271034144948
    -0.003792385720101     0.001019107825282    -0.000825515138130
18 34
    -0.053097508966119    -0.197352609029066     0.052188500455472
    -0.157177657314869    -0.094750938682832     0.154658884887165
     0.028577736890172    -0.016658661171389    -0.245582175578887
18 35
     0.097432087760026    -0.094427558492714     0.066315065344314
    -0.079998277919034    -0.191850540922471     0.073647398812118
    -0.124621225237470    -0.056500975957758    -0.029167964864352
18 36
    -1.815703620008505     0.888247517060259     1.029491676533892
     0.573959077531108    -0.933971588048704    -0.364072109487999
     0.803198944735062    -0.546166774574662    -1.144888862846813
18 37
     0.046682610616218     0.083033579443576     0.004162336750817
     0.075068060055801    -0.104295261776368     0.101414782192086
    -0.032296554256587     0.133143621194745    -0.019671502185140
18 38
     0.013401271035032    -0.033531767489276     0.010565148610137
     0.005154718552218    -0.003078233365601     0.011506850686235
    -0.000962570198282     0.000998036086195    -0.004737893866020
18 39
    -0.016299115486560    -0.305381035332159     0.294403442409733
    -0.081151303015769     0.218682304628728    -0.055248919952449
     0.073105918813124     0.292457841124793    -0.415619843209537
18 40
     0.049740795548198     0.174989855235726    -0.103614883723194
     0.064350485919736     0.085483304857050    -0.017192346297623
    -0.009566360707680     0.082699846117034    -0.072682881200883
18 41
     0.018154963484422     0.015048072344825     0.115957352078563
     0.120987065514587    -0.055132132605660    -0.069178399341093
     0.071545205686138    -0.022725562569578     0.028835578541944
18 42
     0.099255863485040     0.085804288632837     0.057675829830787
     0.041548311184805    -0.030325485195814     0.012610282014490
    -0.042990253005426    -0.090933163501090    -0.109401065283118
18 43
     0.079676740722945     0.001343312924908    -0.026153134670078
    -0.028976732044907     0.035408405295126     0.023212530668718
    -0.010832617686804     0.014816398075685     0.079968226152387
18 44
    -0.043925783923051     0.000817949987006     0.019690642174113
    -0.030075553277618    -0.021266229776981    -0.006673570132128
     0.012128362570379     0.011314657212679     0.080176719420153
18 45
     0.025505679903991    -0.002266595502618    -0.013143591232594
     0.003201682639811     0.030333525453047    -0.009582780583654
    -0.030198229851783    -0.014308170283392     0.020122377882816
18 46
    -0.023968789954769     0.013198223214211     0.026475016448620
    -0.002038356616114     0.006726327794039     0.007069949592789
    -0.007302360015351     0.027522019789746     0.036727754076722
18 47
     0.005309540492478    -0.012911718567496     0.001165842519792
    -0.007518674260608     0.016360404174653     0.001161817170229
     0.004601460098472     0.004679126894969    -0.001753230299210
18 48
     0.004182139799964     0.023313634292955     0.004677597157716
    -0.029556147439393    -0.003313306470753     0.003350088037123
     0.019138433130564     0.028404840033975    -0.018362349911581
18 49
     0.020531961116558     0.009171140297088     0.029802670079683
     0.031753784683868     0.029816030481151     0.035342020963488
    -0.038523430668989     0.019300684477345    -0.051375860170808
18 50
     0.024523259668046     0.011360147317403    -0.024519171667128
     0.025745639814839     0.051631837944767    -0.002134369817752
    -0.004485800476075     0.036478140636248    -0.028665704613630
18 51
    -1.818810093472401    -0.887390305557412    -1.037727442541742
    -0.577407883220029    -0.935909446670347    -0.369376543895039
    -0.803725268327076    -0.546295209852547    -1.148263431900928
18 52
     0.099538739574108     0.091184374551118    -0.060137401571315
     0.080951941183004    -0.191484317647381     0.066446758492662
     0.121396784492931    -0.059648465175437    -0.035054493011307
18 53
    -0.000708304894694    -0.024218178894554     0.003026942789587
     0.005878085876860     0.003910838548745     0.000008896492419
     0.010702699660183     0.002468959379480    -0.002828729564998
18 54
    -0.052935946784243     0.190789822155533    -0.050322184460368
     0.162756776146301    -0.095850355103416     0.152250096913280
    -0.034215648797387    -0.019269484102523    -0.234479191190243
19 1
    -1.815746207267111     0.573967159555911     0.803231497334965
     0.888255348479642    -0.934022701112545    -0.546152944288032
     1.029495571359798    -0.364071660486621    -1.144953169241842
19 2
     0.097393703363156    -0.079990159347607    -0.124633014134115
    -0.094439049795423    -0.191875387405701    -0.056507423826383
     0.066315947684231     0.073643775475417    -0.029219432952539
19 3
    -0.053135778502171    -0.157179625611607     0.028579799163942
    -0.197345983648267    -0.094787391329587    -0.016661746750626
     0.052182344959837     0.154661819058961    -0.245636645711170
19 4
    -0.000480039903459    -0.011231712039519    -0.003792239533606
     0.031509277328832     0.003865567723764     0.001016993342049
    -0.006715818029227     0.001271608449036    -0.000869224900180
19 5
     0.055130179971760    -0.043358094773855     0.041098390920294
    -0.013048851941842     0.034062910014683     0.048888131489540
     0.010249474536692     0.055297923754002    -0.061839367399243
19 6
    -0.010299512085605    -0.013488184127347     0.002969601136863
    -0.007926628559118     0.047435601589913     0.006980916796295
    -0.016860403755647    -0.029263852763280    -0.017013012014694
19 7
    -0.012434367451358     0.077853732477030    -0.073044066262836
     0.300374962340780     0.220687403817194     0.290839159831533
    -0.292009915261752    -0.052530754366303    -0.412270700163686
19 8
     0.044868728584358    -0.060228214710483     0.011190168970164
    -0.169582505536099     0.081637435763508     0.082651729876343
     0.103046521071931    -0.023979701732443    -0.073977989129014
19 9
     0.105348556357731     0.005380289535186     0.032403338270350
    -0.082664437659529    -0.049450500494501    -0.088462726593820
    -0.070875661096445    -0.039177787526026    -0.068218653674735
19 10
     0.013234963013011    -0.167013408407439    -0.061281932188493
    -0.016208772232556    -0.034363495553449    -0.020801915363643
    -0.104969818474467    -0.016273021197175    -0.009937533439820
19 11
     0.011813670034831     0.001165659786673     0.008619495115735
    -0.002113841057075    -0.003920700916222    -0.002759943598082
     0.009609198571707     0.000854846414193     0.001118869666332
19 12
     0.047367254182483    -0.082167252168567     0.024398374633615
    -0.047586377296825    -0.103879021836151     0.137848690971657
    -0.028485268711041     0.110262839892992    -0.026090170058237
19 13
     0.018378581833490     0.007517045325376     0.021752649676764
     0.014337595536488    -0.001259657703057     0.007502196954226
    -0.003978199197333    -0.001199815217077     0.017763037490916
19 14
    -0.017242258543826    -0.007869088510436     0.015521110959355
    -0.023960901104977     0.036775139384937     0.005233513073106
    -0.014096393040432    -0.001209124164250     0.041817915628491
19 15
     0.016764750799300     0.016646799181497    -0.002460872133730
    -0.012838912471963    -0.006643205108706     0.021856593495764
     0.005603323138273    -0.009523397540944    -0.000912574416940
19 16
    -0.008888707988452     0.020142410653598    -0.020274605012787
     0.000816864030184     0.019230159935327     0.010538020573393
    -0.013720813829652     0.012860119955653    -0.013584860389160
19 17
    -0.035425441242758     0.003543826910771     0.003586623007227
    -0.010266860287723     0.028659225419327    -0.001464083853690
    -0.023851898189055     0.004820144653329     0.061309436133367
19 18
     0.070545415362001     0.056175345539804    -0.006553258646617
     0.009015670959492    -0.014033543289408     0.031989573058658
     0.023322442029288     0.013430602311096     0.109658859946375
19 19
     2.981482799280958    -0.510725675714084    -0.531427609956935
    -0.510725675714084     3.590522683392501    -0.482108948797277
    -0.531427609956935    -0.482108948797277     4.100896999865484
19 20
    -0.052955525332701     0.034085741212659     0.045500953850218
     0.034091113566355     0.044324330076408    -0.007121532541793
     0.045502525355041    -0.007115084673168     0.020006237933363
19 21
    -0.051128027073007     0.161363900778590    -0.132031303815964
     0.151882145504979    -0.229535816542446    -0.048282407746873
    -0.106426384165549    -0.055812270495306     0.236899371268858
19 22
     0.011096854997740    -0.042700610570011     0.047850254362469
    -0.033907753933863    -0.097371858924023     0.056565971517692
     0.044537297695115    -0.035588089381455     0.099632789699954
19 23
    -0.051126398137775     0.151810984007517    -0.106415942273038
     0.161360867408816    -0.229463036551645    -0.055812051215563
    -0.132025999334568    -0.048260176957717     0.236890573974418
19 24
     0.011098342967423    -0.033866231748294     0.044536305715326
    -0.042704933513511    -0.097381966675974    -0.035588413080122
     0.047857887385894     0.056598174314196     0.099629354317318
19 25
    -0.008546276565448    -0.024499431269336     0.017461684473050
    -0.010370396872915     0.022184176547617    -0.039149338589880
    -0.016505363747436     0.030414700725427     0.019381958947704
19 26
    -0.029066955217148    -0.017319967107892     0.008254665833295
     0.002255741155353    -0.043374791359980     0.028932698584188
    -0.017939421939211    -0.033449349631687    -0.025123903430006
19 27
    -0.120807125601892     0.004170961754031    -0.025177360698716
    -0.124800872777174    -0.039557178027572    -0.106387853582183
    -0.056702159900766    -0.018152875105919    -0.098684592766713
19 28
    -0.094672504407236     0.046813306563831     0.043063450671927
     0.019656027300439    -0.006652806428870    -0.026535856135335
     0.046262695129837     0.038087606959368    -0.065545153283805
19 29
    -0.024031331669963     0.001572073906038     0.005094218227010
     0.003564089403188    -0.025224897414372     0.020506931900209
     0.004056894520242     0.025486795741385    -0.019214632841163
19 30
    -0.020076146403724     0.002090790579358    -0.039437921173205
    -0.013324450031829    -0.060781551478423    -0.006803545589158
    -0.012889043997908    -0.013414448703381    -0.039399239182398
19 31
    -0.008535385671559    -0.010369216939061    -0.016498707040961
    -0.024496204724550     0.022188212339073     0.030415154947751
     0.017463376059637    -0.039146785547161     0.019381342876046
19 32
    -0.029062350342550     0.002259343608269    -0.017937056850557
    -0.017321361100542    -0.043375825107338    -0.033440541895354
     0.008252911595353     0.028926767589242    -0.025116719407959
19 33
    -0.024023223540428     0.003563891007231     0.004057552359470
     0.001570491959323    -0.025210941825031     0.025490372089570
     0.005089722992284     0.020499492051795    -0.019208670520539
19 34
    -0.020069155556688    -0.013313987255533    -0.012891440412240
     0.002088984131953    -0.060775437750357    -0.013413498491163
    -0.039436125167693    -0.006798742318603    -0.039391788892091
19 35
    -0.120800040777823    -0.124810025095960    -0.056699523322907
     0.004173812390687    -0.039553424167214    -0.018151648183549
    -0.025176916918284    -0.106383426219759    -0.098678922819080
19 36
    -0.094659801844996     0.019654246957766     0.046262977060935
     0.046821534775130    -0.006627244676003     0.038092462439385
     0.043056590348548    -0.026533360523025    -0.065543576558036
19 37
    -0.030704515452068    -0.129946224951810     0.066571325049371
    -0.017234113867667     0.135681747670218    -0.041242489036945
     0.032750938430147     0.097060617433950    -0.068186785018792
19 38
    -0.026282728998031     0.011678384875459    -0.027464004634955
     0.134700705764084     0.136880894606174     0.095804489090562
    -0.074901548416875    -0.039390405341334    -0.056199043414858
19 39
     0.000461140078014     0.051693465994367    -0.011400040567741
    -0.099571292174011    -0.042620333300387     0.023666460619953
     0.078219360564247    -0.021196838180299    -0.012076967575440
19 40
    -0.017864517023284     0.047479039862759    -0.080944282054847
     0.001122372921269     0.008766067960911    -0.013757000208149
     0.007369099371335     0.031351474228261    -0.006652576707235
19 41
    -0.277305751867721     0.034323680617305     0.077412123958957
    -0.022323669789671     0.120655002890846    -0.111370192151885
    -0.087343454914626    -0.130701507920911    -0.071588487330596
19 42
     0.375640875375878     0.112670301746529     0.234575016437816
    -0.125329519690272    -0.155384450230181    -0.227085412405958
    -0.230177695337932    -0.213081633731152    -0.467545860592015
19 43
    -0.181815929207976     0.012453872906569    -0.184950663653954
     0.066004523461038     0.139057480995347    -0.004180620504604
    -0.047445912958768     0.063297990143150    -0.192471160024805
19 44
    -0.191227379219311    -0.074058934679759     0.035681231062652
    -0.009969699689700     0.143099876947838     0.059287979720282
     0.203618893143804     0.000140302488723    -0.178196372471770
19 45
     0.019285642931183     0.033530201205399    -0.022769319320145
    -0.005554836210398     0.005473003098790     0.008825931330676
    -0.022391615184239    -0.023393311153760    -0.013997487434568
19 46
    -0.001540565495386     0.024686382912852    -0.001873599215130
    -0.052181807202372     0.096616549850191    -0.031368457966430
     0.041194513761803    -0.000907953879504    -0.087565867225109
19 47
    -0.006955699625881     0.000600617657229    -0.000320028342621
    -0.000078611787769    -0.011041706142443    -0.003556774857484
    -0.002402569826895    -0.001103426107308     0.009309343965416
19 48
    -0.553826706757158     0.136461610854290    -0.129128703082397
    -0.136298644237871    -2.297677012157204     1.068432730693856
     0.124417514356474     1.060686391850832    -1.376850158728324
19 49
     0.007547368581228    -0.002918232246655     0.011394480259979
     0.041876614727242    -0.029722032564768    -0.040048437744534
    -0.032306338309870    -0.007763688047431     0.055006835116475
19 50
     0.001859685393359    -0.028271256903083     0.026745346603836
    -0.008904365606272    -0.038223205375515     0.016336194646867
    -0.010368183191703    -0.019506864865920     0.014033866988076
19 51
     0.047091896256023    -0.004508997140288     0.027390624235334
     0.014801168575457     0.059380139863583     0.002256075295913
    -0.012504625725118     0.009048599467526     0.020968526200547
19 52
     0.011609771199770    -0.015865756063571     0.012389080963538
     0.004060977300214     0.016135271751171    -0.019863079587038
    -0.030392182784227    -0.026491425882701     0.008030306109859
19 53
     0.036507785169087    -0.006001832745007    -0.019079415554092
     0.003904735262573     0.006012232869948     0.006563590899256
     0.005187636618359    -0.001672154224809    -0.010543648753457
19 54
     0.007918739709326     0.006781309579056     0.002506534529680
    -0.005325067586642    -0.004958844311552     0.001867260986376
     0.010039430647888     0.006981172622661    -0.010704704503545
20 1
     0.097392069206978    -0.079988415551557    -0.124629944217716
    -0.094498855734779    -0.191947687069447    -0.056543208192018
     0.066316856128879     0.073646307634350    -0.029222732590572
20 2
    -1.815745679951539     0.573980441643185     0.803217933316594
     0.888350301829190    -0.934012922280209    -0.546238771423525
     1.029495613127368    -0.364094314172424    -1.144921196166974
20 3
    -0.000483402192848    -0.011234896816734    -0.003794656831722
     0.031497149070681     0.003894434335611     0.001021577332861
    -0.006718673886829     0.001278254713619    -0.000873850658563
20 4
    -0.053133058389172    -0.157179923205544     0.028579052568628
    -0.197352703006098    -0.094765995891832    -0.016691448713874
     0.052183702405863     0.154664330334110    -0.245638358181542
20 5
    -0.010306435060339    -0.013486576075900     0.002966233626528
    -0.007918071428205     0.047459680594043     0.006982869430194
    -0.016860116603603    -0.029256783602050    -0.017012824060629
20 6
     0.055132738235426    -0.043350670588279     0.041093702510557
    -0.013082553149921     0.034080995372512     0.048897101075207
     0.010250957285429     0.055300722181195    -0.061845084335393
20 7
     0.044864656246279    -0.060228465315903     0.011190236842465
    -0.169648357331219     0.081645173205859     0.082691064485432
     0.103044511007623    -0.023978401716825    -0.073976161797825
20 8
    -0.012434905208823     0.077853095521587    -0.073040333286263
     0.300374831817124     0.220655018287571     0.290873691170067
    -0.292009090352243    -0.052514433688308    -0.412274104220645
20 9
     0.013249070009793    -0.167020373149744    -0.061276027298278
    -0.016199024725897    -0.034418649629692    -0.020832917342508
    -0.104959778594818    -0.016275850950046    -0.009932296830726
20 10
     0.105347663575921     0.005380127685852     0.032402623000713
    -0.082631509151496    -0.049449665143100    -0.088404899393094
    -0.070875165106550    -0.039178758622029    -0.068216053643500
20 11
     0.047370522494839    -0.082174081166269     0.024404336954239
    -0.047559254481028    -0.103893201926180     0.137858997119566
    -0.028466384548435     0.110268969283896    -0.026087194118872
20 12
     0.011815006597072     0.001168578295630     0.008617391074394
    -0.002122288548117    -0.003930281352601    -0.002760987787333
     0.009608733907490     0.000855885382498     0.001116551566195
20 13
    -0.017244477445984    -0.007870096153064     0.015515691617142
    -0.023959695066392     0.036765365773547     0.005212227275222
    -0.014092853238870    -0.001206132562046     0.041818380292708
20 14
     0.018376524780665     0.007520324079625     0.021750101854991
     0.014347390031663    -0.001257898244169     0.007503758017156
    -0.003980198819749    -0.001196379834441     0.017753321309935
20 15
    -0.008885987875453     0.020142019082629    -0.020274511035754
     0.000812958762385     0.019237850389161     0.010552383396542
    -0.013717644715275     0.012864787481605    -0.013586760813597
20 16
     0.016760976055158     0.016639787450676    -0.002460464899922
    -0.012841998051200    -0.006631176048533     0.021847242781020
     0.005599872092798    -0.009520807951601    -0.000911707739861
20 17
     0.070543478390940     0.056172077227448    -0.006552209236419
     0.009021565407815    -0.014036607984860     0.031985954942903
     0.023316150789050     0.013432085059832     0.109657231011143
20 18
    -0.035429101126083     0.003541936928226     0.003583375578656
    -0.010279223488456     0.028633418281986    -0.001462747291448
    -0.023852232329616     0.004821747483829     0.061314547439751
20 19
    -0.052955525332701     0.034091113566355     0.045502525355041
     0.034085741212659     0.044324330076408    -0.007115084673168
     0.045500953850218    -0.007121532541793     0.020006237933363
20 20
     2.981526263658536    -0.510644093207896    -0.531392765361626
    -0.510644093207896     3.591359982206329    -0.482032472376527
    -0.531392765361626    -0.482032472376527     4.100911174734568
20 21
     0.011094589107065    -0.042702563203911     0.047854420677581
    -0.033866618098316    -0.097376390705373     0.056604345472670
     0.044535162328096    -0.035586695388804     0.099633807784474
20 22
    -0.051127484094597     0.161357609538352    -0.132025096110866
     0.151811083205496    -0.229459794344020    -0.048258151230570
    -0.106421058800368    -0.055809325881618     0.236893127017136
20 23
     0.011099820495213    -0.033868278359226     0.044532014097504
    -0.042692977546586    -0.097356535446763    -0.035592882210117
     0.047852160007852     0.056599354248049     0.099630325413321
20 24
    -0.051126768824960     0.151815479242243    -0.106423982530271
     0.161363075869082    -0.229490498728949    -0.055831922137012
    -0.132029272867871    -0.048249468796947     0.236887864303311
20 25
    -0.029072385001253    -0.017324932227781     0.008254728484650
     0.002277131372161    -0.043357609225853     0.028923635021489
    -0.017937317897870    -0.033443293334031    -0.025123699813102
20 26
    -0.008545770133661    -0.024497556949630     0.017459507338462
    -0.010338658740628     0.022197787554505    -0.039157770418083
    -0.016500905059334     0.030414878237600     0.019380914758453
20 27
    -0.094672702803194     0.046818005415461     0.043061701654932
     0.019685583077191    -0.006634219860200    -0.026585773602484
     0.046264726077931     0.038093939967176    -0.065544176966855
20 28
    -0.120809182654717     0.004152249882652    -0.025184466406570
    -0.124796163483652    -0.039552839421234    -0.106372326488020
    -0.056697539363330    -0.018123575155534    -0.098685950212740
20 29
    -0.020078093816677     0.002093416715324    -0.039438594675272
    -0.013331931647813    -0.060763909901025    -0.006780160970879
    -0.012892552473792    -0.013414558343252    -0.039401505073073
20 30
    -0.024029979444883     0.001572653431072     0.005095460812219
     0.003585161142275    -0.025217974439637     0.020496965113807
     0.004057207777017     0.025489030306383    -0.019222203213233
20 31
    -0.029058669575440     0.002257516277080    -0.017938226342518
    -0.017319450234213    -0.043350263354471    -0.033451975767653
     0.008257678319285     0.028936838794569    -0.025114150702401
20 32
    -0.008539933115748    -0.010370109720871    -0.016501051245829
    -0.024508781984080     0.022177055176925     0.030423456252297
     0.017460875226381    -0.039150126952765     0.019382804740998
20 33
    -0.020071974867666    -0.013321505418141    -0.012891200248712
     0.002082207343714    -0.060770216804102    -0.013424519908708
    -0.039437054496126    -0.006801086523471    -0.039388802510833
20 34
    -0.024024319939142     0.003565138813386     0.004053025799067
     0.001563741275814    -0.025203209603627     0.025461359291229
     0.005093957179697     0.020507542750921    -0.019209500650994
20 35
    -0.094658141584087     0.019653432490150     0.046268161460567
     0.046812450328645    -0.006648640113758     0.038095448820644
     0.043063857905735    -0.026532979393949    -0.065545027981095
20 36
    -0.120805099874745    -0.124803425819893    -0.056693091117120
     0.004146752226245    -0.039553476376677    -0.018128174809185
    -0.025181323396924    -0.106390542369505    -0.098683136122708
20 37
    -0.026284974004921     0.011681198965491    -0.027467278168257
     0.134665260759955     0.136853641266720     0.095747638206786
    -0.074900232738419    -0.039393757188830    -0.056194140946324
20 38
    -0.030708446824598    -0.129942481533345     0.066566594872063
    -0.017212232881910     0.135730067527812    -0.041272384175204
     0.032752650900518     0.097061040330596    -0.068191932871800
20 39
    -0.017863394519839     0.047478068766755    -0.080947894949656
     0.001142959112355     0.008773941147864    -0.013747336236630
     0.007375547239961     0.031347323575988    -0.006653657443109
20 40
     0.000462539291611     0.051693533866668    -0.011399748194751
    -0.099567929884622    -0.042671952796015     0.023666037723307
     0.078217595884412    -0.021197579554667    -0.012065638122066
20 41
     0.375638933183871     0.112695545021674     0.234570615180122
    -0.125299619331067    -0.155392260765779    -0.227063646281019
    -0.230178201769719    -0.213103347646629    -0.467555143434457
20 42
    -0.277305104470385     0.034268108865362     0.077408636366859
    -0.022270191637176     0.120445930098046    -0.111389634955740
    -0.087357243433687    -0.130723347139098    -0.071573007224949
20 43
    -0.191222826554176    -0.074068744837773     0.035684984923010
    -0.009951938030539     0.143098978945082     0.059337542163085
     0.203615160167232     0.000150650404202    -0.178193401753351
20 44
    -0.181821458190061     0.012452938357189    -0.184953905861578
     0.065970368030635     0.139033558619605    -0.004212311648375
    -0.047449238701533     0.063288425369610    -0.192459747036290
20 45
    -0.001540998833925     0.024703951397001    -0.001874189182057
    -0.052177740085239     0.096580102424381    -0.031392286365140
     0.041198972449906    -0.000920103021440    -0.087564191301361
20 46
     0.019281800314739     0.033555616771771    -0.022777563194282
    -0.005564494960971     0.005434931958695     0.008824130104218
    -0.022390189865912    -0.023382190538236    -0.014001867808476
20 47
    -0.553826842501761     0.136474250765174    -0.129116063171513
    -0.136394166670561    -2.297905110078160     1.068567561630903
     0.124439123853025     1.060696186346007    -1.376854768823867
20 48
    -0.006954316075123     0.000603948620940    -0.000322774560352
    -0.000080345141925    -0.011026445316539    -0.003541801183624
    -0.002405874685875    -0.001102559430230     0.009305433476671
20 49
     0.001853519455831    -0.028271711125407     0.026748771544580
    -0.008924732517615    -0.038225935930406     0.016322098091977
    -0.010370610931712    -0.019505784130045     0.014027387793773
20 50
     0.007546016356148    -0.002922205386756     0.011389186220476
     0.041870511441069    -0.029718748589573    -0.040051204846050
    -0.032297248642439    -0.007764690469112     0.055014478581793
20 51
     0.011609322198392    -0.015866168518325     0.012383604190916
     0.004049063100859     0.016130176107626    -0.019874560447854
    -0.030394626187075    -0.026489969238696     0.008033992097915
20 52
     0.047088304244999    -0.004511163832984     0.027394456409886
     0.014780613710050     0.059374861486919     0.002255401793846
    -0.012502265857411     0.009042934740838     0.020973496541383
20 53
     0.007917095111255     0.006780839693893     0.002501501537490
    -0.005333509856737    -0.004951153857717     0.001852783302409
     0.010043753591388     0.006977314343378    -0.010712468050627
20 54
     0.036507931355582    -0.006004265705962    -0.019081404734616
     0.003894329916685     0.006016033718822     0.006533178887318
     0.005187051872378    -0.001669178285443    -0.010544896559612
21 1
     0.055136951539054    -0.043348039231367     0.041094637059936
    -0.013045489652453     0.034077873246652     0.048885510574519
     0.010246681330446     0.055298884408113    -0.061835806713897
21 2
    -0.010301156683675    -0.013486299365749     0.002963325559464
    -0.007918818023520     0.047441563910537     0.006984879494503
    -0.016857140664237    -0.029264228671411    -0.017000946407898
21 3
    -1.815741576287782     0.573984921215072     0.803218157817283
     0.888246880104816    -0.934005654723021    -0.546149028578340
     1.029500536479687    -0.364091567954693    -1.144918215006661
21 4
     0.097401044013591    -0.079990060149628    -0.124627892385838
    -0.094439436145445    -0.191862241063030    -0.056510519847513
     0.066316386243716     0.073652457909039    -0.029203790997557
21 5
    -0.053131669617468    -0.157186506818772     0.028578102356409
    -0.197346479638162    -0.094775226524812    -0.016658112972032
     0.052188181977750     0.154646965466864    -0.245618680435105
21 6
    -0.000482493748199    -0.011229696754264    -0.003797037583215
     0.031506562436779     0.003870987065977     0.001016064013616
    -0.006717587930008     0.001274145828916    -0.000856088999402
21 7
     0.011821819931935     0.001176869158284     0.008610937984822
    -0.002109277950048    -0.003913496010389    -0.002758058836484
     0.009606676854665     0.000851870474827     0.001123824344328
21 8
     0.047372224523318    -0.082168625277432     0.024399194322177
    -0.047569085522827    -0.103853956073178     0.137855676597747
    -0.028468076135022     0.110283217246227    -0.026075833339820
21 9
    -0.012432205979609     0.077860754649744    -0.073035368166374
     0.300366572280147     0.220678851907228     0.290840710452571
    -0.292005153758767    -0.052517362639157    -0.412260467109026
21 10
     0.044872675619727    -0.060229243236895     0.011192361767591
    -0.169578783001419     0.081633807205861     0.082655055619108
     0.103039399701239    -0.023975885220730    -0.073959846340776
21 11
     0.105347078829941     0.005381135328479     0.032396164690195
    -0.082669883106474    -0.049446511691562    -0.088457646613113
    -0.070870816058319    -0.039176210800257    -0.068187818766150
21 12
     0.013244940241305    -0.167009967803857    -0.061285278815043
    -0.016201201860485    -0.034361542919550    -0.020806953576779
    -0.104967897166245    -0.016264328321660    -0.009916414712217
21 13
    -0.035423587806837     0.003548938217155     0.003591196556147
    -0.010260819652905     0.028665772485931    -0.001467701969445
    -0.023854023114181     0.004823517384610     0.061325970870158
21 14
     0.070550182085932     0.056173382464012    -0.006551807223558
     0.009023873066060    -0.014017828241179     0.031983428004915
     0.023320687791346     0.013430226402965     0.109672152475541
21 15
     0.018380946922143     0.007517603966626     0.021748848827890
     0.014331194656379    -0.001254123500026     0.007497743487070
    -0.003977859835827    -0.001195179016802     0.017774779399045
21 16
    -0.017237831181401    -0.007872184531566     0.015519967572125
    -0.023966148155964     0.036781477613691     0.005225639886152
    -0.014097572974285    -0.001203073087540     0.041835066436941
21 17
     0.016759884877390     0.016643927661056    -0.002463038826426
    -0.012840530965302    -0.006637049613071     0.021855178619329
     0.005601668098310    -0.009522901551050    -0.000896044901095
21 18
    -0.008888922047248     0.020138954387177    -0.020274610233733
     0.000819474503312     0.019240147605513     0.010538245074082
    -0.013722286136496     0.012862813963921    -0.013568116814518
21 19
    -0.051128027073007     0.151882145504979    -0.106426384165549
     0.161363900778590    -0.229535816542446    -0.055812270495306
    -0.132031303815964    -0.048282407746873     0.236899371268858
21 20
     0.011094589107065    -0.033866618098316     0.044535162328096
    -0.042702563203911    -0.097376390705373    -0.035586695388804
     0.047854420677581     0.056604345472670     0.099633807784474
21 21
     2.981147901683401    -0.510782965157346    -0.531414103368972
    -0.510782965157346     3.589828271435792    -0.482096684794523
    -0.531414103368972    -0.482096684794523     4.099358491422922
21 22
    -0.052950205188467     0.034095535707834     0.045497236536484
     0.034096094349083     0.044394202000145    -0.007128053503666
     0.045499554636622    -0.007115350941427     0.020020235290274
21 23
    -0.051121652297629     0.161361598341291    -0.132020590434248
     0.151881231839385    -0.229569898879602    -0.048275766703236
    -0.106419127050254    -0.055826241747486     0.236896055967986
21 24
     0.011101971525070    -0.042691098005934     0.047851585703764
    -0.033902485999092    -0.097356128212956     0.056569119748284
     0.044533194031358    -0.035593905515583     0.099636099779880
21 25
    -0.024031999951084     0.001572282743888     0.005093790109417
     0.003566778190510    -0.025225952045516     0.020501115766080
     0.004056314995208     0.025491275313272    -0.019213014347824
21 26
    -0.020079200657283     0.002089166865072    -0.039436323563651
    -0.013318717432841    -0.060775228912507    -0.006802621481670
    -0.012891221132497    -0.013417565608296    -0.039397902620157
21 27
    -0.008537526259524    -0.024496173398873     0.017465568857065
    -0.010366815303784     0.022195521663830    -0.039144733715283
    -0.016498164062550     0.030411656913760     0.019406899407967
21 28
    -0.029063681683846    -0.017322514929665     0.008253162200774
     0.002257672905467    -0.043346462505598     0.028931623069260
    -0.017942089842747    -0.033455358940827    -0.025093846442414
21 29
    -0.120804389826054     0.004173989902860    -0.025184398534268
    -0.124808949581031    -0.039554713740940    -0.106396087014428
    -0.056700839001363    -0.018144286649329    -0.098673278976178
21 30
    -0.094664672987853     0.046817034319458     0.043064160720618
     0.019653808398280    -0.006624206085282    -0.026540695952514
     0.046264538123865     0.038095626332816    -0.065538272076640
21 31
    -0.120802943623941    -0.124805921432203    -0.056697158234253
     0.004167646453159    -0.039553262317881    -0.018145685862926
    -0.025178143840654    -0.106385619017186    -0.098681742130058
21 32
    -0.094665142873016     0.019655118855790     0.046263671446787
     0.046822672941414    -0.006626701697592     0.038099709112788
     0.043060030952130    -0.026536639277274    -0.065543889814811
21 33
    -0.008528948244826    -0.010364925321239    -0.016499375322081
    -0.024493134808152     0.022200408469525     0.030411333215092
     0.017463480478562    -0.039148748622953     0.019414976211824
21 34
    -0.029056142637453     0.002260654065779    -0.017937380549225
    -0.017321314112026    -0.043360496409132    -0.033445052792919
     0.008253945342712     0.028931628290206    -0.025087623074477
21 35
    -0.024020331136203     0.003554931863456     0.004054539873481
     0.001572037359414    -0.025222010231093     0.025489223481394
     0.005090897705191     0.020511327936956    -0.019202890933034
21 36
    -0.020065077997662    -0.013320502996460    -0.012890302245956
     0.002089720285375    -0.060769689488530    -0.013417523840726
    -0.039439325607747    -0.006799958799080    -0.039377754988557
21 37
    -0.277290391843837     0.034315582929663     0.077403243129377
    -0.022315373706071     0.120658553134300    -0.111371387748577
    -0.087352816071262    -0.130701058919533    -0.071561072141809
21 38
     0.375657081193055     0.112696453466323     0.234574369040480
    -0.125325932900194    -0.155342379845254    -0.227091677541465
    -0.230184148427504    -0.213103222343919    -0.467525514564458
21 39
    -0.030708123125931    -0.129904598347315     0.066571700957501
    -0.017231122265463     0.135653946131407    -0.041240040413151
     0.032755355350679     0.096990667196019    -0.068178974483194
21 40
    -0.026283026591968     0.011658868978356    -0.027460929497611
     0.134709487395686     0.136940836290133     0.095806332084590
    -0.074895638305714    -0.039416264688137    -0.056176932707466
21 41
     0.000458247673789     0.051702451242873    -0.011399043367006
    -0.099576043235103    -0.042600222215411     0.023665447756380
     0.078220175031863    -0.021218144861968    -0.012062683066485
21 42
    -0.017869012258010     0.047479316572910    -0.080949043557832
     0.001123448436198     0.008758137343549    -0.013752598950455
     0.007372226718142     0.031350847714710    -0.006643852506042
21 43
    -0.006937530732912     0.000602330127601    -0.000325599092276
    -0.000081060411562    -0.011025093091458    -0.003556863613571
    -0.002400068993639    -0.001105128135788     0.009319660555217
21 44
    -0.553802246623952     0.136463307661823    -0.129104587531643
    -0.136349558905755    -2.297629950547658     1.068421349031019
     0.124438278059732     1.060692735300532    -1.376829979771047
21 45
    -0.181824548990244     0.012449774463758    -0.184948658810592
     0.066002450745375     0.139057778589284    -0.004180416887700
    -0.047452167652382     0.063286796434378    -0.192446360530091
21 46
    -0.191226491658447    -0.074101997044474     0.035684525479739
    -0.009963659054883     0.143140093896844     0.059290705054227
     0.203625121732687     0.000179543120779    -0.178175488686748
21 47
     0.019277143230680     0.033532091187944    -0.022777014994926
    -0.005560093703278     0.005470455277018     0.008826343785430
    -0.022393609585709    -0.023388304266301    -0.013991906243021
21 48
    -0.001545974395707     0.024697482644591    -0.001875301243609
    -0.052188385594654     0.096582488396820    -0.031366870798768
     0.041191856300159    -0.000917852793604    -0.087559079994977
21 49
     0.036520545161735    -0.006016623685748    -0.019080146486568
     0.003905038077455     0.006011950938850     0.006562207348499
     0.005190059137421    -0.001637471478834    -0.010525025638163
21 50
     0.007933682057509     0.006766388114658     0.002502107167256
    -0.005321668750629    -0.004942367005169     0.001865710365338
     0.010040480058086     0.006994512140344    -0.010684703058441
21 51
     0.007543974966162    -0.002891391361956     0.011388434404215
     0.041887740563712    -0.029714592716354    -0.040047826893822
    -0.032300553501419    -0.007784488297313     0.055031138621294
21 52
     0.001850637493498    -0.028255468761607     0.026746563084313
    -0.008899677196535    -0.038222631071427     0.016339692680858
    -0.010371101700660    -0.019511605485120     0.014042737375764
21 53
     0.047086409041509    -0.004511800788427     0.027394132711218
     0.014797101458324     0.059378338637125     0.002254764838403
    -0.012504437771053     0.009042924298946     0.020977918682861
21 54
     0.011602947423014    -0.015865568109506     0.012383813028767
     0.004055678039764     0.016134039607855    -0.019865810141930
    -0.030395278805357    -0.026492840759136     0.008041646005126
22 1
    -0.010300457076877    -0.013483109367587     0.002967330025242
    -0.007920572261461     0.047444518966118     0.006985250181687
    -0.016860445523217    -0.029267256820239    -0.016999735148367
22 2
     0.055137322226238    -0.043353844923603     0.041097122230354
    -0.013046063956542     0.034073080417989     0.048885369608971
     0.010254178609268     0.055297020530300    -0.061827719468147
22 3
     0.097396851593748    -0.079994832094505    -0.124627422500675
    -0.094445977991104    -0.191870839961512    -0.056505977624270
     0.066320688303431     0.073649836994019    -0.029191584425212
22 4
    -1.815739571444420     0.573961531375848     0.803229435061194
     0.888253500264668    -0.934019845254944    -0.546165678175949
     1.029496354501737    -0.364061521408993    -1.144917959180295
22 5
    -0.000478906958122    -0.011230338930653    -0.003793106210684
     0.031512242826305     0.003874850566206     0.001017724274525
    -0.006715958994776     0.001274010084313    -0.000858166936011
22 6
    -0.053133355983109    -0.157174263699803     0.028582059833671
    -0.197349638310646    -0.094784258761834    -0.016656959142910
     0.052195240697088     0.154658232268884    -0.245612169915124
22 7
     0.047370261447526    -0.082169262232875     0.024399653765448
    -0.047578086434171    -0.103855783404367     0.137863722075927
    -0.028479771054634     0.110276931226936    -0.026074987546526
22 8
     0.011819371308142     0.001176179993378     0.008613971354597
    -0.002112253889414    -0.003912112459632    -0.002756174074886
     0.009610686541389     0.000852919885025     0.001129624815618
22 9
     0.044870853509484    -0.060232119978282     0.011189401491064
    -0.169580083017036     0.081641388019824     0.082653818254845
     0.103038788850527    -0.023979393696614    -0.073960472854327
22 10
    -0.012428775817919     0.077848459321312    -0.073039983482864
     0.300372592031180     0.220688296599004     0.290845659909621
    -0.292011867895651    -0.052528065578981    -0.412257198796670
22 11
     0.013240455448471    -0.167025839480473    -0.061279290389688
    -0.016216875141144    -0.034362242526348    -0.020797237395798
    -0.104958160101478    -0.016269825978067    -0.009912634747128
22 12
     0.105353808629664     0.005376551337667     0.032398503674117
    -0.082664463764260    -0.049436633661247    -0.088455787956247
    -0.070875253862637    -0.039176471847570    -0.068187615149246
22 13
     0.070548574034486     0.056178493770396    -0.006551833328289
     0.009019988682046    -0.014023143164467     0.031992575102755
     0.023324890653082     0.013430654520558     0.109672199464057
22 14
    -0.035421760475648     0.003547758283301     0.003587896918113
    -0.010265941401182     0.028666921094108    -0.001461891056263
    -0.023848400155064     0.004816077536196     0.061323762409892
22 15
    -0.017232834735834    -0.007872476904556     0.015522019404004
    -0.023966524064094     0.036780631820398     0.005228083289000
    -0.014094858082233    -0.001211280415054     0.041835515438319
22 16
     0.018379224009879     0.007515463378661     0.021751986616589
     0.014332745277417    -0.001254118279080     0.007503919866490
    -0.003978585547356    -0.001199230471096     0.017778815190500
22 17
    -0.008885283047708     0.020142833550245    -0.020274772083067
     0.000819067269504     0.019234420227471     0.010547319078674
    -0.013718323438288     0.012860720364472    -0.013569395946351
22 18
     0.016762234303205     0.016646303191603    -0.002463399071718
    -0.012839836579450    -0.006630523430251     0.021859026456719
     0.005602226739559    -0.009524467834927    -0.000896807159248
22 19
     0.011096854997740    -0.033907753933863     0.044537297695115
    -0.042700610570011    -0.097371858924023    -0.035588089381455
     0.047850254362469     0.056565971517692     0.099632789699954
22 20
    -0.051127484094597     0.151811083205496    -0.106421058800368
     0.161357609538352    -0.229459794344020    -0.055809325881618
    -0.132025096110866    -0.048258151230570     0.236893127017136
22 21
    -0.052950205188467     0.034096094349083     0.045499554636622
     0.034095535707834     0.044394202000145    -0.007115350941427
     0.045497236536484    -0.007128053503666     0.020020235290274
22 22
     2.981082462343036    -0.510822707000242    -0.531424832413527
    -0.510822707000242     3.589690062546517    -0.482133753512937
    -0.531424832413527    -0.482133753512937     4.099324116712777
22 23
     0.011100812475001    -0.042685809187377     0.047847043480522
    -0.033908453540662    -0.097343049742586     0.056561267445116
     0.044528416865534    -0.035587979741583     0.099643048859346
22 24
    -0.051122320578750     0.161369936192461    -0.132024203329057
     0.151878610924364    -0.229567424151077    -0.048281927419817
    -0.106425402627653    -0.055838166388733     0.236907181804456
22 25
    -0.020077446419342     0.002086958404806    -0.039436871763007
    -0.013316388890811    -0.060782188433866    -0.006803493379695
    -0.012892223554178    -0.013415900126440    -0.039398952030354
22 26
    -0.024030303143551     0.001570089946461     0.005091487672118
     0.003570166584630    -0.025224161260950     0.020505731082570
     0.004058789723733     0.025485328655487    -0.019209156068541
22 27
    -0.029064908606216    -0.017323814945282     0.008257010038164
     0.002252890518697    -0.043356100372385     0.028934724311336
    -0.017938242005357    -0.033444097359754    -0.025092395019355
22 28
    -0.008537902167654    -0.024509173555049     0.017463569234649
    -0.010370020964785     0.022181879331265    -0.039148242191166
    -0.016501479363422     0.030421023291342     0.019408058458035
22 29
    -0.094666134852804     0.046820923924418     0.043063147857044
     0.019657572700531    -0.006624942238704    -0.026536900324586
     0.046261369009488     0.038091580099468    -0.065536935514399
22 30
    -0.120805042444336     0.004167166126104    -0.025177318931146
    -0.124799337818975    -0.039552813316503    -0.106389205807264
    -0.056700202045920    -0.018149690328704    -0.098681726467219
22 31
    -0.094659441599705     0.019650158956848     0.046262287896029
     0.046819409850004    -0.006622707673707     0.038093673698917
     0.043061148234629    -0.026538534480764    -0.065538042355005
22 32
    -0.120803215113147    -0.124798779177726    -0.056696448185562
     0.004171081835795    -0.039551591615079    -0.018144344079738
    -0.025174259456640    -0.106387702174742    -0.098676756126384
22 33
    -0.029052508858859     0.002251266804412    -0.017943327207010
    -0.017323078791860    -0.043359509650290    -0.033444671663842
     0.008253172642666     0.028926459553413    -0.025085425056104
22 34
    -0.008530159504358    -0.010365630148984    -0.016498393784185
    -0.024495280617063     0.022202000858133     0.030413834048349
     0.017467103815264    -0.039149098426352     0.019407243990420
22 35
    -0.020066263152462    -0.013320837137021    -0.012892301868372
     0.002092602247708    -0.060769052533087    -0.013413702108067
    -0.039438850501638    -0.006793584023702    -0.039376267018874
22 36
    -0.024016206588661     0.003568297485870     0.004057855174353
     0.001570768669474    -0.025210336195266     0.025491776524113
     0.005099230335415     0.020505898152850    -0.019196798088754
22 37
     0.375653572717171     0.112693832551302     0.234572416406581
    -0.125325034897438    -0.155340098291740    -0.227081099904351
    -0.230181945188184    -0.213105869363670    -0.467528459178146
22 38
    -0.277287008670664     0.034312972456535     0.077416895903835
    -0.022309641107082     0.120669078561951    -0.111367863609855
    -0.087345042082288    -0.130702614761517    -0.071563103089902
22 39
    -0.026290482103221     0.011656576982950    -0.027467314714881
     0.134700183669458     0.136939990496839     0.095802959353309
    -0.074895497340165    -0.039418295636230    -0.056177971675771
22 40
    -0.030706932750184    -0.129902990295868     0.066570259976335
    -0.017232286536478     0.135657997585702    -0.041241481394318
     0.032753898706673     0.096996081317286    -0.068174823830921
22 41
    -0.017871419114233     0.047489011870107    -0.080947247552320
     0.001124095833534     0.008763248649933    -0.013759193005576
     0.007371986554614     0.031356220068407    -0.006641659708614
22 42
     0.000455083780358     0.051693131853807    -0.011402259469900
    -0.099574539602582    -0.042625538583804     0.023670271910720
     0.078216405508666    -0.021200915739325    -0.012059681022388
22 43
    -0.553819031966163     0.136477002203851    -0.129114413352496
    -0.136327333337545    -2.297672161898133     1.068405174539520
     0.124410596602685     1.060692891928920    -1.376835017984183
22 44
    -0.006936131519315     0.000597881881391    -0.000321620731229
    -0.000081817448769    -0.011023719982593    -0.003557427475766
    -0.002400873019362    -0.001100518040244     0.009325419258937
22 45
    -0.191227170381461    -0.074061847967769     0.035684515037847
    -0.009969031408580     0.143108329659825     0.059293138015182
     0.203629152303196     0.000138281982522    -0.178181680729007
22 46
    -0.181826271902509     0.012476745872114    -0.184955790623177
     0.066003578469766     0.139069316880508    -0.004177487936851
    -0.047445302108056     0.063268053237321    -0.192455011638037
22 47
    -0.001546360745730     0.024700328060300    -0.001878355497169
    -0.052185347003933     0.096581971523141    -0.031371919453797
     0.041192592453581    -0.000920395394430    -0.087556265904946
22 48
     0.019275373329899     0.033532425328504    -0.022773908531904
    -0.005556224982102     0.005473399890706     0.008825304817125
    -0.022389699096964    -0.023385166477601    -0.013989144362452
22 49
     0.007939273690949     0.006765490111902     0.002506330912777
    -0.005323422988571    -0.004939244879309     0.001872789968460
     0.010041827062220     0.006994486035613    -0.010686420749759
22 50
     0.036527107891178    -0.006012326846980    -0.019083863800302
     0.003897895822978     0.006015704799207     0.006563256758696
     0.005188137829199    -0.001644154290041    -0.010526607584879
22 51
     0.001855049193084    -0.028250242594405     0.026745424918030
    -0.008898408506594    -0.038215749864262     0.016336131995511
    -0.010366470721331    -0.019507721101106     0.014043379552154
22 52
     0.007546862149441    -0.002897478985290     0.011386915108855
     0.041876755692791    -0.029715182683281    -0.040048202801953
    -0.032304516199626    -0.007774860872418     0.055019636876693
22 53
     0.011602576735830    -0.015861944772805     0.012385713453204
     0.004058121442612     0.016131481344190    -0.019869193315103
    -0.030395774795251    -0.026488016604796     0.008044684595846
22 54
     0.047086382936777    -0.004509848154528     0.027391934692844
     0.014805559391258     0.059383956375296     0.002253924266056
    -0.012502412043906     0.009043571696282     0.020981270530357
23 1
    -0.053128610142963    -0.157172384159151     0.028581433320120
    -0.197350943547210    -0.094757329121048    -0.016691976029445
     0.052193016573983     0.154667254064013    -0.245621202152146
23 2
    -0.000478139479022    -0.011229957801577    -0.003789764805081
     0.031502077643946     0.003903644084805     0.001019734338833
    -0.006713071811497     0.001277690851423    -0.000867418452776
23 3
     0.055137645924906    -0.043352539687039     0.041097691313496
    -0.013082621022222     0.034081564455654     0.048893963286507
     0.010251740427367     0.055300904914314    -0.061830559662910
23 4
    -0.010295664248214    -0.013487959626658     0.002967272594833
    -0.007917115995040     0.047459471756193     0.006985746171581
    -0.016860638698228    -0.029265309407286    -0.017002627552592
23 5
    -1.815741779904686     0.573964862339559     0.803232452768130
     0.888350280945405    -0.934024805153886    -0.546254752740013
     1.029496312734167    -0.364070569308854    -1.144904024474739
23 6
     0.097394486505094    -0.079990242882747    -0.124622640113905
    -0.094506775910248    -0.191946188657871    -0.056534280373921
     0.066313895852353     0.073649716912255    -0.029204579360442
23 7
     0.105351198156536     0.005379803987184     0.032401161135761
    -0.082624695816632    -0.049435887065932    -0.088405703418818
    -0.070875410491024    -0.039174294712981    -0.068195232509833
23 8
     0.013248260763123    -0.167019078355072    -0.061276241357075
    -0.016199614692823    -0.034407309734425    -0.020834337439889
    -0.104960770574606    -0.016265779744719    -0.009915485383784
23 9
     0.011827850124860     0.001168108410467     0.008618602333925
    -0.002119719842559    -0.003930260468816    -0.002756910228308
     0.009607768032433     0.000855023926366     0.001121151219846
23 10
     0.047377591656069    -0.082174994831864     0.024402572274405
    -0.047570610039133    -0.103888659702938     0.137864933335458
    -0.028471683808884     0.110263670023447    -0.026075154616806
23 11
    -0.012431229662659     0.077846412710380    -0.073042468653282
     0.300373061916343     0.220658015110722     0.290869973856333
    -0.292005618422983    -0.052519111656153    -0.412252682678159
23 12
     0.044871386046002    -0.060234547718291     0.011190069772185
    -0.169649798312385     0.081652090959647     0.082693716726130
     0.103041545510150    -0.023976334222108    -0.073958055556211
23 13
     0.016765533941239     0.016648746594450    -0.002460725947235
    -0.012832871837146    -0.006620238166128     0.021856322006559
     0.005607317162158    -0.009526519666805    -0.000902216059569
23 14
    -0.008882719563097     0.020145767722041    -0.020272198156563
     0.000812201725178     0.019244809910519     0.010554001889881
    -0.013711974767642     0.012859770152254    -0.013575384371706
23 15
    -0.035418586140325     0.003544004422943     0.003586106133548
    -0.010275996943670     0.028640372582398    -0.001463180629988
    -0.023845888879915     0.004818641020807     0.061319345489360
23 16
     0.070555470904489     0.056172244297728    -0.006548110793609
     0.009023392739004    -0.014032488658265     0.031985406743546
     0.023320886187304     0.013434079461302     0.109667015064426
23 17
     0.018380137675474     0.007514883853627     0.021752618351086
     0.014347698067492    -0.001257971337416     0.007505428719958
    -0.003980402436653    -0.001197387477068     0.017771150841397
23 18
    -0.017236009071158    -0.007874064072218     0.015519565559264
    -0.023958781400797     0.036766091485076     0.005211057783261
    -0.014096487017464    -0.001207839811471     0.041834784505843
23 19
    -0.051126398137775     0.161360867408816    -0.132025999334568
     0.151810984007517    -0.229463036551645    -0.048260176957717
    -0.106415942273038    -0.055812051215563     0.236890573974418
23 20
     0.011099820495213    -0.042692977546586     0.047852160007852
    -0.033868278359226    -0.097356535446763     0.056599354248049
     0.044532014097504    -0.035592882210117     0.099630325413321
23 21
    -0.051121652297629     0.151881231839385    -0.106419127050254
     0.161361598341291    -0.229569898879602    -0.055826241747486
    -0.132020590434248    -0.048275766703236     0.236896055967986
23 22
     0.011100812475001    -0.033908453540662     0.044528416865534
    -0.042685809187377    -0.097343049742586    -0.035587979741583
     0.047847043480522     0.056561267445116     0.099643048859346
23 23
     2.980897599078022    -0.510694772933198    -0.531468192372179
    -0.510694772933198     3.590774886422317    -0.482073477688417
    -0.531468192372179    -0.482073477688417     4.099657740399447
23 24
    -0.052950742945931     0.034082279725291     0.045494417225506
     0.034091959359649     0.044287115171499    -0.007108104268024
     0.045499873114343    -0.007115533674546     0.020023409625598
23 25
    -0.120808874618888     0.004171389871624    -0.025183625834223
    -0.124795897215393    -0.039557559156649    -0.106368264591833
    -0.056696108824056    -0.018147262588695    -0.098688670325739
23 26
    -0.094669752968559     0.046815243534892     0.043062615320526
     0.019687843746920    -0.006636303017756    -0.026583398071938
     0.046265718057719     0.038098476969472    -0.065547518372459
23 27
    -0.024025379791232     0.001571473497219     0.005095956802113
     0.003585970388945    -0.025208843004637     0.020496317716472
     0.004062167675960     0.025492763282955    -0.019208430357011
23 28
    -0.020072742346765     0.002083429045137    -0.039441680254509
    -0.013330391468668    -0.060756245551922    -0.006778020382915
    -0.012890641607462    -0.013426472542607    -0.039386129386350
23 29
    -0.008534639076245    -0.024495526001537     0.017465219053665
    -0.010341170015777     0.022206235045546    -0.039159472446562
    -0.016497542769946     0.030411500285372     0.019398770394647
23 30
    -0.029058570377461    -0.017326289673807     0.008256842967884
     0.002279146657416    -0.043341549595171     0.028925624202012
    -0.017941264933239    -0.033445449584834    -0.025099062167723
23 31
    -0.024020169286869     0.003563609076133     0.004059332702143
     0.001565730456338    -0.025199440080430     0.025465348094168
     0.005092349128250     0.020509714664563    -0.019211886623432
23 32
    -0.020067860762017    -0.013317177253695    -0.012894379804981
     0.002080677606461    -0.060769350127024    -0.013423663673522
    -0.039436861321115    -0.006801749583646    -0.039392399742803
23 33
    -0.120800103429178    -0.124804731056457    -0.056699074321529
     0.004153168769193    -0.039548641780444    -0.018123397643361
    -0.025175183564128    -0.106388668049799    -0.098673513918759
23 34
    -0.094654022257491     0.019656476301817     0.046263128468376
     0.046816157200487    -0.006635190956204     0.038091971670437
     0.043062051458331    -0.026537949734784    -0.065530967972829
23 35
    -0.008520458986215    -0.010374923433319    -0.016502267726307
    -0.024510797269334     0.022181696598146     0.030423064681328
     0.017468388168042    -0.039139392687263     0.019401485286700
23 36
    -0.029050733737132     0.002256205819570    -0.017936827128922
    -0.017321251460671    -0.043341633130311    -0.033450837601370
     0.008257140561820     0.028930427472567    -0.025092765706539
23 37
     0.000479998135889     0.051696964028358    -0.011402932971967
    -0.099570315857061    -0.042635740312787     0.023669222500523
     0.078220284671734    -0.021216709101747    -0.012052731942922
23 38
    -0.017853156244232     0.047485592150309    -0.080947592134773
     0.001139816102709     0.008785160961367    -0.013751888901765
     0.007371104214697     0.031356789151549    -0.006643977808752
23 39
    -0.277284690570526     0.034273637847447     0.077415606330110
    -0.022269351064829     0.120468249643288    -0.111384565416926
    -0.087352732536122    -0.130720642688937    -0.071559129949802
23 40
     0.375651828921122     0.112678869319334     0.234576373883842
    -0.125292738123902    -0.155409991099262    -0.227061771961313
    -0.230180650393513    -0.213075520003087    -0.467534630336620
23 41
    -0.030715902335851    -0.129940539341338     0.066568020190391
    -0.017209993095967     0.135727352635759    -0.041269810248700
     0.032754081439792     0.097060053571754    -0.068180551208963
23 42
    -0.026295650840014     0.011654728767975    -0.027465659674918
     0.134663099288206     0.136903825002128     0.095745351432326
    -0.074894239092118    -0.039421005307337    -0.056185374977561
23 43
     0.019291072715289     0.033530900812197    -0.022775130233327
    -0.005560025830976     0.005487961109812     0.008824782722500
    -0.022389250095586    -0.023389280583251    -0.013986920239347
23 44
    -0.001530995500900     0.024696981433750    -0.001872763863729
    -0.052175437647941     0.096586049082166    -0.031393173926003
     0.041197416607921    -0.000918124282809    -0.087558620551707
23 45
    -0.006941827571680     0.000601625299856    -0.000323171352267
    -0.000075369580144    -0.011015768481446    -0.003541707206591
    -0.002398862955054    -0.001098288696193     0.009325121665000
23 46
    -0.553815309431483     0.136445352827650    -0.129107406842621
    -0.136380586989351    -2.297687835178792     1.068546813590484
     0.124430159488305     1.060514346008876    -1.376831556496816
23 47
    -0.181832129804207     0.012450380093524    -0.184960593893732
     0.065973270876753     0.139026494679321    -0.004201692243691
    -0.047446414169608     0.063287657890510    -0.192458384369318
23 48
    -0.191229295306587    -0.074068948454677     0.035687605838030
    -0.009952689846800     0.143097689371357     0.059336127286650
     0.203626985610500     0.000144573222760    -0.178187392444211
23 49
     0.047097232063096    -0.004523417393846     0.027391344725918
     0.014780838210739     0.059378067147920     0.002255135525587
    -0.012500548166093     0.009042731123934     0.020985556927233
23 50
     0.011619158461137    -0.015877357006151     0.012385666464687
     0.004046938175733     0.016151534998757    -0.019873062036279
    -0.030394140639073    -0.026486617391200     0.008039677708388
23 51
     0.036520654801606    -0.006002344397740    -0.019082574226577
     0.003893792159221     0.006030286902099     0.006536624711847
     0.005188947075869    -0.001672911262016    -0.010525380662509
23 52
     0.007929599277537     0.006779450922189     0.002504446151178
    -0.005333567287145    -0.004934546027679     0.001855613055280
     0.010043570858269     0.006977053296066    -0.010688879815445
23 53
     0.007539218684123    -0.002898648477251     0.011384508252631
     0.041871675712084    -0.029722612089802    -0.040054248657717
    -0.032300804106839    -0.007774625929836     0.055015501887259
23 54
     0.001845421768189    -0.028255098074422     0.026746380351195
    -0.008923923270945    -0.038227058433851     0.016322515767677
    -0.010366528151740    -0.019511803881078     0.014033950523216
24 1
    -0.000476239054585    -0.011228031272408    -0.003791440728829
     0.031501790491902     0.003904573413239     0.001018789347561
    -0.006715901564367     0.001272443800437    -0.000862824020071
24 2
    -0.053129847507225    -0.157181651338754     0.028577126039460
    -0.197345743484740    -0.094752833886322    -0.016695923064815
     0.052179697940085     0.154654394873386    -0.245624439138825
24 3
    -0.010292364610181    -0.013489792178794     0.002962015101954
    -0.007915299105743     0.047462050903643     0.006985187530332
    -0.016855235018854    -0.029263957182205    -0.017003974556726
24 4
     0.055139791733817    -0.043360251024658     0.041095263573487
    -0.013076883202288     0.034084650034891     0.048901256948426
     0.010249521525208     0.055296148632276    -0.061833044833328
24 5
     0.097397645177579    -0.079990117580037    -0.124631609699572
    -0.094500724833538    -0.191948908770870    -0.056531638575116
     0.066314370958462     0.073650009285246    -0.029207837230905
24 6
    -1.815747940621268     0.573977523134228     0.803237637167762
     0.888347472076320    -0.934028564235190    -0.546232903079934
     1.029505705216480    -0.364083898384644    -1.144937287123333
24 7
     0.013237307217879    -0.167004172553513    -0.061285581629926
    -0.016201750059842    -0.034408233841913    -0.020847363700797
    -0.104967510816222    -0.016262516653309    -0.009925916834402
24 8
     0.105354539562140     0.005384236570555     0.032397031367273
    -0.082622127111075    -0.049443708043423    -0.088407342795942
    -0.070872585959100    -0.039172754533836    -0.068196511641666
24 9
     0.047375732999202    -0.082172567091855     0.024402029295994
    -0.047566454165914    -0.103909799314327     0.137842791302389
    -0.028481248582424     0.110271292604980    -0.026071635699030
24 10
     0.011824399079386     0.001172326935042     0.008617626016975
    -0.002120006994603    -0.003928166869367    -0.002760627542042
     0.009607856788519     0.000853019083004     0.001122686178045
24 11
     0.044869344656016    -0.060229660912596     0.011194382273792
    -0.169655348178255     0.081647470422211     0.082692014697650
     0.103046907421954    -0.023975786022751    -0.073957564787263
24 12
    -0.012430869417367     0.077852066995175    -0.073036349704270
     0.300377525825391     0.220670618474983     0.290866956149397
    -0.292006088308146    -0.052518004815547    -0.412258644998783
24 13
    -0.008886421213992     0.020141209835960    -0.020274082918161
     0.000809314541899     0.019240748014333     0.010547011042845
    -0.013720615433694     0.012863753734247    -0.013572820887095
24 14
     0.016765116265538     0.016647467462618    -0.002461838008787
    -0.012833378268932    -0.006636318680595     0.021851497852219
     0.005602341600377    -0.009524525265335    -0.000903228923142
24 15
     0.070553194571922     0.056173450336313    -0.006555785584604
     0.009016830009561    -0.014028134389088     0.031984811555673
     0.023318771704071     0.013429020364380     0.109670742820052
24 16
    -0.035416367238166     0.003542385929604     0.003590836310855
    -0.010274561183450     0.028641761354102    -0.001461410729207
    -0.023855025535862     0.004823136255533     0.061318531021744
24 17
    -0.017237763309100    -0.007872497788341     0.015527642363121
    -0.023957862514256     0.036761121144241     0.005212665834708
    -0.014097050879660    -0.001210612133933     0.041836262033633
24 18
     0.018378158936843     0.007514878632680     0.021750639612455
     0.014342659854356    -0.001252912240495     0.007502661618443
    -0.003978528116947    -0.001197679850058     0.017779274633771
24 19
     0.011098342967423    -0.042704933513511     0.047857887385894
    -0.033866231748294    -0.097381966675974     0.056598174314196
     0.044536305715326    -0.035588413080122     0.099629354317318
24 20
    -0.051126768824960     0.161363075869082    -0.132029272867871
     0.151815479242243    -0.229490498728949    -0.048249468796947
    -0.106423982530271    -0.055831922137012     0.236887864303311
24 21
     0.011101971525070    -0.033902485999092     0.044533194031358
    -0.042691098005934    -0.097356128212956    -0.035593905515583
     0.047851585703764     0.056569119748284     0.099636099779880
24 22
    -0.051122320578750     0.151878610924364    -0.106425402627653
     0.161369936192461    -0.229567424151077    -0.055838166388733
    -0.132024203329057    -0.048281927419817     0.236907181804456
24 23
    -0.052950742945931     0.034091959359649     0.045499873114343
     0.034082279725291     0.044287115171499    -0.007115533674546
     0.045494417225506    -0.007108104268024     0.020023409625598
24 24
     2.980978727361886    -0.510636616812859    -0.531500687541673
    -0.510636616812859     3.590992719962934    -0.482087798743996
    -0.531500687541673    -0.482087798743996     4.099704906427920
24 25
    -0.094670374261164     0.046816830702554     0.043061294421124
     0.019689686740948    -0.006641931197820    -0.026583251885442
     0.046267117271316     0.038098722353946    -0.065548050908977
24 26
    -0.120807731231658     0.004167991035612    -0.025176092008776
    -0.124803049911763    -0.039555585638964    -0.106367293495829
    -0.056697508037652    -0.018149643340187    -0.098685208838371
24 27
    -0.020073609023844     0.002090926323960    -0.039435195839259
    -0.013330673399766    -0.060756146353943    -0.006784630100874
    -0.012887780528914    -0.013414793285834    -0.039382495607757
24 28
    -0.024032182684203     0.001562389050734     0.005092103743776
     0.003585129816598    -0.025188737140607     0.020490574675591
     0.004055150724193     0.025460967720259    -0.019206905840705
24 29
    -0.029055463914439    -0.017323621770271     0.008255824883364
     0.002281088849423    -0.043350675809226     0.028925817377024
    -0.017940664524420    -0.033444551582078    -0.025102549759821
24 30
    -0.008536424639864    -0.024500115213295     0.017465741148291
    -0.010345774890374     0.022201014099291    -0.039160443542565
    -0.016497490560483     0.030411938844858     0.019401025843429
24 31
    -0.020064921369275    -0.013318821851766    -0.012893685419129
     0.002081053514591    -0.060774435328676    -0.013429907925244
    -0.039437258113030    -0.006799488913917    -0.039392598138761
24 32
    -0.024022247223479     0.003565770547883     0.004058403373710
     0.001563401914308    -0.025200139687229     0.025467269402390
     0.005087065530640     0.020505094127127    -0.019208414694173
24 33
    -0.094661592629562     0.019650503539301     0.046263024049451
     0.046814841522031    -0.006641174160613     0.038087043097172
     0.043061137792736    -0.026538330863860    -0.065531902522208
24 34
    -0.120793592909198    -0.124804965999038    -0.056702452273756
     0.004152166347512    -0.039551607277918    -0.018128352321358
    -0.025177334593985    -0.106389832320814    -0.098671195818622
24 35
    -0.029050227305345     0.002245294041896    -0.017939416718265
    -0.017321669136371    -0.043350185040278    -0.033448023511338
     0.008256023279322     0.028937089399989    -0.025093684593080
24 36
    -0.008524964662833    -0.010368961112695    -0.016502178970220
    -0.024506954652890     0.022186938428186     0.030422255434659
     0.017468294191010    -0.039142107579316     0.019404137527398
24 37
    -0.017854022921310     0.047488166076813    -0.080947832298301
     0.001138286365456     0.008778076137298    -0.013752995742371
     0.007371057226181     0.031361738608599    -0.006642803095844
24 38
     0.000475758727530     0.051696379282377    -0.011397618048679
    -0.099576659306761    -0.042630858728038     0.023667186331483
     0.078219397110871    -0.021214291803631    -0.012063659383435
24 39
     0.375649996368986     0.112672149961504     0.234581673144292
    -0.125297186370112    -0.155413154992693    -0.227063943874956
    -0.230181600605731    -0.213076444110574    -0.467527148720635
24 40
    -0.277289425968780     0.034279125061961     0.077406506220787
    -0.022286407896245     0.120474969001119    -0.111390167492258
    -0.087344217172780    -0.130725910623709    -0.071571101579565
24 41
    -0.026294872919022     0.011678807772106    -0.027463085748414
     0.134665798517420     0.136842578081605     0.095743706834255
    -0.074897089728773    -0.039389063558146    -0.056184116729513
24 42
    -0.030714189865479    -0.129906180294030     0.066569461171558
    -0.017212493929223     0.135686086276556    -0.041272958479292
     0.032755339687840     0.096990912580493    -0.068181584956321
24 43
    -0.001533162193596     0.024693587818684    -0.001874241391519
    -0.052176022393921     0.096585015334808    -0.031385321622835
     0.041196998932221    -0.000918233922681    -0.087560954314683
24 44
     0.019295646264209     0.033527434103884    -0.022773334227815
    -0.005563570853484     0.005486363500258     0.008826735356399
    -0.022393379864074    -0.023394146505161    -0.013985364397363
24 45
    -0.553803776361204     0.136462957858423    -0.129108330950109
    -0.136353547708694    -2.297899299164977     1.068623425755837
     0.124419200722114     1.060678732722675    -1.376835994301133
24 46
    -0.006943101482566     0.000603645806057    -0.000323270550246
    -0.000075755930167    -0.011028554578826    -0.003537833264469
    -0.002400956554502    -0.001115444725588     0.009324510814288
24 47
    -0.191236928330012    -0.074059305366943     0.035679414173355
    -0.009950084594619     0.143100258076915     0.059336346566393
     0.203626797656435     0.000136172720235    -0.178187935422621
24 48
    -0.181832035827175     0.012448015004870    -0.184954725550140
     0.065977421529026     0.139024683010971    -0.004211022074650
    -0.047447766394688     0.063287777972274    -0.192457491587508
24 49
     0.011619999033484    -0.015876098758103     0.012387681749942
     0.004051469957083     0.016154954718554    -0.019863920159385
    -0.030393284403887    -0.026492767665889     0.008045018736407
24 50
     0.047102938557354    -0.004520786036933     0.027393156394268
     0.014780577163426     0.059371165056970     0.002257213462197
    -0.012503142976382     0.009045691400461     0.020979437978221
24 51
     0.007932559554064     0.006784734519799     0.002503125251776
    -0.005335112687237    -0.004940550115873     0.001855680927581
     0.010038997309349     0.006974672544573    -0.010689271386414
24 52
     0.036516201334451    -0.006003868914046    -0.019076444835673
     0.003892716644292     0.006030527065627     0.006528641885022
     0.005189312542107    -0.001666197125132    -0.010527615227506
24 53
     0.001846586039204    -0.028260955976121     0.026745189975448
    -0.008923604793223    -0.038237213174318     0.016326932688209
    -0.010369305695148    -0.019510127957330     0.014038247361985
24 54
     0.007537020665750    -0.002895364502057     0.011390663748266
     0.041870542766747    -0.029727086440743    -0.040052859886013
    -0.032304876444918    -0.007782895908705     0.055018107139441
25 1
     0.018374942833950     0.007521791165523     0.021748352837996
     0.014336911592529    -0.001261124788955     0.007503460423220
    -0.003977609230406    -0.001195899507385     0.017754266301207
25 2
    -0.017249463449658    -0.007871129900422     0.015517795658483
    -0.023965725259317     0.036775332559948     0.005230375284406
    -0.014098643268268    -0.001207505670911     0.041818797968409
25 3
     0.016759811784143     0.016638952099275    -0.002462923965609
    -0.012843402485743    -0.006645418789918     0.021855309142985
     0.005604450862664    -0.009520468590095    -0.000918291353089
25 4
    -0.008887982276922     0.020141173289336    -0.020278103046778
     0.000815480479427     0.019231851521913     0.010541179245878
    -0.013725413483303     0.012862746091619    -0.013594399057968
25 5
    -0.035430234071421     0.003540965832223     0.003588826246547
    -0.010264698815973     0.028656265142800    -0.001460470958881
    -0.023850023869349     0.004824216991408     0.061305337690556
25 6
     0.070545796491078     0.056171779633512    -0.006554073114233
     0.009017357325133    -0.014036122436859     0.031985730442214
     0.023319633160203     0.013434873045133     0.109654719735994
25 7
    -1.815730763708087     0.573987463815899     0.803218298782832
     0.888245151971605    -0.934001582384942    -0.546147592818120
     1.029500776643215    -0.364086707253729    -1.144913249886772
25 8
     0.097405377398983    -0.079990263766532    -0.124620207152950
    -0.094438282316323    -0.191852702394221    -0.056509037098776
     0.066311927555614     0.073647941790528    -0.029208322778907
25 9
    -0.053119431719446    -0.157180920406278     0.028576118396832
    -0.197355256048817    -0.094779732201431    -0.016660123036341
     0.052177792294702     0.154669906304711    -0.245622919843464
25 10
    -0.000471179957664    -0.011238139024359    -0.003795617485833
     0.031506285726628     0.003875330893262     0.001021765286927
    -0.006713703545994     0.001274485190422    -0.000857921551537
25 11
     0.055146672940982    -0.043349850899717     0.041096239890437
    -0.013054803820573     0.034077993328415     0.048887473650311
     0.010249709479274     0.055296863901913    -0.061842886317019
25 12
    -0.010290077835721    -0.013487181705666     0.002967168175908
    -0.007925840196233     0.047446153122296     0.006985239739794
    -0.016856049486470    -0.029261200522582    -0.017000654034908
25 13
    -0.012419498196423     0.077851753738399    -0.073052169171424
     0.300371151050013     0.220694781014253     0.290834816004248
    -0.292016937434465    -0.052519612866994    -0.412253773855926
25 14
     0.044889554938971    -0.060227301044888     0.011189286630247
    -0.169578835210881     0.081656857683579     0.082650764001286
     0.103047121480750    -0.023977519376908    -0.073950871534163
25 15
     0.105371585951664     0.005380320860863     0.032402946699381
    -0.082672827720162    -0.049429047626338    -0.088459661898368
    -0.070872690378025    -0.039174957773156    -0.068197879529585
25 16
     0.013261788234871    -0.167014974691315    -0.061277269883487
    -0.016202982203158    -0.034342919804257    -0.020792945777976
    -0.104962608347688    -0.016260365623452    -0.009916654875745
25 17
     0.011836704849710     0.001170744988326     0.008612848851152
    -0.002117276439712    -0.003900991844107    -0.002762037197531
     0.009606932681032     0.000849896957143     0.001135712438952
25 18
     0.047390826754826    -0.082173783572333     0.024399565009361
    -0.047579302914649    -0.103834769095689     0.137858610769543
    -0.028477860188304     0.110273866531484    -0.026064926783092
25 19
    -0.008546276565448    -0.010370396872915    -0.016505363747436
    -0.024499431269336     0.022184176547617     0.030414700725427
     0.017461684473050    -0.039149338589880     0.019381958947704
25 20
    -0.029072385001253     0.002277131372161    -0.017937317897870
    -0.017324932227781    -0.043357609225853    -0.033443293334031
     0.008254728484650     0.028923635021489    -0.025123699813102
25 21
    -0.024031999951084     0.003566778190510     0.004056314995208
     0.001572282743888    -0.025225952045516     0.025491275313272
     0.005093790109417     0.020501115766080    -0.019213014347824
25 22
    -0.020077446419342    -0.013316388890811    -0.012892223554178
     0.002086958404806    -0.060782188433866    -0.013415900126440
    -0.039436871763007    -0.006803493379695    -0.039398952030354
25 23
    -0.120808874618888    -0.124795897215393    -0.056696108824056
     0.004171389871624    -0.039557559156649    -0.018147262588695
    -0.025183625834223    -0.106368264591833    -0.098688670325739
25 24
    -0.094670374261164     0.019689686740948     0.046267117271316
     0.046816830702554    -0.006641931197820     0.038098722353946
     0.043061294421124    -0.026583251885442    -0.065548050908977
25 25
     2.980352339113940    -0.510672855400818    -0.531348512621165
    -0.510672855400818     3.589462747767501    -0.482107069256625
    -0.531348512621165    -0.482107069256625     4.099854439549622
25 26
    -0.052936171284932     0.034092763385372     0.045496923279709
     0.034097441353217     0.044401835023570    -0.007119423279506
     0.045501241002262    -0.007125307285936     0.020024881932442
25 27
    -0.051111330486882     0.161357390258609    -0.132024845505446
     0.151881299711686    -0.229520117157056    -0.048279280400066
    -0.106418693711714    -0.055809043950520     0.236910956548599
25 28
     0.011117723119923    -0.042691672310022     0.047853903803901
    -0.033903665932945    -0.097337630400372     0.056578089333951
     0.044535543457173    -0.035599444939560     0.099652190736239
25 29
    -0.051106537658220     0.151879686439293    -0.106424092170143
     0.161359870208081    -0.229519323573225    -0.055806825048362
    -0.132027257582616    -0.048271589946231     0.236913880278502
25 30
     0.011123654114869    -0.033906527011493     0.044532494424560
    -0.042706076900740    -0.097362931105926    -0.035588820313930
     0.047851168028064     0.056579436338085     0.099650300753695
25 31
    -0.008528634988051    -0.024499232873378     0.017462451952150
    -0.010370000081000     0.022200815703333    -0.039147250211378
    -0.016498576517304     0.030415974636313     0.019399355140628
25 32
    -0.029054973145491    -0.017329276055065     0.008257934145651
     0.002259818714378    -0.043362861497786     0.028929346736692
    -0.017938461285100    -0.033445966458513    -0.025109248233867
25 33
    -0.120792021404375     0.004169238841767    -0.025180122579285
    -0.124803425819893    -0.039543295531479    -0.106391106231701
    -0.056701162700031    -0.018148124044827    -0.098674344049214
25 34
    -0.094654643550096     0.046817786135719     0.043057671084423
     0.019653270640816    -0.006615325255702    -0.026538774644292
     0.046264945357673     0.038091569657576    -0.065530451099149
25 35
    -0.024011982843140     0.001575321334609     0.005092526640423
     0.003566814737134    -0.025201152550802     0.020505971246098
     0.004059468446746     0.025477841818557    -0.019199826237582
25 36
    -0.020061381567714     0.002090007437419    -0.039434527558139
    -0.013317156369910    -0.060767554121512    -0.006800997767385
    -0.012891534389272    -0.013412992059376    -0.039383059469952
25 37
     0.007555910049302    -0.002921166418451     0.011391300703709
     0.041881329241710    -0.029718362239550    -0.040048265453308
    -0.032306808195033    -0.007769979287669     0.055017444079266
25 38
     0.001867365405301    -0.028268975349569     0.026746422118765
    -0.008900423791849    -0.038218370779282     0.016336774171901
    -0.010373310160926    -0.019509323931607     0.014040774299972
25 39
     0.047096657759008    -0.004510866239047     0.027395072481544
     0.014799492651709     0.059385209402397     0.002251282467251
    -0.012502046577668     0.009043164462474     0.020982612313545
25 40
     0.011618077725262    -0.015861683725492     0.012386835956648
     0.004058377268978     0.016140957361643    -0.019871641938897
    -0.030392590018035    -0.026492558828039     0.008040137151658
25 41
     0.036513632628893    -0.006016101591123    -0.019081394292723
     0.003902250092155     0.006005978176334     0.006561904533616
     0.005187662723090    -0.001636610022702    -0.010537696874725
25 42
     0.007926357069913     0.006782097941940     0.002505119653245
    -0.005324540271070    -0.004950939798921     0.001865376224778
     0.010037394478849     0.006975821152749    -0.010700898433725
25 43
    -0.030708530359739    -0.129904258985808     0.066569497718181
    -0.017232182117553     0.135643008249002    -0.041239836796247
     0.032751726793031     0.096991575640667    -0.068199132556686
25 44
    -0.026288357178095     0.011651225513038    -0.027465644012079
     0.134700742310708     0.136931574331476     0.095808577091480
    -0.074897042740257    -0.039419188418040    -0.056197252630292
25 45
     0.000454989803325     0.051693586076131    -0.011406211726215
    -0.099573176935609    -0.042637760818988     0.023662477037961
     0.078213001451708    -0.021197370716817    -0.012075589245629
25 46
    -0.017866328691634     0.047488782148471    -0.080944830254204
     0.001122425130732     0.008762517717457    -0.013756566869609
     0.007367862007073     0.031351923229639    -0.006662694901078
25 47
    -0.277305135796063     0.034268228947126     0.077403645142239
    -0.022308847523251     0.120534801045207    -0.111366641908431
    -0.087354293599053    -0.130725101377040    -0.071589364449567
25 48
     0.375627708149422     0.112677945211847     0.234569670188850
    -0.125325724062344    -0.155398484133715    -0.227078353686621
    -0.230181203813816    -0.213078438512044    -0.467559466377957
25 49
    -0.181796622148724     0.012463500331464    -0.184957069755009
     0.065995888015932     0.139076359937007    -0.004181382762757
    -0.047446027819585     0.063241656133053    -0.192433438688109
25 50
    -0.191183512828872    -0.074097762857061     0.035681017003856
    -0.009969015745741     0.143153255902354     0.059293696656432
     0.203619420459376     0.000165639740901    -0.178161700167688
25 51
     0.019315355336323     0.033531647407512    -0.022777176844259
    -0.005564014633916     0.005506124781835     0.008826213261774
    -0.022388038836054    -0.023390439633319    -0.013969910396447
25 52
    -0.001511845070035     0.024701158190755    -0.001872440165061
    -0.052186119703979     0.096609005582852    -0.031370603775341
     0.041192425383301    -0.000915012598841    -0.087538107453869
25 53
    -0.006927908528963     0.000601896789062    -0.000322033185984
    -0.000081138725756    -0.011012040725820    -0.003555078049951
    -0.002399818388219    -0.001097923229955     0.009330447030181
25 54
    -0.553795031276227     0.136466706497835    -0.129109845024523
    -0.136321642506127    -2.297610048300532     1.068400444362212
     0.124416767761159     1.060679850005174    -1.376801363764620
26 1
    -0.017245594728483    -0.007866759968406     0.015521747914798
    -0.023962979041587     0.036779305700049     0.005236958897634
    -0.014094304661929    -0.001203553414596     0.041814877037771
26 2
     0.018371408253335     0.007512633625790     0.021752978596378
     0.014333142069332    -0.001261030811922     0.007505898605121
    -0.003974487104546    -0.001196828835819     0.017756151062805
26 3
    -0.008889130885099     0.020140019460213    -0.020270292511180
     0.000814013393529     0.019226823750669     0.010548039569257
    -0.013718459182891     0.012861790658455    -0.013589193774552
26 4
     0.016757248299531     0.016643264600882    -0.002462193033133
    -0.012836923291440    -0.006640145634200     0.021856076622085
     0.005602821927432    -0.009521392697582    -0.000919685345740
26 5
     0.070545498897141     0.056173100532914    -0.006552251003989
     0.009016031204784    -0.014033496300892     0.031989896757326
     0.023320531162959     0.013434283078206     0.109657293662498
26 6
    -0.035427738459110     0.003540417632866     0.003588596524911
    -0.010267951465490     0.028655523768432    -0.001465503951071
    -0.023850498975459     0.004817393214652     0.061309190748893
26 7
     0.097408885874867    -0.079989501508378    -0.124620384665123
    -0.094442448631435    -0.191857568316131    -0.056502249868644
     0.066317816782990     0.073649132166275    -0.029199723880424
26 8
    -1.815743001606110     0.573974369682690     0.803237323910986
     0.888268609683131    -0.934001404872769    -0.546157956396437
     1.029503089522406    -0.364071832777848    -1.144945139426501
26 9
    -0.000467749795974    -0.011233309649073    -0.003795988173017
     0.031511256067463     0.003878557438048     0.001019306221240
    -0.006710811141768     0.001275508495889    -0.000857409898804
26 10
    -0.053128380421327    -0.157180763777891     0.028573492260866
    -0.197356498634026    -0.094773816869323    -0.016655403300926
     0.052189262713625     0.154661437929884    -0.245617672792478
26 11
    -0.010291675445275    -0.013486941542138     0.002967585851608
    -0.007925767102986     0.047444143057987     0.006983422850497
    -0.016858821808931    -0.029266176084364    -0.016999818683507
26 12
     0.055145780159172    -0.043360726130767     0.041099006991952
    -0.013049796933114     0.034079606600808     0.048886784485406
     0.010253609526127     0.055295783166038    -0.061834955699657
26 13
     0.044889711567359    -0.060233576622287     0.011190503110724
    -0.169579362526453     0.081656492217341     0.082643209292054
     0.103039786051261    -0.023979263172957    -0.073950970732142
26 14
    -0.012408904896470     0.077851623214743    -0.073040552566006
     0.300370581966872     0.220714610168131     0.290848547092900
    -0.292002219586971    -0.052525408117337    -0.412240392570673
26 15
     0.013260456893576    -0.167016353021127    -0.061277327313896
    -0.016211951788825    -0.034356833626027    -0.020779131154184
    -0.104961245680715    -0.016253562730481    -0.009913584959347
26 16
     0.105371173496910     0.005381046572393     0.032407964028732
    -0.082664411554798    -0.049417577207414    -0.088458910082107
    -0.070876235400533    -0.039178784726761    -0.068186445657285
26 17
     0.047390372532502    -0.082164077833244     0.024407104055754
    -0.047573330152132    -0.103856514336843     0.137865053417222
    -0.028473866164419     0.110263476848436    -0.026058739961779
26 18
     0.011840808513467     0.001170254219378     0.008615709929700
    -0.002113110124600    -0.003899221943327    -0.002751751933407
     0.009610937146810     0.000852919885025     0.001137675514744
26 19
    -0.029066955217148     0.002255741155353    -0.017939421939211
    -0.017319967107892    -0.043374791359980    -0.033449349631687
     0.008254665833295     0.028932698584188    -0.025123903430006
26 20
    -0.008545770133661    -0.010338658740628    -0.016500905059334
    -0.024497556949630     0.022197787554505     0.030414878237600
     0.017459507338462    -0.039157770418083     0.019380914758453
26 21
    -0.020079200657283    -0.013318717432841    -0.012891221132497
     0.002089166865072    -0.060775228912507    -0.013417565608296
    -0.039436323563651    -0.006802621481670    -0.039397902620157
26 22
    -0.024030303143551     0.003570166584630     0.004058789723733
     0.001570089946461    -0.025224161260950     0.025485328655487
     0.005091487672118     0.020505731082570    -0.019209156068541
26 23
    -0.094669752968559     0.019687843746920     0.046265718057719
     0.046815243534892    -0.006636303017756     0.038098476969472
     0.043062615320526    -0.026583398071938    -0.065547518372459
26 24
    -0.120807731231658    -0.124803049911763    -0.056697508037652
     0.004167991035612    -0.039555585638964    -0.018149643340187
    -0.025176092008776    -0.106367293495829    -0.098685208838371
26 25
    -0.052936171284932     0.034097441353217     0.045501241002262
     0.034092763385372     0.044401835023570    -0.007125307285936
     0.045496923279709    -0.007119423279506     0.020024881932442
26 26
     2.980396623180078    -0.510676384760486    -0.531412349131030
    -0.510676384760486     3.589329519660954    -0.482106270451848
    -0.531412349131030    -0.482106270451848     4.099790394201906
26 27
     0.011119216310552    -0.042701075234228     0.047852650776800
    -0.033906532232440    -0.097352296038404     0.056565256248055
     0.044527430106692    -0.035588935174748     0.099653814450525
26 28
    -0.051106532437273     0.161359379439133    -0.132024229433788
     0.151879675997401    -0.229551735207579    -0.048285639512605
    -0.106423476098485    -0.055836976012987     0.236912747333165
26 29
     0.011116720698242    -0.033904976390455     0.044531993213719
    -0.042703341124903    -0.097352186398533    -0.035590323946452
     0.047853929908633     0.056573233853933     0.099658022533207
26 30
    -0.051106203517659     0.151879039041957    -0.106417727836657
     0.161361948144690    -0.229525948954023    -0.055810375291815
    -0.132029941148991    -0.048273448603098     0.236910611966146
26 31
    -0.029051360250683    -0.017323574781755     0.008254394344090
     0.002251251141573    -0.043357901598843     0.028933466063288
    -0.017936821907976    -0.033441246723098    -0.025104293555871
26 32
    -0.008530425772617    -0.024498721220645     0.017465861230055
    -0.010366616907826     0.022199113674854    -0.039143595548999
    -0.016500539593096     0.030413202313852     0.019399767595382
26 33
    -0.094650565991070     0.046819201012154     0.043063565532745
     0.019653020035396    -0.006613095911651    -0.026540831697117
     0.046263995145455     0.038092874894140    -0.065526321330661
26 34
    -0.120794966018063     0.004168831607959    -0.025177804479148
    -0.124802151909007    -0.039542522831433    -0.106389529505931
    -0.056704660734022    -0.018150076678727    -0.098667791761663
26 35
    -0.020061694824489     0.002092518712568    -0.039435169734528
    -0.013319537121403    -0.060754914210627    -0.006803054820210
    -0.012890563293269    -0.013422629926163    -0.039378480700086
26 36
    -0.024015569633218     0.001566800750320     0.005099637569223
     0.003566715539155    -0.025206321287595     0.020503397319594
     0.004060021867049     0.025489724692235    -0.019196563146173
26 37
     0.001865564178843    -0.028267059262294     0.026741979093501
    -0.008900690060108    -0.038213510078318     0.016334142814988
    -0.010372406937223    -0.019502823853518     0.014040001599926
26 38
     0.007555664664828    -0.002922043537422     0.011389770966457
     0.041875246839323    -0.029708009103125    -0.040054943043569
    -0.032304819014509    -0.007759010079586     0.055016645274489
26 39
     0.011618390982037    -0.015864659664858     0.012383578086185
     0.004053824603844     0.016140973024482    -0.019871093739540
    -0.030395101293184    -0.026493300202407     0.008043614301864
26 40
     0.047096636875223    -0.004512380313462     0.027393840338228
     0.014803862583725     0.059389313066154     0.002251386886176
    -0.012502250194572     0.009044276524026     0.020984100283228
26 41
     0.007926111685439     0.006764508574006     0.002503234891647
    -0.005324514166338    -0.004947191159509     0.001866963392439
     0.010041242316239     0.006995974005296    -0.010700992410758
26 42
     0.036512410927469    -0.006006030385796    -0.019081885061671
     0.003900542842729     0.006022575564480     0.006565313811521
     0.005190309742842    -0.001668734505012    -0.010533749839356
26 43
    -0.026292481725637     0.011652582959064    -0.027464203030913
     0.134697040659813     0.136932206065972     0.095807214424507
    -0.074897215031483    -0.039417616913217    -0.056200740222391
26 44
    -0.030711506299104    -0.129909558246258     0.066569993708076
    -0.017237444831378     0.135645524745097    -0.041240254471948
     0.032755172617560     0.096991110976451    -0.068195587534179
26 45
    -0.017871445218965     0.047480412971624    -0.080947597355719
     0.001127291052642     0.008760596409235    -0.013757741582517
     0.007367627064491     0.031348686242960    -0.006657881188630
26 46
     0.000459406723857     0.051707719177644    -0.011405877585655
    -0.099572858457888    -0.042607975320600     0.023667515251097
     0.078220180252809    -0.021218385025495    -0.012074043845537
26 47
     0.375633085724065     0.112672322252730     0.234572311987655
    -0.125329383945669    -0.155384575532891    -0.227088555415604
    -0.230183354843673    -0.213081618068314    -0.467558218571802
26 48
    -0.277306775173187     0.034282048791864     0.077402172835395
    -0.022314585343186     0.120528306188065    -0.111371878517525
    -0.087342713540258    -0.130717666749572    -0.071589625496880
26 49
    -0.191196335472876    -0.074095209814342     0.035683507395220
    -0.009969266351161     0.143157986079661     0.059301089516329
     0.203622479933882     0.000156743248482    -0.178177999961897
26 50
    -0.181791912855201     0.012467896368211    -0.184958829213897
     0.065997125380194     0.139076260739028    -0.004166268123348
    -0.047441469933504     0.063257026598829    -0.192440429535145
26 51
    -0.001511594464615     0.024698453740594    -0.001877734204564
    -0.052185373108665     0.096612900408758    -0.031369402957702
     0.041197797736998    -0.000918672482166    -0.087540347239813
26 52
     0.019312896270637     0.033533741006960    -0.022767486768009
    -0.005560302541128     0.005498852003701     0.008824861036694
    -0.022388540046895    -0.023391682218528    -0.013969116812616
26 53
    -0.553795657789777     0.136459172672388    -0.129127742428286
    -0.136328476724775    -2.297657861726340     1.068405905471995
     0.124419863782289     1.060648263280328    -1.376843037357631
26 54
    -0.006928728217525     0.000600440145056    -0.000318467279691
    -0.000083733536045    -0.011015037548970    -0.003561019486790
    -0.002398163348256    -0.001094169369597     0.009337145504227
27 1
    -0.035422715908813     0.003542140545130     0.003590340320961
    -0.010260777885335     0.028662848756028    -0.001466135685568
    -0.023849209401734     0.004817356668028     0.061316228584445
27 2
     0.070545253512667     0.056175408191159    -0.006550830906608
     0.009022755783561    -0.014026792605900     0.031991598785805
     0.023321251653542     0.013434053356570     0.109661585280320
27 3
     0.018377025991505     0.007514607143475     0.021751835209148
     0.014334891086328    -0.001257537998877     0.007506546002457
    -0.003977922487182    -0.001192328380146     0.017768890171668
27 4
    -0.017233805831838    -0.007869683698309     0.015519388047091
    -0.023967907614852     0.036783210967848     0.005231007018903
    -0.014095270536987    -0.001205761874862     0.041828075589905
27 5
     0.016758104534717     0.016647363043692    -0.002467607154400
    -0.012838620098973    -0.006635613852851     0.021857914395167
     0.005602660078099    -0.009523606378794    -0.000899475062785
27 6
    -0.008890629296674     0.020143475726635    -0.020269791300339
     0.000815475258480     0.019240977735968     0.010549015886207
    -0.013715692081375     0.012866400753998    -0.013574246205422
27 7
     0.055148698668129    -0.043350994286947     0.041101351196821
    -0.013047781647860     0.034087766939806     0.048885656761015
     0.010254972193099     0.055301896894103    -0.061814719311971
27 8
    -0.010289597508665    -0.013486215830609     0.002966583429927
    -0.007923475107580     0.047452721072685     0.006989395613014
    -0.016858200516327    -0.029264776870767    -0.016986332979329
27 9
    -1.815723772861051     0.573967906151226     0.803222219713469
     0.888266787572888    -0.933992571031705    -0.546177033734054
     1.029493592621167    -0.364077074607888    -1.144911151066378
27 10
     0.097415307638761    -0.079991736073376    -0.124622734090938
    -0.094441206046226    -0.191855887171437    -0.056512289748293
     0.066311462891397     0.073649100840597    -0.029184969486306
27 11
    -0.053122418100704    -0.157179959752167     0.028578264205743
    -0.197357020728651    -0.094774015265281    -0.016658483659217
     0.052199574082480     0.154663500203655    -0.245596501855412
27 12
    -0.000471623738095    -0.011234902037681    -0.003796729547386
     0.031511940011423     0.003887861164275     0.001020554027395
    -0.006718360630053     0.001275007285048    -0.000843809333809
27 13
     0.011842818577775     0.001175903283227     0.008615809127678
    -0.002106270685005    -0.003889876449529    -0.002755913027573
     0.009609767654848     0.000852256824850     0.001149788110057
27 14
     0.047399138501265    -0.082161237638481     0.024402415646017
    -0.047563922006980    -0.103840005704783     0.137865351011159
    -0.028472127589316     0.110270154438696    -0.026049373584197
27 15
    -0.012402937354900     0.077848464542258    -0.073043471074963
     0.300379885693099     0.220710527388160     0.290845659909621
    -0.292010656636120    -0.052527157134333    -0.412238366843526
27 16
     0.044891815608700    -0.060232240060046     0.011192769001399
    -0.169583215584789     0.081663832867776     0.082653259613596
     0.103038658326870    -0.023977999703964    -0.073941781866732
27 17
     0.105372875525389     0.005378524855351     0.032402513360842
    -0.082668400357737    -0.049415431398503    -0.088462235824872
    -0.070881299718400    -0.039177046151658    -0.068164549008690
27 18
     0.013268752977176    -0.167008610357830    -0.061279838589045
    -0.016198962074542    -0.034338534209402    -0.020777042775682
    -0.104964179852511    -0.016260919043755    -0.009893416443962
27 19
    -0.120807125601892    -0.124800872777174    -0.056702159900766
     0.004170961754031    -0.039557178027572    -0.018152875105919
    -0.025177360698716    -0.106387853582183    -0.098684592766713
27 20
    -0.094672702803194     0.019685583077191     0.046264726077931
     0.046818005415461    -0.006634219860200     0.038093939967176
     0.043061701654932    -0.026585773602484    -0.065544176966855
27 21
    -0.008537526259524    -0.010366815303784    -0.016498164062550
    -0.024496173398873     0.022195521663830     0.030411656913760
     0.017465568857065    -0.039144733715283     0.019406899407967
27 22
    -0.029064908606216     0.002252890518697    -0.017938242005357
    -0.017323814945282    -0.043356100372385    -0.033444097359754
     0.008257010038164     0.028934724311336    -0.025092395019355
27 23
    -0.024025379791232     0.003585970388945     0.004062167675960
     0.001571473497219    -0.025208843004637     0.025492763282955
     0.005095956802113     0.020496317716472    -0.019208430357011
27 24
    -0.020073609023844    -0.013330673399766    -0.012887780528914
     0.002090926323960    -0.060756146353943    -0.013414793285834
    -0.039435195839259    -0.006784630100874    -0.039382495607757
27 25
    -0.051111330486882     0.151881299711686    -0.106418693711714
     0.161357390258609    -0.229520117157056    -0.055809043950520
    -0.132024845505446    -0.048279280400066     0.236910956548599
27 26
     0.011119216310552    -0.033906532232440     0.044527430106692
    -0.042701075234228    -0.097352296038404    -0.035588935174748
     0.047852650776800     0.056565256248055     0.099653814450525
27 27
     2.979984131879273    -0.510783586449950    -0.531402163064886
    -0.510783586449950     3.588599970735946    -0.482158218867090
    -0.531402163064886    -0.482158218867090     4.098271265911845
27 28
    -0.052930214185255     0.034083292588865     0.045495706799231
     0.034094658588863     0.044365445028170    -0.007110751287776
     0.045496735325644    -0.007116624852313     0.020053602357793
27 29
    -0.051105979016970     0.161355886626088    -0.132031627514632
     0.151877493641866    -0.229518561315072    -0.048278413722987
    -0.106419962401655    -0.055816473357042     0.236926112955579
27 30
     0.011124557338571    -0.042703257589763     0.047850886096966
    -0.033909006960965    -0.097352113305285     0.056566389193392
     0.044530682756209    -0.035585243965745     0.099664386866692
27 31
    -0.024011758342451     0.001568596755832     0.005093810993202
     0.003570250119770    -0.025208482759345     0.020503131051335
     0.004064464892312     0.025495467733116    -0.019195550282599
27 32
    -0.020064206099638     0.002092607468654    -0.039436725576512
    -0.013324575334539    -0.060763779377369    -0.006798523038860
    -0.012890584177054    -0.013415273612889    -0.039379582319746
27 33
    -0.008523382716118    -0.024491881781051     0.017462023834557
    -0.010368277168735     0.022215021898094    -0.039147819294520
    -0.016499594601824     0.030413181430067     0.019420593949995
27 34
    -0.029042427211640    -0.017324770378447     0.008255422870502
     0.002253088914655    -0.043343998218965     0.028933476505180
    -0.017937312676924    -0.033450132773625    -0.025076392819082
27 35
    -0.120788904499460     0.004175263813746    -0.025177423350071
    -0.124803342284753    -0.039537166140575    -0.106389184923479
    -0.056693101559013    -0.018153825318138    -0.098657574369841
27 36
    -0.094643387189969     0.046822563301542     0.043061357072479
     0.019652430068469    -0.006605139189557    -0.026542408422886
     0.046264887927264     0.038093376104980    -0.065514939667824
27 37
     0.036530370982588    -0.006015616043121    -0.019082073015736
     0.003903195083427     0.006022199656349     0.006569239963105
     0.005187010104808    -0.001641867515581    -0.010516411076842
27 38
     0.007946395061641     0.006765443123385     0.002504002370747
    -0.005324488061607    -0.004927978077289     0.001865825226156
     0.010043993754916     0.006992063516550    -0.010681883747463
27 39
     0.007553106401163    -0.002897322356902     0.011388601474495
     0.041881694707948    -0.029697259174785    -0.040053032177239
    -0.032299984418277    -0.007777011902275     0.055031869553770
27 40
     0.001858818716281    -0.028253662314202     0.026745252626803
    -0.008897489620054    -0.038206012799496     0.016334341210946
    -0.010367499247743    -0.019511219135097     0.014057246385408
27 41
     0.047094564159560    -0.004523782860083     0.027388405333176
     0.014799315139537     0.059377722565467     0.002253892940378
    -0.012502443369583     0.009046793020121     0.020992067447213
27 42
     0.011614329085851    -0.015861521876158     0.012383155189538
     0.004053986453178     0.016140753744739    -0.019870164411107
    -0.030393827382298    -0.026488147128453     0.008052698748349
27 43
    -0.277279276449259     0.034268709274181     0.077411941225839
    -0.022303746658760     0.120543634886271    -0.111364109749497
    -0.087346300330336    -0.130722631869461    -0.071554107399504
27 44
     0.375642013542162     0.112674170467704     0.234570656947692
    -0.125333085596564    -0.155369366916448    -0.227088685939260
    -0.230181898199668    -0.213073656125274    -0.467537731578695
27 45
    -0.030709245629376    -0.129901867792423     0.066573397765034
    -0.017235836779931     0.135651377425850    -0.041239711493537
     0.032754535662117     0.096993919845536    -0.068180629523157
27 46
    -0.026291693362752     0.011689087815283    -0.027459237911024
     0.134704804206894     0.136897794809203     0.095805460186565
    -0.074903151247376    -0.039402225563656    -0.056186805516835
27 47
     0.000452332341681     0.051690014948892    -0.011406279598516
    -0.099572889783565    -0.042634769216783     0.023667238540946
     0.078222096340085    -0.021195021291002    -0.012064771444987
27 48
    -0.017872985398110     0.047475755887564    -0.080946203363069
     0.001126836830318     0.008756221256273    -0.013758441189315
     0.007372821906015     0.031347182610439    -0.006651401994327
27 49
    -0.006908319538612     0.000606496442713    -0.000320586983871
    -0.000079990117580    -0.011004642644976    -0.003559260027902
    -0.002396518750185    -0.001116833497292     0.009354760976893
27 50
    -0.553779587717203     0.136420135657236    -0.129125638386945
    -0.136325412029323    -2.297365055397494     1.068405482575349
     0.124427329735434     1.060529100402993    -1.376827275320886
27 51
    -0.181792826520796     0.012454671711346    -0.184958730015918
     0.066002461187268     0.139092268160248    -0.004174564206948
    -0.047448559978519     0.063286874748572    -0.192419900774469
27 52
    -0.191195437470120    -0.074066217899785     0.035683711012124
    -0.009966441819237     0.143131547207824     0.059293848063873
     0.203631982056067     0.000137112490561    -0.178155471578805
27 53
     0.019306578925668     0.033532519305537    -0.022773986846097
    -0.005561837499327     0.005496032692723     0.008820073428977
    -0.022390889472710    -0.023386382958079    -0.013964647682621
27 54
    -0.001516303758137     0.024698359763562    -0.001879859129690
    -0.052183498788959     0.096612837757403    -0.031371867244335
     0.041194106527995    -0.000914151142709    -0.087530594512207
28 1
     0.070552223475918     0.056180221903607    -0.006554407254793
     0.009021977862569    -0.014028792228316     0.031986962585530
     0.023318635959468     0.013430503113117     0.109663678879768
28 2
    -0.035427863761821     0.003540798761943     0.003595566488162
    -0.010269183608807     0.028648083920018    -0.001458184184421
    -0.023854952442615     0.004821768367614     0.061318071578473
28 3
    -0.017238896254437    -0.007870529491603     0.015522223020908
    -0.023960373789405     0.036763966559950     0.005219259889828
    -0.014104991938914    -0.001213139071921     0.041829208535242
28 4
     0.018378769787555     0.007515181447563     0.021750942427338
     0.014346079574153    -0.001256149227173     0.007501706185278
    -0.003978533337894    -0.001195868181708     0.017774058908461
28 5
    -0.008888619232365     0.020141590965036    -0.020273727893816
     0.000807288814752     0.019237839947268     0.010549898226124
    -0.013722019868237     0.012860469759052    -0.013575890803493
28 6
     0.016763863238437     0.016640998710207    -0.002461065308742
    -0.012838453028693    -0.006629333054505     0.021850208278494
     0.005605385412044    -0.009520687869838    -0.000898597943814
28 7
    -0.010289258147159    -0.013484811396066     0.002964119143295
    -0.007914202707030     0.047477682416732     0.006988226121052
    -0.016861092920553    -0.029262474433469    -0.016984463880569
28 8
     0.055147910305244    -0.043352696315427     0.041099962425117
    -0.013076789225255     0.034101696424415     0.048896537213011
     0.010252873372704     0.055297516520195    -0.061822916197592
28 9
     0.097414373089382    -0.079989412752292    -0.124623376267327
    -0.094502061395780    -0.191933183280749    -0.056533805267812
     0.066310643202835     0.073645853412026    -0.029200319068297
28 10
    -1.815735337257007     0.573986221230690     0.803224992035931
     0.888340925009716    -0.934011825881495    -0.546225614638962
     1.029505381517812    -0.364087479953775    -1.144908300429723
28 11
    -0.000467953412878    -0.011234259861291    -0.003793790154644
     0.031496767941604     0.003910577501432     0.001019447186789
    -0.006719702413241     0.001274072735668    -0.000837993199680
28 12
    -0.053124522142045    -0.157186277097137     0.028571988628344
    -0.197349904578905    -0.094739295972682    -0.016690811758430
     0.052182548576740     0.154652870357079    -0.245602949724037
28 13
     0.047389354447982    -0.082169001185563     0.024400885908764
    -0.047569884327604    -0.103859803532984     0.137845104181580
    -0.028477807978842     0.110255368718901    -0.026052829850618
28 14
     0.011841581213512     0.001171830945147     0.008614289832318
    -0.002121484522393    -0.003897744415536    -0.002760674530558
     0.009608566837210     0.000856840815663     0.001150936718233
28 15
     0.044890687884309    -0.060227791813836     0.011193651341316
    -0.169652241715233     0.081676065544853     0.082689080525855
     0.103046411432060    -0.023979346708097    -0.073938283832741
28 16
    -0.012403067878557     0.077850673002524    -0.073042802793842
     0.300377776430812     0.220687393375302     0.290867170208193
    -0.292015376371535    -0.052513332068648    -0.412239750394284
28 17
     0.013255658843967    -0.167013946164903    -0.061283764740629
    -0.016214504831544    -0.034393515994418    -0.020839949957114
    -0.104969703613649    -0.016257854348303    -0.009901477584980
28 18
     0.105368615233245     0.005377266607304     0.032402309743938
    -0.082627280185029    -0.049419106944667    -0.088407196609447
    -0.070883231468515    -0.039170107514084    -0.068172312555772
28 19
    -0.094672504407236     0.019656027300439     0.046262695129837
     0.046813306563831    -0.006652806428870     0.038087606959368
     0.043063450671927    -0.026535856135335    -0.065545153283805
28 20
    -0.120809182654717    -0.124796163483652    -0.056697539363330
     0.004152249882652    -0.039552839421234    -0.018123575155534
    -0.025184466406570    -0.106372326488020    -0.098685950212740
28 21
    -0.029063681683846     0.002257672905467    -0.017942089842747
    -0.017322514929665    -0.043346462505598    -0.033455358940827
     0.008253162200774     0.028931623069260    -0.025093846442414
28 22
    -0.008537902167654    -0.010370020964785    -0.016501479363422
    -0.024509173555049     0.022181879331265     0.030421023291342
     0.017463569234649    -0.039148242191166     0.019408058458035
28 23
    -0.020072742346765    -0.013330391468668    -0.012890641607462
     0.002083429045137    -0.060756245551922    -0.013426472542607
    -0.039441680254509    -0.006778020382915    -0.039386129386350
28 24
    -0.024032182684203     0.003585129816598     0.004055150724193
     0.001562389050734    -0.025188737140607     0.025460967720259
     0.005092103743776     0.020490574675591    -0.019206905840705
28 25
     0.011117723119923    -0.033903665932945     0.044535543457173
    -0.042691672310022    -0.097337630400372    -0.035599444939560
     0.047853903803901     0.056578089333951     0.099652190736239
28 26
    -0.051106532437273     0.151879675997401    -0.106423476098485
     0.161359379439133    -0.229551735207579    -0.055836976012987
    -0.132024229433788    -0.048285639512605     0.236912747333165
28 27
    -0.052930214185255     0.034094658588863     0.045496735325644
     0.034083292588865     0.044365445028170    -0.007116624852313
     0.045495706799231    -0.007110751287776     0.020053602357793
28 28
     2.980018376065762    -0.510691530725573    -0.531363308782853
    -0.510691530725573     3.589517249225461    -0.482045827557048
    -0.531363308782853    -0.482045827557048     4.098219155647270
28 29
     0.011123450497965    -0.042703722253979     0.047850906980751
    -0.033869750666070    -0.097351069116034     0.056608271624254
     0.044533209694197    -0.035595983452193     0.099668192936512
28 30
    -0.051101295828179     0.161358784251260    -0.132026959988679
     0.151813537050236    -0.229430687568646    -0.048249996112519
    -0.106418312582638    -0.055811476911475     0.236927762774595
28 31
    -0.020066477211259     0.002091250022628    -0.039438354511744
    -0.013334265410790    -0.060745688798594    -0.006783873063667
    -0.012890824340581    -0.013412391650556    -0.039378438932516
28 32
    -0.024014525443967     0.001572559454040     0.005094698554065
     0.003586273203828    -0.025198046087780     0.020497722151014
     0.004057541917578     0.025489239144233    -0.019199429445667
28 33
    -0.029041466557529    -0.017323063129021     0.008255621266460
     0.002277606478271    -0.043331165133069     0.028925149095903
    -0.017935767276832    -0.033449537585752    -0.025079802096986
28 34
    -0.008523111226913    -0.024494768964330     0.017464399365103
    -0.010339405335943     0.022229410825974    -0.039156031842979
    -0.016502852472287     0.030411155702920     0.019425757465841
28 35
    -0.094649527022765     0.046822725150876     0.043057989562144
     0.019687812421242    -0.006619794385696    -0.026586238266701
     0.046262726455515     0.038092765254268    -0.065519643740401
28 36
    -0.120786085188483     0.004173394714986    -0.025176681975703
    -0.124792237332068    -0.039534331166758    -0.106371360612962
    -0.056698332947161    -0.018145393489935    -0.098659652306451
28 37
     0.007943210284425     0.006768126689761     0.002502540505795
    -0.005335859282552    -0.004928171252301     0.001859053658862
     0.010036527801770     0.006990716512416    -0.010683131553618
28 38
     0.036529144060218    -0.006016127695854    -0.019077415931677
     0.003892915040250     0.006030694135907     0.006533387725168
     0.005188346667050    -0.001637534130189    -0.010516593809961
28 39
     0.001862943263823    -0.028256988056967     0.026745962675494
    -0.008923422060104    -0.038213332566146     0.016324270005619
    -0.010368976775534    -0.019515119181950     0.014059762881503
28 40
     0.007553873880262    -0.002893782555341     0.011390950900310
     0.041874395825083    -0.029709883422831    -0.040053110491433
    -0.032305638703071    -0.007779993062587     0.055030068327312
28 41
     0.011614772866282    -0.015877560623055     0.012385259230879
     0.004053636649779     0.016152297256910    -0.019871521857133
    -0.030394605303290    -0.026494083344345     0.008058358254090
28 42
     0.047092705502693    -0.004512009626277     0.027388692485220
     0.014779778358649     0.059380306933864     0.002256017865504
    -0.012501994368205     0.009044735967297     0.020994458640598
28 43
     0.375647720036419     0.112674478503533     0.234574896356052
    -0.125301232603459    -0.155410889102018    -0.227059553059155
    -0.230184315497784    -0.213075671410529    -0.467533450402766
28 44
    -0.277297001561797     0.034276368402338     0.077401316600209
    -0.022277741125461     0.120464584539017    -0.111382873830339
    -0.087357556690462    -0.130725304993943    -0.071568658176718
28 45
    -0.026290455998489     0.011652201829988    -0.027457739499448
     0.134669771657520     0.136907145523946     0.095746197225619
    -0.074900744391152    -0.039417930169993    -0.056186951703330
28 46
    -0.030715166182429    -0.129931193847540     0.066573481300174
    -0.017207612344474     0.135729587200757    -0.041268995781084
     0.032752864959315     0.097051172742174    -0.068184331174052
28 47
    -0.017873481388004     0.047475406084165    -0.080951466076895
     0.001138698820210     0.008762308879607    -0.013752609392348
     0.007369950385575     0.031350179433589    -0.006647423633280
28 48
     0.000452593388994     0.051691701314533    -0.011404859501135
    -0.099575750862113    -0.042681125998586     0.023670825331023
     0.078212046018543    -0.021200096050763    -0.012070133356792
28 49
    -0.553759748121432     0.136405548333398    -0.129111547053002
    -0.136363885182280    -2.297590443647342     1.068603283345183
     0.124423346153441     1.060484424765885    -1.376767448497745
28 50
    -0.006911196279999     0.000609185230034    -0.000321156067013
    -0.000074100890204    -0.010997657018886    -0.003539655374713
    -0.002397557718490    -0.001116635101335     0.009352698703122
28 51
    -0.191188566704848    -0.074058120212143     0.035683611814145
    -0.009952251287315     0.143147356233085     0.059332201135066
     0.203624093206275     0.000136747024323    -0.178143411192955
28 52
    -0.181796893637929     0.012448735495453    -0.184952642392585
     0.065970446344829     0.139065380287032    -0.004211789553749
    -0.047454297798454     0.063282071478017    -0.192417728860826
28 53
    -0.001518465229887     0.024698030843948    -0.001871662244069
    -0.052177118792635     0.096602035619601    -0.031385666205288
     0.041192869163733    -0.000920572906603    -0.087528224202607
28 54
     0.019308782164988     0.033530462252712    -0.022775276419822
    -0.005563346352795     0.005505649675726     0.008822720448729
    -0.022391166182861    -0.023390277783985    -0.013960773740500
29 1
     0.016764406216848     0.016648005220082    -0.002460976552655
    -0.012834688726443    -0.006634282511555     0.021856499518731
     0.005604910305935    -0.009521319604334    -0.000905536581387
29 2
    -0.008886781459284     0.020142917085385    -0.020272547959962
     0.000818085731608     0.019230238249520     0.010543064007476
    -0.013722844777745     0.012862203113209    -0.013576371130548
29 3
    -0.035421671719562     0.003541388728869     0.003590335100014
    -0.010264406442983     0.028660222620062    -0.001465702347029
    -0.023853025913446     0.004817017306522     0.061319147093402
29 4
     0.070555731951802     0.056175966832408    -0.006555999643401
     0.009012496624169    -0.014030301081784     0.031990392747220
     0.023319455648030     0.013431777024003     0.109666503411693
29 5
     0.018376973782043     0.007510393839847     0.021757113585812
     0.014328965312328    -0.001261187440310     0.007506431141639
    -0.003978110441247    -0.001195194679641     0.017770513885954
29 6
    -0.017243156546582    -0.007868326252283     0.015526765244150
    -0.023970753030561     0.036775337780895     0.005239903511322
    -0.014097541648608    -0.001210732215697     0.041827600483795
29 7
    -0.053119990360695    -0.157178033222999     0.028578086693571
    -0.197349481682258    -0.094769963810987    -0.016660545932988
     0.052191220568471     0.154651220538062    -0.245608880718983
29 8
    -0.000466115639796    -0.011233742987612    -0.003792688534984
     0.031511391812066     0.003884770364092     0.001015134685182
    -0.006718433723301     0.001271430936863    -0.000846221410979
29 9
     0.055154671430645    -0.043354863008123     0.041094172395720
    -0.013050768029118     0.034081778514451     0.048888919852424
     0.010248325928516     0.055299620561535    -0.061826179289002
29 10
    -0.010282079346058    -0.013485913015726     0.002967690270534
    -0.007925365090124     0.047455644802588     0.006981397123350
    -0.016854300469474    -0.029268133939210    -0.016986630573265
29 11
    -1.815752138262057     0.573979564524214     0.803238942404326
     0.888260183075875    -0.934008531464408    -0.546143034932039
     1.029509104052492    -0.364060900116389    -1.144942508069588
29 12
     0.097410248541840    -0.079993187496435    -0.124625663041787
    -0.094442814097673    -0.191857704060734    -0.056500417316508
     0.066311327146795     0.073652259513082    -0.029198664028334
29 13
     0.105375005671461     0.005381542562287     0.032400445866124
    -0.082662683421587    -0.049412136981416    -0.088463013745864
    -0.070876381587028    -0.039175197936683    -0.068173607350443
29 14
     0.013261365338225    -0.167015413250801    -0.061284109323082
    -0.016213476305132    -0.034347613434940    -0.020795060261210
    -0.104960431213100    -0.016256951124601    -0.009899864312587
29 15
     0.011847178067898     0.001170854628198     0.008616346885143
    -0.002117902953262    -0.003894152404513    -0.002751971213150
     0.009610884937347     0.000853389770188     0.001147386474779
29 16
     0.047398297928918    -0.082164996719785     0.024407255463196
    -0.047581245106656    -0.103841295278509     0.137851510282635
    -0.028474351712421     0.110257744249447    -0.026057095363709
29 17
    -0.012403710054946     0.077854280676387    -0.073040375053833
     0.300370639397280     0.220720593372540     0.290839144168694
    -0.292007362219033    -0.052508622775126    -0.412231783230298
29 18
     0.044894133708837    -0.060233597506072     0.011190696285736
    -0.169581910348226     0.081658016733647     0.082646816965917
     0.103044077669083    -0.023981320225782    -0.073932269302655
29 19
    -0.024031331669963     0.003564089403188     0.004056894520242
     0.001572073906038    -0.025224897414372     0.025486795741385
     0.005094218227010     0.020506931900209    -0.019214632841163
29 20
    -0.020078093816677    -0.013331931647813    -0.012892552473792
     0.002093416715324    -0.060763909901025    -0.013414558343252
    -0.039438594675272    -0.006780160970879    -0.039401505073073
29 21
    -0.120804389826054    -0.124808949581031    -0.056700839001363
     0.004173989902860    -0.039554713740940    -0.018144286649329
    -0.025184398534268    -0.106396087014428    -0.098673278976178
29 22
    -0.094666134852804     0.019657572700531     0.046261369009488
     0.046820923924418    -0.006624942238704     0.038091580099468
     0.043063147857044    -0.026536900324586    -0.065536935514399
29 23
    -0.008534639076245    -0.010341170015777    -0.016497542769946
    -0.024495526001537     0.022206235045546     0.030411500285372
     0.017465219053665    -0.039159472446562     0.019398770394647
29 24
    -0.029055463914439     0.002281088849423    -0.017940664524420
    -0.017323621770271    -0.043350675809226    -0.033444551582078
     0.008255824883364     0.028925817377024    -0.025102549759821
29 25
    -0.051106537658220     0.161359870208081    -0.132027257582616
     0.151879686439293    -0.229519323573225    -0.048271589946231
    -0.106424092170143    -0.055806825048362     0.236913880278502
29 26
     0.011116720698242    -0.042703341124903     0.047853929908633
    -0.033904976390455    -0.097352186398533     0.056573233853933
     0.044531993213719    -0.035590323946452     0.099658022533207
29 27
    -0.051105979016970     0.151877493641866    -0.106419962401655
     0.161355886626088    -0.229518561315072    -0.055816473357042
    -0.132031627514632    -0.048278413722987     0.236926112955579
29 28
     0.011123450497965    -0.033869750666070     0.044533209694197
    -0.042703722253979    -0.097351069116034    -0.035595983452193
     0.047850906980751     0.056608271624254     0.099668192936512
29 29
     2.979862797088296    -0.510694042000722    -0.531432914438331
    -0.510694042000722     3.588954963755640    -0.482132103693920
    -0.531432914438331    -0.482132103693920     4.098493239662843
29 30
    -0.052925405693754     0.034098793578297     0.045502802065192
     0.034094099947614     0.044409426279426    -0.007124085584512
     0.045494720040389    -0.007113074608859     0.020044491806577
29 31
    -0.120795728276216     0.004169338039746    -0.025182226620626
    -0.124800977196099    -0.039545081095098    -0.106397976996973
    -0.056700938199342    -0.018142448876247    -0.098668846392807
29 32
    -0.094654967248764     0.046820767296030     0.043062954682033
     0.019653714421248    -0.006624373155563    -0.026535130423806
     0.046267362655790     0.038091580099468    -0.065529203292994
29 33
    -0.024008897263903     0.001563574205534     0.005096040337253
     0.003568584637914    -0.025199299114882     0.020504874847384
     0.004057035485791     0.025487505790076    -0.019181182238504
29 34
    -0.020058322093208     0.002091746012522    -0.039438098685377
    -0.013322058838444    -0.060757352392528    -0.006801222268074
    -0.012893137219773    -0.013414218981746    -0.039363668875559
29 35
    -0.008518830050983    -0.024491845234427     0.017466195370615
    -0.010366340197675     0.022207613375358    -0.039142102358370
    -0.016501907481015     0.030410069746098     0.019423554226522
29 36
    -0.029038563711411    -0.017323324176334     0.008257004817218
     0.002255151188426    -0.043346128365037     0.028934442380238
    -0.017938816309445    -0.033445945574728    -0.025079003292209
29 37
     0.047110895279447    -0.004525291713551     0.027393067638182
     0.014797383389422     0.059385538322012     0.002251110176024
    -0.012503153418274     0.009046009878183     0.020996834171145
29 38
     0.011628937293473    -0.015879842176569     0.012387065678284
     0.004054096093049     0.016169270553187    -0.019864839045926
    -0.030397074810869    -0.026491300579991     0.008056635341825
29 39
     0.036528736826410    -0.006003498226862    -0.019083701950968
     0.003904275819302     0.006037303853866     0.006561674811981
     0.005190983244909    -0.001670655813234    -0.010515758458560
29 40
     0.007942776945886     0.006787522505100     0.002501668607770
    -0.005321423366155    -0.004935308285832     0.001869312818254
     0.010038663168789     0.006974019926291    -0.010680938756190
29 41
     0.007545301086511    -0.002919177237928     0.011389593454284
     0.041879235642262    -0.029717626086128    -0.040050677530478
    -0.032307711418735    -0.007757297609214     0.055021370230850
29 42
     0.001856156033691    -0.028256998498859     0.026743002398967
    -0.008906814230066    -0.038224453181670     0.016335583796155
    -0.010370809327669    -0.019511386205377     0.014052641510811
29 43
     0.000472004867172     0.051694238694413    -0.011404859501135
    -0.099577588635195    -0.042622280713340     0.023674177178519
     0.078218718387857    -0.021196655447180    -0.012064092721974
29 44
    -0.017859202099996     0.047475839422704    -0.080947633902343
     0.001121239975932     0.008763483592514    -0.013755449587111
     0.007370921481578     0.031348508730788    -0.006652075496394
29 45
    -0.277309573600380     0.034275809761089     0.077403316222625
    -0.022309082465833     0.120557329428299    -0.111369236718720
    -0.087350727692760    -0.130722715404601    -0.071582441474832
29 46
     0.375648649364853     0.112700687653736     0.234579730952284
    -0.125327901196932    -0.155341883855360    -0.227086216431682
    -0.230183114680145    -0.213115073891919    -0.467541339252558
29 47
    -0.030719838929328    -0.129907459425863     0.066568923414093
    -0.017232004605380     0.135635495307340    -0.041238432361704
     0.032751434420041     0.096994729092206    -0.068189150107446
29 48
    -0.026298182998948     0.011654634790943    -0.027462798596370
     0.134699473620768     0.136927642958945     0.095807731298186
    -0.074898640349811    -0.039418535799758    -0.056194824890283
29 49
     0.019319145743305     0.033551372142465    -0.022773349890654
    -0.005559274014716     0.005469364099250     0.008830259495122
    -0.022387156496137    -0.023380561603004    -0.013959891400582
29 50
    -0.001499659381475     0.024685082897234    -0.001873077120504
    -0.052187304858779     0.096646554628321    -0.031365936249388
     0.041196753547747    -0.000909285220799    -0.087527910945832
29 51
    -0.006915002349819     0.000602163057321    -0.000320801042667
    -0.000082417857589    -0.010999453024398    -0.003559155608977
    -0.002397724788770    -0.001098983082045     0.009355476246530
29 52
    -0.553771933809992     0.136459929709595    -0.129116282451256
    -0.136298879180453    -2.297627966588081     1.068441830803179
     0.124424640948113     1.060658198741052    -1.376795328350749
29 53
    -0.181805513420197     0.012448620634636    -0.184952397008111
     0.065991356234582     0.139072047435400    -0.004181502844521
    -0.047444388442461     0.063298397376958    -0.192426552259998
29 54
    -0.191199781297404    -0.074058741504747     0.035681789703902
    -0.009967506892273     0.143124498930379     0.059297142480960
     0.203622881946743     0.000134575110681    -0.178156520989002
30 1
    -0.008885356140956     0.020142974515794    -0.020272151168047
     0.000818962850579     0.019242408275242     0.010548253628054
    -0.013718067611922     0.012864442899153    -0.013577472750208
30 2
     0.016761884499806     0.016646501587560    -0.002459660874199
    -0.012837946596906    -0.006635566864334     0.021858875049278
     0.005605035608645    -0.009520708753623    -0.000903056631916
30 3
     0.070553998597645     0.056174139501219    -0.006549149761914
     0.009020140089487    -0.014036383484171     0.031987343714607
     0.023320974943390     0.013435917234384     0.109663825066264
30 4
    -0.035418471279507     0.003541477484956     0.003584597280080
    -0.010266374739721     0.028658008938849    -0.001463436456354
    -0.023849621856488     0.004820593654707     0.061317883624408
30 5
    -0.017240869772122    -0.007877097441992     0.015517085609792
    -0.023968387941907     0.036780590052828     0.005233340781879
    -0.014095970143785    -0.001210403296083     0.041826530189813
30 6
     0.018377271375979     0.007514894295519     0.021749475341440
     0.014330938830012    -0.001258493432042     0.007503303794832
    -0.003979744597425    -0.001197131650701     0.017763961598403
30 7
    -0.000466298372915    -0.011233121695008    -0.003791738322765
     0.031509595806554     0.003883491232259     0.001018397776592
    -0.006713009160142     0.001278296481189    -0.000850967251125
30 8
    -0.053116565419951    -0.157172102228053     0.028580310816676
    -0.197355182955569    -0.094780144656185    -0.016663506209514
     0.052194535869343     0.154666637992355    -0.245606667037771
30 9
    -0.010282074125111    -0.013485573654219     0.002967016768467
    -0.007924581948186     0.047447693301441     0.006986169068228
    -0.016855673578339    -0.029264839522123    -0.016986547038125
30 10
     0.055154770628624    -0.043350691472064     0.041094005325439
    -0.013052694558286     0.034082561656389     0.048887390115171
     0.010252252080100     0.055299208106781    -0.061821000110316
30 11
     0.097409454958009    -0.079993448543748    -0.124631108488731
    -0.094447163145904    -0.191853882328075    -0.056509762810306
     0.066309677327778     0.073652671967836    -0.029198669249281
30 12
    -1.815716019755861     0.573970579275708     0.803209433616090
     0.888253656893055    -0.933996168263675    -0.546161872106129
     1.029486549564669    -0.364067541160026    -1.144908738989208
30 13
     0.013270637738774    -0.167007038853007    -0.061271793110865
    -0.016194289327643    -0.034331496373850    -0.020780702659007
    -0.104962274207128    -0.016266740398830    -0.009889364989667
30 14
     0.105372901630120     0.005383834557693     0.032400973181696
    -0.082669214825353    -0.049419728237272    -0.088459458281464
    -0.070872674715186    -0.039183436589874    -0.068173153128119
30 15
     0.047405769103009    -0.082169157813950     0.024405313271189
    -0.047571962264214    -0.103837755476947     0.137860004762193
    -0.028483013262259     0.110281457787339    -0.026064357699950
30 16
     0.011844583257609     0.001169173483503     0.008616451304068
    -0.002115365573382    -0.003896141585036    -0.002756153191101
     0.009605919817458     0.000850492145016     0.001144201697564
30 17
     0.044890463383620    -0.060231994675572     0.011188868954546
    -0.169583581051027     0.081662752131901     0.082652241529076
     0.103044594542763    -0.023977216562025    -0.073933778156123
30 18
    -0.012412528233172     0.077847169747587    -0.073049845850341
     0.300370540199302     0.220702565445120     0.290839290355189
    -0.292013444621420    -0.052515968646507    -0.412246396658867
30 19
    -0.020076146403724    -0.013324450031829    -0.012889043997908
     0.002090790579358    -0.060781551478423    -0.013414448703381
    -0.039437921173205    -0.006803545589158    -0.039399239182398
30 20
    -0.024029979444883     0.003585161142275     0.004057207777017
     0.001572653431072    -0.025217974439637     0.025489030306383
     0.005095460812219     0.020496965113807    -0.019222203213233
30 21
    -0.094664672987853     0.019653808398280     0.046264538123865
     0.046817034319458    -0.006624206085282     0.038095626332816
     0.043064160720618    -0.026540695952514    -0.065538272076640
30 22
    -0.120805042444336    -0.124799337818975    -0.056700202045920
     0.004167166126104    -0.039552813316503    -0.018149690328704
    -0.025177318931146    -0.106389205807264    -0.098681726467219
30 23
    -0.029058570377461     0.002279146657416    -0.017941264933239
    -0.017326289673807    -0.043341549595171    -0.033445449584834
     0.008256842967884     0.028925624202012    -0.025099062167723
30 24
    -0.008536424639864    -0.010345774890374    -0.016497490560483
    -0.024500115213295     0.022201014099291     0.030411938844858
     0.017465741148291    -0.039160443542565     0.019401025843429
30 25
     0.011123654114869    -0.042706076900740     0.047851168028064
    -0.033906527011493    -0.097362931105926     0.056579436338085
     0.044532494424560    -0.035588820313930     0.099650300753695
30 26
    -0.051106203517659     0.161361948144690    -0.132029941148991
     0.151879039041957    -0.229525948954023    -0.048273448603098
    -0.106417727836657    -0.055810375291815     0.236910611966146
30 27
     0.011124557338571    -0.033909006960965     0.044530682756209
    -0.042703257589763    -0.097352113305285    -0.035585243965745
     0.047850886096966     0.056566389193392     0.099664386866692
30 28
    -0.051101295828179     0.151813537050236    -0.106418312582638
     0.161358784251260    -0.229430687568646    -0.055811476911475
    -0.132026959988679    -0.048249996112519     0.236927762774595
30 29
    -0.052925405693754     0.034094099947614     0.045494720040389
     0.034098793578297     0.044409426279426    -0.007113074608859
     0.045502802065192    -0.007124085584512     0.020044491806577
30 30
     2.979741190808113    -0.510723864045734    -0.531407655500347
    -0.510723864045734     3.588926713215451    -0.482150377005814
    -0.531407655500347    -0.482150377005814     4.098516112628388
30 31
    -0.094651140295158     0.046821926346099     0.043060109266324
     0.019654779494284    -0.006614385485376    -0.026536571404972
     0.046266156617205     0.038091585320414    -0.065529365142328
30 32
    -0.120790063549529     0.004173608773783    -0.025178049863622
    -0.124800105298075    -0.039541363781364    -0.106385410179336
    -0.056694432900308    -0.018145638874409    -0.098674578991795
30 33
    -0.020057659033033     0.002088895375867    -0.039435665724422
    -0.013319234306520    -0.060762061686051    -0.006798084479374
    -0.012890542409484    -0.013415748718999    -0.039367819527833
30 34
    -0.024009638638272     0.001571181124228     0.005093048735049
     0.003570224015038    -0.025203992745565     0.020507814240126
     0.004061421080645     0.025487490127237    -0.019185630484714
30 35
    -0.029042025198778    -0.017325736253504     0.008252274639910
     0.002256148389161    -0.043353213189106     0.028929722644823
    -0.017936644395803    -0.033447830336327    -0.025084062389131
30 36
    -0.008514726387226    -0.024499681874756     0.017464535109706
    -0.010371164352015     0.022211027874209    -0.039147516479637
    -0.016498158841604     0.030414491887577     0.019416766996390
30 37
     0.011631030892922    -0.015878275892692     0.012382758397623
     0.004056377646563     0.016165422715796    -0.019865893677070
    -0.030394589640451    -0.026490407798181     0.008053607192997
30 38
     0.047110582022672    -0.004518958705743     0.027393302580763
     0.014795378546060     0.059381314576491     0.002252493726782
    -0.012505398425164     0.009046986195133     0.020989488299763
30 39
     0.007942568108036     0.006782458187232     0.002504305185629
    -0.005316980340892    -0.004932389776875     0.001863407928039
     0.010040803756754     0.006974745637821    -0.010680186939930
30 40
     0.036526987809414    -0.006000966067928    -0.019079243262866
     0.003904515982830     0.006034515868566     0.006565057985154
     0.005187866339994    -0.001670713243643    -0.010515721911936
30 41
     0.001853321059874    -0.028268813500235     0.026749591233142
    -0.008901186050002    -0.038219508945566     0.016335703877919
    -0.010369436218804    -0.019507350413922     0.014052276044573
30 42
     0.007543880989129    -0.002898617151574     0.011385813489195
     0.041880577425450    -0.029715563812357    -0.040042652936083
    -0.032299879999352    -0.007786352175126     0.055028105251520
30 43
    -0.017855933787640     0.047475787213242    -0.080948051578044
     0.001123484982822     0.008764042233764    -0.013757684152108
     0.007372211055303     0.031351897124907    -0.006648253763735
30 44
     0.000469712871766     0.051690166356333    -0.011404123347713
    -0.099575756083059    -0.042629266339430     0.023668037345723
     0.078220347323089    -0.021193517658481    -0.012065716436260
30 45
     0.375643637256447     0.112678284573354     0.234575000774977
    -0.125327514846909    -0.155377663000048    -0.227087485121622
    -0.230177601360900    -0.213078830083013    -0.467542701919531
30 46
    -0.277287786591656     0.034313228282902     0.077408625924966
    -0.022308962384069     0.120630542757640    -0.111367733086198
    -0.087346869413477    -0.130720115373366    -0.071561703876306
30 47
    -0.026300161737578     0.011656321156583    -0.027465137580292
     0.134695939040153     0.136924505170246     0.095807209203561
    -0.074898556814671    -0.039423114569624    -0.056189379443339
30 48
    -0.030722517274757    -0.129902269805285     0.066570729861498
    -0.017233628319665     0.135641394976609    -0.041241136811865
     0.032754029230330     0.096994337521237    -0.068190826031194
30 49
    -0.001502739739765     0.024687615056168    -0.001874554648295
    -0.052186135366818     0.096650136197452    -0.031370546344932
     0.041195458753076    -0.000907118528103    -0.087527738654606
30 50
     0.019324706051067     0.033554160127765    -0.022772483213576
    -0.005563993750131     0.005471974572378     0.008829679970088
    -0.022392617605920    -0.023373335813386    -0.013962099860849
30 51
    -0.553792384256475     0.136480411481755    -0.129109824140738
    -0.136318254112007    -2.297606028171916     1.068386039771493
     0.124418595092349     1.060708184080502    -1.376805608393926
30 52
    -0.006914569011280     0.000603337770228    -0.000318660454703
    -0.000080439118958    -0.010996388328946    -0.003559312237364
    -0.002395652073107    -0.001098314800924     0.009354369405923
30 53
    -0.191200950789366    -0.074069956097304     0.035685486133850
    -0.009963377123785     0.143114777528451     0.059293874168604
     0.203618031687672     0.000147465626986    -0.178157784457996
30 54
    -0.181796757893326     0.012450051173910    -0.184950768072879
     0.066001777243308     0.139084582927360    -0.004175070638734
    -0.047442362715314     0.063289683617657    -0.192423816484160
31 1
    -0.012421121910708     0.077845681777904    -0.073041742941752
     0.300367611248452     0.220692217529642     0.290849967190282
    -0.292007712022432    -0.052517357418211    -0.412253998356615
31 2
     0.044875615012469    -0.060234083054074     0.011194392715684
    -0.169579232002796     0.081653056834705     0.082651098141846
     0.103039086444463    -0.023975154288254    -0.073955152710093
31 3
     0.105365237281017     0.005376890699173     0.032403928237277
    -0.082671647786308    -0.049433709931344    -0.088460183992994
    -0.070877963533743    -0.039178226085511    -0.068188998700004
31 4
     0.013254969679062    -0.167017694804315    -0.061280329357993
    -0.016200131566503    -0.034346955595712    -0.020794835760521
    -0.104965767020173    -0.016253108508157    -0.009929534950157
31 5
     0.011828675034369     0.001170687557918     0.008609810260431
    -0.002111658701541    -0.003908113214800    -0.002754242324771
     0.009610321075151     0.000857832795451     0.001130731656224
31 6
     0.047385005399751    -0.082168484311883     0.024400295941837
    -0.047575418530635    -0.103841911350167     0.137865304022642
    -0.028471307900754     0.110266990545265    -0.026065960530451
31 7
     0.018380153338313     0.007517671838927     0.021749788598216
     0.014335126028909    -0.001250239116012     0.007502254384635
    -0.003983153875330    -0.001194056513357     0.017755550653986
31 8
    -0.017235596616404    -0.007868670834736     0.015523444722331
    -0.023964122428816     0.036787032700507     0.005234797425884
    -0.014091986561792    -0.001212449907015     0.041816641717605
31 9
     0.016769188603618     0.016641588677134    -0.002462380987198
    -0.012838614878027    -0.006637070496856     0.021857501940412
     0.005604289013330    -0.009523982286925    -0.000915237099530
31 10
    -0.008878746422996     0.020144984580102    -0.020269817405071
     0.000815297746308     0.019235579277540     0.010541899736461
    -0.013720276072188     0.012862573800393    -0.013585502565549
31 11
    -0.035421029543172     0.003543738154684     0.003584054301669
    -0.010268437013492     0.028662295335725    -0.001462601104953
    -0.023852107026905     0.004819037812723     0.061317873182516
31 12
     0.070551758811702     0.056172954346419    -0.006552773098615
     0.009014856491876    -0.014026709070760     0.031987850146394
     0.023320677349454     0.013428868956939     0.109661151941781
31 13
    -1.815711602835329     0.573970798555451     0.803207642831524
     0.888245303379047    -0.933972621796063    -0.546160880126340
     1.029503423662967    -0.364080275047943    -1.144907903637807
31 14
     0.097422413346615    -0.079991407153762    -0.124617664552123
    -0.094439039353530    -0.191840365298219    -0.056506405741863
     0.066311254053547     0.073645456620111    -0.029192106519838
31 15
    -0.053095822600478    -0.157180074612985     0.028578269426690
    -0.197355256048817    -0.094766079426973    -0.016656781630737
     0.052180903978670     0.154668350462727    -0.245604677857248
31 16
    -0.000452280132219    -0.011235126538370    -0.003796860071042
     0.031509956051845     0.003894382126148     0.001018768463776
    -0.006715718831248     0.001274855877607    -0.000842389236427
31 17
     0.055164956694768    -0.043358188750887     0.041102170885383
    -0.013047562368117     0.034094334890195     0.048889770866664
     0.010247025912898     0.055296404458642    -0.061812756236179
31 18
    -0.010276404177478    -0.013487641148937     0.002969684672003
    -0.007928283599081     0.047462348497580     0.006981078645629
    -0.016862178877374    -0.029263163598375    -0.016982281525035
31 19
    -0.008535385671559    -0.024496204724550     0.017463376059637
    -0.010369216939061     0.022188212339073    -0.039146785547161
    -0.016498707040961     0.030415154947751     0.019381342876046
31 20
    -0.029058669575440    -0.017319450234213     0.008257678319285
     0.002257516277080    -0.043350263354471     0.028936838794569
    -0.017938226342518    -0.033451975767653    -0.025114150702401
31 21
    -0.120802943623941     0.004167646453159    -0.025178143840654
    -0.124805921432203    -0.039553262317881    -0.106385619017186
    -0.056697158234253    -0.018145685862926    -0.098681742130058
31 22
    -0.094659441599705     0.046819409850004     0.043061148234629
     0.019650158956848    -0.006622707673707    -0.026538534480764
     0.046262287896029     0.038093673698917    -0.065538042355005
31 23
    -0.024020169286869     0.001565730456338     0.005092349128250
     0.003563609076133    -0.025199440080430     0.020509714664563
     0.004059332702143     0.025465348094168    -0.019211886623432
31 24
    -0.020064921369275     0.002081053514591    -0.039437258113030
    -0.013318821851766    -0.060774435328676    -0.006799488913917
    -0.012893685419129    -0.013429907925244    -0.039392598138761
31 25
    -0.008528634988051    -0.010370000081000    -0.016498576517304
    -0.024499232873378     0.022200815703333     0.030415974636313
     0.017462451952150    -0.039147250211378     0.019399355140628
31 26
    -0.029051360250683     0.002251251141573    -0.017936821907976
    -0.017323574781755    -0.043357901598843    -0.033441246723098
     0.008254394344090     0.028933466063288    -0.025104293555871
31 27
    -0.024011758342451     0.003570250119770     0.004064464892312
     0.001568596755832    -0.025208482759345     0.025495467733116
     0.005093810993202     0.020503131051335    -0.019195550282599
31 28
    -0.020066477211259    -0.013334265410790    -0.012890824340581
     0.002091250022628    -0.060745688798594    -0.013412391650556
    -0.039438354511744    -0.006783873063667    -0.039378438932516
31 29
    -0.120795728276216    -0.124800977196099    -0.056700938199342
     0.004169338039746    -0.039545081095098    -0.018142448876247
    -0.025182226620626    -0.106397976996973    -0.098668846392807
31 30
    -0.094651140295158     0.019654779494284     0.046266156617205
     0.046821926346099    -0.006614385485376     0.038091585320414
     0.043060109266324    -0.026536571404972    -0.065529365142328
31 31
     2.979623771726828    -0.510701173813307    -0.531387638392403
    -0.510701173813307     3.588721785853978    -0.482090341344822
    -0.531387638392403    -0.482090341344822     4.099139770321442
31 32
    -0.052923087593616     0.034093468213117     0.045496296766158
     0.034095838522717     0.044410616655172    -0.007114421612993
     0.045499022100103    -0.007123532164209     0.020033334644429
31 33
    -0.051092446324276     0.161356685430865    -0.132032572505904
     0.151879608125099    -0.229515235572307    -0.048277249451972
    -0.106429683803582    -0.055819663355204     0.236930059990948
31 34
     0.011128217221896    -0.042702745937029     0.047850410990856
    -0.033902491220038    -0.097346730509696     0.056573813378968
     0.044534520151707    -0.035595576218385     0.099668527077073
31 35
    -0.051093829875034     0.151876888012100    -0.106417482452183
     0.161356946478178    -0.229505660356875    -0.055803436654242
    -0.132024600120972    -0.048285409790970     0.236919905250481
31 36
     0.011132822096494    -0.033906887256785     0.044538247907333
    -0.042702286493759    -0.097340867387051    -0.035592767349300
     0.047848275623838     0.056563653417555     0.099665274427556
31 37
    -0.181791484737608     0.012468935336516    -0.184959768984223
     0.065997610928196     0.139079623028417    -0.004182395626331
    -0.047452251187522     0.063242366181744    -0.192430034631151
31 38
    -0.191187271910176    -0.074090495299873     0.035684494154062
    -0.009963512868388     0.143158012184393     0.059290752042744
     0.203624897231998     0.000167644584263    -0.178164033930664
31 39
     0.019317140899943     0.033532315688633    -0.022773840659602
    -0.005561774847972     0.005504161706043     0.008826975519927
    -0.022389855725351    -0.023389588619080    -0.013961682185148
31 40
    -0.001508670734712     0.024703116045601    -0.001877107691014
    -0.052185112061352     0.096618758310457    -0.031373141155221
     0.041196878850457    -0.000922635180374    -0.087527785643122
31 41
    -0.006922823327310     0.000606292825809    -0.000322017523145
    -0.000080820248035    -0.011018175337670    -0.003557155986561
    -0.002401844115366    -0.001124466520718     0.009338471624575
31 42
    -0.553794885089731     0.136467291243815    -0.129136033290940
    -0.136346833571809    -2.297637369512286     1.068387271914810
     0.124432660321561     1.060717419934428    -1.376793104227644
31 43
     0.007541098224775    -0.002896424354146     0.011390423584739
     0.041878301092882    -0.029715783092100    -0.040042908762450
    -0.032298809705369    -0.007783773027676     0.055003425838570
31 44
     0.001852804186194    -0.028256967173182     0.026743675901034
    -0.008904062791389    -0.038228624717728     0.016333192602770
    -0.010369545858675    -0.019514617971110     0.014028390215454
31 45
     0.047091274963419    -0.004513967481123     0.027391778064457
     0.014795190591995     0.059374918917328     0.002249037460361
    -0.012506291206974     0.009043300207076     0.020969862762789
31 46
     0.011609980037620    -0.015881246611111     0.012383933110530
     0.004062219885423     0.016140983466375    -0.019869788502977
    -0.030394328593138    -0.026491927093542     0.008030854309216
31 47
     0.036505305219615    -0.006009632838712    -0.019084934094284
     0.003899420339284     0.006008489451482     0.006564823042573
     0.005192011771321    -0.001671376303817    -0.010548415477388
31 48
     0.007913920775932     0.006777962952506     0.002507865870976
    -0.005324347096058    -0.004958024622990     0.001869777482471
     0.010039514183029     0.006982128055826    -0.010715480536617
31 49
    -0.030686873874671    -0.129945655868668     0.066569873626312
    -0.017236468514428     0.135700532634845    -0.041238834374566
     0.032750228381456     0.097061207400877    -0.068169028580577
31 50
    -0.026264413918567     0.011677549524058    -0.027464385764032
     0.134703947971708     0.136902190845950     0.095812941802549
    -0.074901720708102    -0.039394801378081    -0.056175711006042
31 51
     0.000486492993031     0.051695460395837    -0.011404755082210
    -0.099575719536436    -0.042609646023402     0.023667102796343
     0.078217350499938    -0.021199093629081    -0.012049886527213
31 52
    -0.017842656921312     0.047478904118156    -0.080941175591825
     0.001125782199174     0.008789154985253    -0.013754572468140
     0.007368874870646     0.031346937225965    -0.006632987716884
31 53
    -0.277286617099695     0.034270343430359     0.077415444480776
    -0.022308790092843     0.120565411453103    -0.111376739218489
    -0.087348007579761    -0.130708269046312    -0.071572135326924
31 54
     0.375652857447534     0.112675292971149     0.234574102772221
    -0.125326820461058    -0.155371319550348    -0.227083746924103
    -0.230176755567606    -0.213082014860229    -0.467520471130375
32 1
     0.044880522701949    -0.060229827982876     0.011189829608657
    -0.169581466567794     0.081648096935762     0.082648404133579
     0.103041884871656    -0.023969635748062    -0.073955199698609
32 2
    -0.012418072878095     0.077847164526641    -0.073046170304177
     0.300377473615929     0.220692060901254     0.290833380244028
    -0.292016812131755    -0.052511896308428    -0.412262127369935
32 3
     0.013255841577086    -0.167007806332107    -0.061282391631763
    -0.016201295837518    -0.034348829915418    -0.020795551030158
    -0.104970664267760    -0.016264229123681    -0.009915908280430
32 4
     0.105365440897921     0.005378759797933     0.032401584032408
    -0.082661675778960    -0.049431229981872    -0.088464767983806
    -0.070877749474947    -0.039167476157171    -0.068194371053701
32 5
     0.047381512586707    -0.082164777440042     0.024400635303344
    -0.047584168836559    -0.103853152047455     0.137851358875194
    -0.028476549730794     0.110255274741868    -0.026069594309044
32 6
     0.011829546932393     0.001168667051717     0.008612619129516
    -0.002116190482890    -0.003907794737078    -0.002757985743236
     0.009608180487187     0.000850643552457     0.001131901148186
32 7
    -0.017238264519940    -0.007866029035931     0.015522604149984
    -0.023966565831664     0.036777588008731     0.005232019882477
    -0.014096601878282    -0.001205725328238     0.041820672288114
32 8
     0.018384659014931     0.007518590725468     0.021751245242221
     0.014338916435891    -0.001249482078805     0.007498443093868
    -0.003977024484426    -0.001203010436185     0.017760797704973
32 9
    -0.008880589417025     0.020137080067472    -0.020272803786329
     0.000818143162017     0.019234869228849     0.010538803715331
    -0.013721555204020     0.012868374271683    -0.013582939080938
32 10
     0.016766912271050     0.016640633243969    -0.002464286632581
    -0.012840034975408    -0.006639012688863     0.021853742859108
     0.005601433155729    -0.009518630817013    -0.000910632224933
32 11
     0.070552092952262     0.056175136701954    -0.006551760235041
     0.009013081370150    -0.014027314700526     0.031983072980570
     0.023317288955334     0.013430497892170     0.109664608208202
32 12
    -0.035424214320388     0.003540595145039     0.003588043104608
    -0.010262871484784     0.028661287693098    -0.001464464982766
    -0.023853297402652     0.004816860678134     0.061310913661157
32 13
     0.097434071719603    -0.079987308710951    -0.124611086159842
    -0.094433954151877    -0.191840981369877    -0.056497958250822
     0.066313154477984     0.073645002397787    -0.029184520484928
32 14
    -1.815729155656640     0.573979809908688     0.803235794173734
     0.888262354989517    -0.933983131560875    -0.546154463583392
     1.029513766357499    -0.364074213529340    -1.144909454258845
32 15
    -0.000453084157942    -0.011234828944433    -0.003799287811051
     0.031504682896127     0.003892471259818     0.001015844733873
    -0.006711401108695     0.001279173600160    -0.000836943789483
32 16
    -0.053097796118163    -0.157184178276742     0.028575115975151
    -0.197346249916526    -0.094752473641031    -0.016654291239373
     0.052182428494977     0.154649983173800    -0.245602281442916
32 17
    -0.010275923850422    -0.013488956827393     0.002964286213575
    -0.007929045857234     0.047463606745628     0.006981663391609
    -0.016858921006910    -0.029265935920836    -0.016981153800643
32 18
     0.055163421736569    -0.043355834104126     0.041094485652495
    -0.013054422691497     0.034093055758362     0.048882675600703
     0.010251515926678     0.055300706518357    -0.061808078268334
32 19
    -0.029062350342550    -0.017321361100542     0.008252911595353
     0.002259343608269    -0.043375825107338     0.028926767589242
    -0.017937056850557    -0.033440541895354    -0.025116719407959
32 20
    -0.008539933115748    -0.024508781984080     0.017460875226381
    -0.010370109720871     0.022177055176925    -0.039150126952765
    -0.016501051245829     0.030423456252297     0.019382804740998
32 21
    -0.094665142873016     0.046822672941414     0.043060030952130
     0.019655118855790    -0.006626701697592    -0.026536639277274
     0.046263671446787     0.038099709112788    -0.065543889814811
32 22
    -0.120803215113147     0.004171081835795    -0.025174259456640
    -0.124798779177726    -0.039551591615079    -0.106387702174742
    -0.056696448185562    -0.018144344079738    -0.098676756126384
32 23
    -0.020067860762017     0.002080677606461    -0.039436861321115
    -0.013317177253695    -0.060769350127024    -0.006801749583646
    -0.012894379804981    -0.013423663673522    -0.039392399742803
32 24
    -0.024022247223479     0.001563401914308     0.005087065530640
     0.003565770547883    -0.025200139687229     0.020505094127127
     0.004058403373710     0.025467269402390    -0.019208414694173
32 25
    -0.029054973145491     0.002259818714378    -0.017938461285100
    -0.017329276055065    -0.043362861497786    -0.033445966458513
     0.008257934145651     0.028929346736692    -0.025109248233867
32 26
    -0.008530425772617    -0.010366616907826    -0.016500539593096
    -0.024498721220645     0.022199113674854     0.030413202313852
     0.017465861230055    -0.039143595548999     0.019399767595382
32 27
    -0.020064206099638    -0.013324575334539    -0.012890584177054
     0.002092607468654    -0.060763779377369    -0.013415273612889
    -0.039436725576512    -0.006798523038860    -0.039379582319746
32 28
    -0.024014525443967     0.003586273203828     0.004057541917578
     0.001572559454040    -0.025198046087780     0.025489239144233
     0.005094698554065     0.020497722151014    -0.019199429445667
32 29
    -0.094654967248764     0.019653714421248     0.046267362655790
     0.046820767296030    -0.006624373155563     0.038091580099468
     0.043062954682033    -0.026535130423806    -0.065529203292994
32 30
    -0.120790063549529    -0.124800105298075    -0.056694432900308
     0.004173608773783    -0.039541363781364    -0.018145638874409
    -0.025178049863622    -0.106385410179336    -0.098674578991795
32 31
    -0.052923087593616     0.034095838522717     0.045499022100103
     0.034093468213117     0.044410616655172    -0.007123532164209
     0.045496296766158    -0.007114421612993     0.020033334644429
32 32
     2.979695700703389    -0.510725117072835    -0.531437357463594
    -0.510725117072835     3.588767098446529    -0.482155446544628
    -0.531437357463594    -0.482155446544628     4.099089074933302
32 33
     0.011129621656439    -0.042703790126281     0.047853167650479
    -0.033901890811218    -0.097343858989255     0.056569354690865
     0.044532217714408    -0.035585557222521     0.099668239925029
32 34
    -0.051095495356889     0.161362146540648    -0.132028207794834
     0.151881179629922    -0.229508970436801    -0.048271475085414
    -0.106427527552779    -0.055808130284926     0.236919555447082
32 35
     0.011129595551708    -0.033895422058808     0.044535590445689
    -0.042706322285214    -0.097340094687005    -0.035588089381455
     0.047849278045519     0.056570884428118     0.099662543872664
32 36
    -0.051093208582429     0.151880239859596    -0.106422416246395
     0.161362099552132    -0.229510630697710    -0.055815053259660
    -0.132027424652896    -0.048284193310492     0.236925737047448
32 37
    -0.191189856278573    -0.074088788050448     0.035679419394302
    -0.009967402473348     0.143158158370888     0.059288078918261
     0.203626688016564     0.000160946110217    -0.178152391220514
32 38
    -0.181785527637931     0.012468418462836    -0.184947087305769
     0.066003447946110     0.139084890963189    -0.004176261014481
    -0.047449739912373     0.063243431254780    -0.192428572766199
32 39
    -0.001505538166958     0.024703867861861    -0.001875927757160
    -0.052183201195022     0.096619844267278    -0.031365884039926
     0.041199948766855    -0.000917643955754    -0.087533210206281
32 40
     0.019316629247210     0.033534143019822    -0.022771700071637
    -0.005558725815359     0.005504255683075     0.008830671949876
    -0.022387114728567    -0.023392110336121    -0.013961609091900
32 41
    -0.553777577652894     0.136412539180434    -0.129114951109960
    -0.136318311542416    -2.297342808945499     1.068451729717280
     0.124441045161247     1.060462465465935    -1.376802152127505
32 42
    -0.006922870315826     0.000600873483596    -0.000324095459754
    -0.000081874879178    -0.011013131903587    -0.003554065186378
    -0.002399541678067    -0.001097453344792     0.009340189315893
32 43
     0.001854313039662    -0.028251955064777     0.026742281908384
    -0.008902825427127    -0.038224505391132     0.016340413171441
    -0.010371576806769    -0.019507721101106     0.014026693407921
32 44
     0.007547405127852    -0.002902757361954     0.011389337627917
     0.041879658538909    -0.029724089617592    -0.040055381603054
    -0.032306776869355    -0.007778139626666     0.055013617125661
32 45
     0.011610564783600    -0.015861976098482     0.012385817872129
     0.004058064012203     0.016136550883004    -0.019868368405595
    -0.030395800899982    -0.026493942378796     0.008034321017529
32 46
     0.047088043197687    -0.004524487687828     0.027389439080534
     0.014793733947990     0.059372324107039     0.002258717094718
    -0.012502250194572     0.009049246864861     0.020968202501880
32 47
     0.007915998712542     0.006777837649796     0.002503203565970
    -0.005321282400606    -0.004959523034565     0.001867323637731
     0.010040808977700     0.006980211968550    -0.010702861509517
32 48
     0.036503436120856    -0.006006594247992    -0.019081728433284
     0.003900829994773     0.006011350530030     0.006564619425669
     0.005185887601363    -0.001667998351590    -0.010550107063975
32 49
    -0.026264387813836     0.011674871178629    -0.027463884553191
     0.134698199709881     0.136894338542782     0.095802144885693
    -0.074898697780220    -0.039386667143815    -0.056176421054733
32 50
    -0.030684952566449    -0.129946585197102     0.066573455195443
    -0.017229670842404     0.135699890458455    -0.041238474129274
     0.032752901505939     0.097060810608961    -0.068173080034871
32 51
    -0.017843111143636     0.047480287668914    -0.080947106586771
     0.001125009499128     0.008775977316904    -0.013754864841130
     0.007370817062653     0.031350696307269    -0.006631724247890
32 52
     0.000483652798268     0.051689169155599    -0.011401491990800
    -0.099574231566753    -0.042609327545680     0.023668418474799
     0.078216911940453    -0.021200571156872    -0.012052016673285
32 53
     0.375659655119559     0.112674269665683     0.234576060627067
    -0.125331399230924    -0.155362094138315    -0.227089865873114
    -0.230178687317721    -0.213071666944751    -0.467521525761518
32 54
    -0.277278180050546     0.034280268449191     0.077411471340676
    -0.022305751502122     0.120562023058983    -0.111356069492264
    -0.087349203176454    -0.130710889961332    -0.071562455692566
33 1
     0.011834700006348     0.001168995971331     0.008614921566815
    -0.002109815707512    -0.003896522714113    -0.002756168853939
     0.009608143940563     0.000851311833578     0.001148576850526
33 2
     0.047381235876555    -0.082167267831406     0.024406634170591
    -0.047590240797054    -0.103865577899543     0.137853123555028
    -0.028480533312787     0.110267596175031    -0.026046669134037
33 3
    -0.012411207333769     0.077846840827973    -0.073052905324846
     0.300374962340780     0.220700894742318     0.290839885543062
    -0.292023813420684    -0.052529631862858    -0.412237662015782
33 4
     0.044886939244897    -0.060231994675572     0.011190268168143
    -0.169583873424018     0.081653610255008     0.082654340349471
     0.103041279241891    -0.023975070753114    -0.073944256595258
33 5
     0.105365639293879     0.005380185116261     0.032400456308017
    -0.082667162993474    -0.049423466434790    -0.088467388898826
    -0.070871426909031    -0.039175234483307    -0.068174515795091
33 6
     0.013262279003819    -0.167012494741844    -0.061279400029559
    -0.016199505052952    -0.034334148614547    -0.020788732474348
    -0.104968403598032    -0.016266949236680    -0.009904975618971
33 7
    -0.035416189725993     0.003548322145497     0.003587787278242
    -0.010261373073208     0.028673927603982    -0.001460314330493
    -0.023853307844544     0.004815790384152     0.061323130675395
33 8
     0.070556081755201     0.056179595390056    -0.006550282707251
     0.009021795129450    -0.014017880450642     0.031983856122508
     0.023320849640680     0.013426018320283     0.109678375843478
33 9
     0.018385118458201     0.007518757795748     0.021752644455818
     0.014332990661891    -0.001246443488084     0.007502129081924
    -0.003980987182634    -0.001201016034716     0.017777081836343
33 10
    -0.017232025489165    -0.007866963585310     0.015522839092566
    -0.023968805617608     0.036785111392285     0.005234108260979
    -0.014099734446035    -0.001209938631866     0.041834680086918
33 11
     0.016768619520476     0.016640936058852    -0.002463472164965
    -0.012839126530760    -0.006632042725612     0.021853915150335
     0.005609927635286    -0.009522087083434    -0.000890975362281
33 12
    -0.008881007092725     0.020143621913130    -0.020273644358676
     0.000812995309009     0.019240158047406     0.010537733421349
    -0.013720422258683     0.012867476268927    -0.013564947700141
33 13
     0.055167420981401    -0.043351036054517     0.041098082884465
    -0.013047102924846     0.034110222229650     0.048880414930974
     0.010257055350655     0.055297015309354    -0.061800795048308
33 14
    -0.010269000875688    -0.013482618598639     0.002964307097360
    -0.007925479950942     0.047473004448887     0.006983067826152
    -0.016857767177788    -0.029270248422443    -0.016972032807535
33 15
    -1.815707770660778     0.573968386478281     0.803219410844384
     0.888262099163150    -0.933970199277000    -0.546165307488765
     1.029493054863703    -0.364071279357544    -1.144892115496331
33 16
     0.097431288955249    -0.079987898677878    -0.124621136481383
    -0.094439326505574    -0.191833045531569    -0.056511611025280
     0.066311180960300     0.073647597208076    -0.029175483026960
33 17
    -0.053099445937180    -0.157182789505038     0.028574280623750
    -0.197349779276195    -0.094748589257017    -0.016664978516358
     0.052184297593736     0.154653643057125    -0.245584504120917
33 18
    -0.000448990936078    -0.011235058666068    -0.003792385720101
     0.031508734350422     0.003900323562987     0.001019107825282
    -0.006715201957569     0.001271034144948    -0.000825515138130
33 19
    -0.024023223540428     0.001570491959323     0.005089722992284
     0.003563891007231    -0.025210941825031     0.020499492051795
     0.004057552359470     0.025490372089570    -0.019208670520539
33 20
    -0.020071974867666     0.002082207343714    -0.039437054496126
    -0.013321505418141    -0.060770216804102    -0.006801086523471
    -0.012891200248712    -0.013424519908708    -0.039388802510833
33 21
    -0.008528948244826    -0.024493134808152     0.017463480478562
    -0.010364925321239     0.022200408469525    -0.039148748622953
    -0.016499375322081     0.030411333215092     0.019414976211824
33 22
    -0.029052508858859    -0.017323078791860     0.008253172642666
     0.002251266804412    -0.043359509650290     0.028926459553413
    -0.017943327207010    -0.033444671663842    -0.025085425056104
33 23
    -0.120800103429178     0.004153168769193    -0.025175183564128
    -0.124804731056457    -0.039548641780444    -0.106388668049799
    -0.056699074321529    -0.018123397643361    -0.098673513918759
33 24
    -0.094661592629562     0.046814841522031     0.043061137792736
     0.019650503539301    -0.006641174160613    -0.026538330863860
     0.046263024049451     0.038087043097172    -0.065531902522208
33 25
    -0.120792021404375    -0.124803425819893    -0.056701162700031
     0.004169238841767    -0.039543295531479    -0.018148124044827
    -0.025180122579285    -0.106391106231701    -0.098674344049214
33 26
    -0.094650565991070     0.019653020035396     0.046263995145455
     0.046819201012154    -0.006613095911651     0.038092874894140
     0.043063565532745    -0.026540831697117    -0.065526321330661
33 27
    -0.008523382716118    -0.010368277168735    -0.016499594601824
    -0.024491881781051     0.022215021898094     0.030413181430067
     0.017462023834557    -0.039147819294520     0.019420593949995
33 28
    -0.029041466557529     0.002277606478271    -0.017935767276832
    -0.017323063129021    -0.043331165133069    -0.033449537585752
     0.008255621266460     0.028925149095903    -0.025079802096986
33 29
    -0.024008897263903     0.003568584637914     0.004057035485791
     0.001563574205534    -0.025199299114882     0.025487505790076
     0.005096040337253     0.020504874847384    -0.019181182238504
33 30
    -0.020057659033033    -0.013319234306520    -0.012890542409484
     0.002088895375867    -0.060762061686051    -0.013415748718999
    -0.039435665724422    -0.006798084479374    -0.039367819527833
33 31
    -0.051092446324276     0.151879608125099    -0.106429683803582
     0.161356685430865    -0.229515235572307    -0.055819663355204
    -0.132032572505904    -0.048277249451972     0.236930059990948
33 32
     0.011129621656439    -0.033901890811218     0.044532217714408
    -0.042703790126281    -0.097343858989255    -0.035585557222521
     0.047853167650479     0.056569354690865     0.099668239925029
33 33
     2.979254039975854    -0.510797641237270    -0.531412803353355
    -0.510797641237270     3.587985434035999    -0.482162766311278
    -0.531412803353355    -0.482162766311278     4.097650255238543
33 34
    -0.052916603178367     0.034094622042239     0.045496056602630
     0.034094569832776     0.044429803632661    -0.007117256586810
     0.045495889532350    -0.007117992740232     0.020052688692198
33 35
    -0.051090603330248     0.161366808845654    -0.132032567284958
     0.151878548273009    -0.229502705301294    -0.048280209728499
    -0.106422494560588    -0.055821057347854     0.236939149658378
33 36
     0.011136074746011    -0.042698830227338     0.047849330254982
    -0.033906589662848    -0.097334069715026     0.056565783563627
     0.044535454701087    -0.035588580150403     0.099680049705459
33 37
    -0.006903203011282     0.000609780417907    -0.000322210698156
    -0.000085466890202    -0.011001812892105    -0.003555208573608
    -0.002397792661072    -0.001115183678276     0.009355601549240
33 38
    -0.553768399229377     0.136401209727060    -0.129109275941381
    -0.136300915349492    -2.297366830519221     1.068474915939600
     0.124405955181464     1.060502149878423    -1.376824889348447
33 39
    -0.181781549276884     0.012451915051723    -0.184943907749499
     0.066002424640644     0.139090012711465    -0.004171927629089
    -0.047444179604611     0.063291620588718    -0.192413552103822
33 40
    -0.191186034545914    -0.074058971226383     0.035680954352501
    -0.009963006436601     0.143141273830697     0.059287556823635
     0.203634018225106     0.000131317240218    -0.178149222106137
33 41
     0.019316728445189     0.033555068572414    -0.022770530579676
    -0.005555535817197     0.005469458076283     0.008827053834121
    -0.022391521207207    -0.023379157168461    -0.013956837147023
33 42
    -0.001512220978165     0.024703601593602    -0.001875755465934
    -0.052187143009445     0.096612540163467    -0.031366009342636
     0.041196915397081    -0.000915529472520    -0.087525524973393
33 43
     0.036523066878777    -0.006005811106053    -0.019078867354736
     0.003903748503730     0.006029545527731     0.006561659149142
     0.005190006927959    -0.001668212410386    -0.010524639288140
33 44
     0.007935880075883     0.006782975060911     0.002505271060687
    -0.005319726558622    -0.004939866171913     0.001868414815498
     0.010045006618489     0.006977580611637    -0.010691526835196
33 45
     0.007542476554587    -0.002898491848864     0.011391540867237
     0.041874468918331    -0.029707904684200    -0.040055814941593
    -0.032304072419195    -0.007774552836589     0.055024732520239
33 46
     0.001851880078707    -0.028271966951774     0.026744062251057
    -0.008902715787255    -0.038222453559254     0.016338836445672
    -0.010363207629921    -0.019495571959170     0.014048302904473
33 47
     0.047082106981794    -0.004507326437486     0.027387115759451
     0.014795263685242     0.059376641829592     0.002255532317503
    -0.012502474695261     0.009047382987048     0.020977276506472
33 48
     0.011608371986173    -0.015864095802662     0.012383290934141
     0.004059792145414     0.016134869738309    -0.019865449896638
    -0.030396281227038    -0.026493660447699     0.008039766464474
33 49
    -0.277265853396437     0.034317619098703     0.077405347170718
    -0.022309333071253     0.120680731713993    -0.111359384793136
    -0.087355671928864    -0.130703852125780    -0.071546484817971
33 50
     0.375675145667099     0.112697294038670     0.234574045341812
    -0.125331112078880    -0.155314943772681    -0.227085584697185
    -0.230185448443122    -0.213106548086683    -0.467516973096384
33 51
    -0.030686957409811    -0.129903267006020     0.066573047961635
    -0.017233842378462     0.135670658380371    -0.041238160872499
     0.032755031652011     0.096993977275945    -0.068157213579201
33 52
    -0.026268486256646     0.011658122383041    -0.027463597401147
     0.134703404993298     0.136959694348008     0.095802452921522
    -0.074897658811915    -0.039418373950424    -0.056158215615140
33 53
     0.000476030216735     0.051690484834055    -0.011403987603110
    -0.099572367688939    -0.042604258006866     0.023668773499145
     0.078215622366728    -0.021199553072352    -0.012043349902501
33 54
    -0.017851897996184     0.047477536230237    -0.080947722658430
     0.001126638434360     0.008776729133165    -0.013758529945402
     0.007366765608359     0.031353087500654    -0.006623809293367
34 1
     0.047394857325336    -0.082160710322909     0.024400233290482
    -0.047566146130085    -0.103816020677686     0.137860537298711
    -0.028466071291660     0.110261837471311    -0.026058567670553
34 2
     0.011835472706393     0.001174947850062     0.008611914301772
    -0.002110489209579    -0.003898005462849    -0.002757615056052
     0.009603711357192     0.000855008263527     0.001145078816534
34 3
     0.044888599505807    -0.060232856131704     0.011194371831899
    -0.169580589448823     0.081652237146143     0.082652768844648
     0.103039603318143    -0.023976856316734    -0.073938638857087
34 4
    -0.012415932290130     0.077845138799494    -0.073046969108954
     0.300370320919559     0.220690807874153     0.290850358761251
    -0.292009805621880    -0.052506826769614    -0.412245185399336
34 5
     0.013258159677224    -0.167014729306841    -0.061275061423221
    -0.016205227210048    -0.034332655423918    -0.020801769177148
    -0.104970189161651    -0.016261451580273    -0.009915527151354
34 6
     0.105366072632418     0.005379866638539     0.032401625799978
    -0.082668410799629    -0.049427121097169    -0.088464590471633
    -0.070871640967828    -0.039181734561395    -0.068168203671069
34 7
     0.070557376549872     0.056177345162220    -0.006550021659938
     0.009022390317323    -0.014017217390467     0.031983067759624
     0.023321241211649     0.013435781489781     0.109672189022165
34 8
    -0.035417474078772     0.003542641755971     0.003591269649394
    -0.010262391157728     0.028668461273253    -0.001458815918918
    -0.023850373672749     0.004815576325355     0.061328215877048
34 9
    -0.017229994541072    -0.007868613404327     0.015522661580393
    -0.023967354194549     0.036790488966928     0.005235293415779
    -0.014093986184208    -0.001212752721898     0.041837306222884
34 10
     0.018386857033305     0.007517170628086     0.021749595423204
     0.014334504736305    -0.001250113813302     0.007499314991893
    -0.003983247852362    -0.001199872647486     0.017775432017327
34 11
    -0.008882876191484     0.020145261290254    -0.020276620298041
     0.000815976469321     0.019247326406615     0.010549376131499
    -0.013717696924738     0.012859905896857    -0.013568471838864
34 12
     0.016766651223737     0.016642627645439    -0.002459415489725
    -0.012842739425569    -0.006631395328276     0.021857183462691
     0.005601219096932    -0.009523277459180    -0.000896211971375
34 13
    -0.010268964329064    -0.013486638727255     0.002966693069799
    -0.007924561064401     0.047475578375391     0.006982937302496
    -0.016855689241178    -0.029264077263969    -0.016967172106571
34 14
     0.055167253911121    -0.043349428003071     0.041099111410877
    -0.013049990108126     0.034099566278343     0.048886471228630
     0.010251646450334     0.055299537026395    -0.061804768188408
34 15
     0.097425619007616    -0.079996356610812    -0.124626122485057
    -0.094444239416000    -0.191834914630328    -0.056512911040898
     0.066311410681935     0.073647853034442    -0.029170523128018
34 16
    -1.815712432965784     0.573973617866429     0.803224422952789
     0.888241304134215    -0.933975665607730    -0.546157126265982
     1.029490637565587    -0.364078635670818    -1.144884153553291
34 17
    -0.000453099820781    -0.011234374722109    -0.003792213428875
     0.031510629553912     0.003901111925871     0.001019964060468
    -0.006714967014987     0.001273383570763    -0.000830485478965
34 18
    -0.053097508966119    -0.157177657314869     0.028577736890172
    -0.197352609029066    -0.094750938682832    -0.016658661171389
     0.052188500455472     0.154658884887165    -0.245582175578887
34 19
    -0.020069155556688     0.002088984131953    -0.039436125167693
    -0.013313987255533    -0.060775437750357    -0.006798742318603
    -0.012891440412240    -0.013413498491163    -0.039391788892091
34 20
    -0.024024319939142     0.001563741275814     0.005093957179697
     0.003565138813386    -0.025203209603627     0.020507542750921
     0.004053025799067     0.025461359291229    -0.019209500650994
34 21
    -0.029056142637453    -0.017321314112026     0.008253945342712
     0.002260654065779    -0.043360496409132     0.028931628290206
    -0.017937380549225    -0.033445052792919    -0.025087623074477
34 22
    -0.008530159504358    -0.024495280617063     0.017467103815264
    -0.010365630148984     0.022202000858133    -0.039149098426352
    -0.016498393784185     0.030413834048349     0.019407243990420
34 23
    -0.094654022257491     0.046816157200487     0.043062051458331
     0.019656476301817    -0.006635190956204    -0.026537949734784
     0.046263128468376     0.038091971670437    -0.065530967972829
34 24
    -0.120793592909198     0.004152166347512    -0.025177334593985
    -0.124804965999038    -0.039551607277918    -0.106389832320814
    -0.056702452273756    -0.018128352321358    -0.098671195818622
34 25
    -0.094654643550096     0.019653270640816     0.046264945357673
     0.046817786135719    -0.006615325255702     0.038091569657576
     0.043057671084423    -0.026538774644292    -0.065530451099149
34 26
    -0.120794966018063    -0.124802151909007    -0.056704660734022
     0.004168831607959    -0.039542522831433    -0.018150076678727
    -0.025177804479148    -0.106389529505931    -0.098667791761663
34 27
    -0.029042427211640     0.002253088914655    -0.017937312676924
    -0.017324770378447    -0.043343998218965    -0.033450132773625
     0.008255422870502     0.028933476505180    -0.025076392819082
34 28
    -0.008523111226913    -0.010339405335943    -0.016502852472287
    -0.024494768964330     0.022229410825974     0.030411155702920
     0.017464399365103    -0.039156031842979     0.019425757465841
34 29
    -0.020058322093208    -0.013322058838444    -0.012893137219773
     0.002091746012522    -0.060757352392528    -0.013414218981746
    -0.039438098685377    -0.006801222268074    -0.039363668875559
34 30
    -0.024009638638272     0.003570224015038     0.004061421080645
     0.001571181124228    -0.025203992745565     0.025487490127237
     0.005093048735049     0.020507814240126    -0.019185630484714
34 31
     0.011128217221896    -0.033902491220038     0.044534520151707
    -0.042702745937029    -0.097346730509696    -0.035595576218385
     0.047850410990856     0.056573813378968     0.099668527077073
34 32
    -0.051095495356889     0.151881179629922    -0.106427527552779
     0.161362146540648    -0.229508970436801    -0.055808130284926
    -0.132028207794834    -0.048271475085414     0.236919555447082
34 33
    -0.052916603178367     0.034094569832776     0.045495889532350
     0.034094622042239     0.044429803632661    -0.007117992740232
     0.045496056602630    -0.007117256586810     0.020052688692198
34 34
     2.979279199715859    -0.510764096657578    -0.531369318091993
    -0.510764096657578     3.588006672845367    -0.482066961947490
    -0.531369318091993    -0.482066961947490     4.097495120041508
34 35
     0.011135516104762    -0.042701665201155     0.047847763971105
    -0.033904992053294    -0.097337536423340     0.056573562773547
     0.044533909300995    -0.035604483152697     0.099674160478082
34 36
    -0.051088911743661     0.161357912353235    -0.132028030282662
     0.151876908895885    -0.229508829471252    -0.048277406080360
    -0.106417743499496    -0.055809936732330     0.236938899052958
34 37
    -0.553767730948257     0.136417321567204    -0.129127168124198
    -0.136336245492803    -2.297309713367186     1.068385387153211
     0.124437327847513     1.060482576550911    -1.376752088473861
34 38
    -0.006904461259330     0.000606710501509    -0.000326742479506
    -0.000084923911791    -0.011003541025316    -0.003557902581876
    -0.002397124379951    -0.001119433528528     0.009359287537296
34 39
    -0.191188258669019    -0.074057968804702     0.035683355987778
    -0.009962917680515     0.143144761422796     0.059284915024830
     0.203625967525980     0.000136162278343    -0.178151399240726
34 40
    -0.181795186388503     0.012455695016812    -0.184951457237785
     0.065998326197833     0.139094560155654    -0.004185596066386
    -0.047441167118622     0.063286373537731    -0.192409699045485
34 41
    -0.001514559962088     0.024690084563747    -0.001871077498089
    -0.052186015285054     0.096645635741780    -0.031372196163949
     0.041195213368602    -0.000910010932328    -0.087520366678493
34 42
     0.019315015974817     0.033534341415780    -0.022779066826804
    -0.005561257974293     0.005502579759327     0.008829753063335
    -0.022391792696412    -0.023389385002176    -0.013949705334438
34 43
     0.007934454757555     0.006779931249244     0.002502049736847
    -0.005324164362939    -0.004940581441550     0.001868775060790
     0.010043539532591     0.006981673833502    -0.010695306800285
34 44
     0.036522983343636    -0.006004594625576    -0.019081023605539
     0.003903576212504     0.006025201700446     0.006564097331043
     0.005192356353774    -0.001670201590909    -0.010525777454424
34 45
     0.001849765595474    -0.028254205292613     0.026743884738884
    -0.008905451563093    -0.038218182825217     0.016334142814988
    -0.010368532995102    -0.019507882950440     0.014048198485547
34 46
     0.007541844820090    -0.002923792554418     0.011390402700954
     0.041882712792468    -0.029724183594625    -0.040047179496487
    -0.032302725415061    -0.007762925789278     0.055024278297915
34 47
     0.011603782774415    -0.015862994183002     0.012384590949759
     0.004055061968106     0.016131392588103    -0.019869396932007
    -0.030398458361626    -0.026490094541406     0.008044470537050
34 48
     0.047084717454922    -0.004513920492607     0.027392665625320
     0.014796313095440     0.059374208868637     0.002249653532019
    -0.012510614150473     0.009043629126690     0.020982554883136
34 49
     0.375677500313860     0.112696307279828     0.234574906797944
    -0.125319479810622    -0.155338725182875    -0.227090455840041
    -0.230180963650288    -0.213104287416955    -0.467507878208006
34 50
    -0.277265644558586     0.034311505370637     0.077409805858820
    -0.022320025569184     0.120678596346975    -0.111375225144075
    -0.087363278847558    -0.130690507387151    -0.071545644245624
34 51
    -0.026271550952098     0.011657130403253    -0.027462960445704
     0.134701473243183     0.136956671420126     0.095810545388218
    -0.074893727439385    -0.039427667234759    -0.056158450557721
34 52
    -0.030692350647293    -0.129904467823659     0.066569852742527
    -0.017230537519482     0.135675028312387    -0.041241460510533
     0.032753157332305     0.096990740289267    -0.068151105072082
34 53
    -0.017850441352179     0.047479765574288    -0.080946929074599
     0.001122863690217     0.008781057297610    -0.013753335103877
     0.007370023478822     0.031348362544292    -0.006629902137647
34 54
     0.000476291264048     0.051695648349902    -0.011402724134116
    -0.099576659306761    -0.042615456936584     0.023664544532678
     0.078212030355704    -0.021193413239556    -0.012035053818901
35 1
     0.105368411616341     0.005382069877859     0.032396451842239
    -0.082659629168028    -0.049412257063180    -0.088451934897910
    -0.070871531327956    -0.039171877414865    -0.068174562783608
35 2
     0.013256050414936    -0.166999296189710    -0.061281770339159
    -0.016197985757592    -0.034336978367418    -0.020795691995706
    -0.104973467915899    -0.016260125459924    -0.009905424620349
35 3
     0.011839560707311     0.001170170684238     0.008614190634339
    -0.002118701758039    -0.003904458552421    -0.002753579264597
     0.009602437446306     0.000853363665456     0.001139126937803
35 4
     0.047394596278023    -0.082163414773069     0.024404206430582
    -0.047573544210929    -0.103835823726833     0.137875865996917
    -0.028475542088167     0.110262782462584    -0.026060572513915
35 5
    -0.012415723452280     0.077842841583141    -0.073049172348274
     0.300377551930123     0.220698832468547     0.290843592414904
    -0.292010379925968    -0.052493643880319    -0.412245237608798
35 6
     0.044880809853993    -0.060234490287882     0.011187151263228
    -0.169591908460305     0.081651485329882     0.082661571360035
     0.103042600141293    -0.023975540638277    -0.073939244486852
35 7
     0.016771819960530     0.016644475860413    -0.002462474964231
    -0.012835456205542    -0.006630653953908     0.021857836080973
     0.005604560502536    -0.009520050914394    -0.000898952968159
35 8
    -0.008875807030255     0.020146174955849    -0.020271676061938
     0.000817944766059     0.019246522380891     0.010540014974863
    -0.013720766841136     0.012861654913852    -0.013571050986314
35 9
    -0.035413631462328     0.003544239365525     0.003591729092665
    -0.010270567159564     0.028667970504305    -0.001460491842666
    -0.023851480513355     0.004816886782866     0.061324451574798
35 10
     0.070560744060207     0.056175564819547    -0.006551373885019
     0.009017284231885    -0.014018569615548     0.031983193062334
     0.023317539560754     0.013436016432362     0.109671833997820
35 11
     0.018387770698899     0.007513636047471     0.021748744408965
     0.014334504736305    -0.001249179263922     0.007494224569294
    -0.003980532960309    -0.001199674251528     0.017775713948424
35 12
    -0.017233952018333    -0.007872513451180     0.015520463562020
    -0.023967871068228     0.036780809332570     0.005231304612840
    -0.014097285822241    -0.001203913659887     0.041838303423619
35 13
    -0.053094898492991    -0.157177166545921     0.028581287133625
    -0.197362695897231    -0.094749200107729    -0.016674115172305
     0.052188176756804     0.154655606132917    -0.245593014263313
35 14
    -0.000448312213065    -0.011227691910902    -0.003793346374212
     0.031515192660940     0.003899295036574     0.001011808942417
    -0.006713259765562     0.001277158314905    -0.000835993577264
35 15
     0.055164794845434    -0.043358293169812     0.041094788467378
    -0.013046894086996     0.034083506647661     0.048880461919490
     0.010249558071832     0.055298518941876    -0.061797213479176
35 16
    -0.010264756246382    -0.013489050804426     0.002963910305445
    -0.007930429407992     0.047463909560510     0.006983840526198
    -0.016856326196621    -0.029262270816565    -0.016970137604044
35 17
    -1.815723235103587     0.573982368172353     0.803221478339101
     0.888249856044181    -0.934000204055131    -0.546166074967864
     1.029496370164575    -0.364076004313906    -1.144884007366796
35 18
     0.097432087760026    -0.079998277919034    -0.124621225237470
    -0.094427558492714    -0.191850540922471    -0.056500975957758
     0.066315065344314     0.073647398812118    -0.029167964864352
35 19
    -0.120800040777823     0.004173812390687    -0.025176916918284
    -0.124810025095960    -0.039553424167214    -0.106383426219759
    -0.056699523322907    -0.018151648183549    -0.098678922819080
35 20
    -0.094658141584087     0.046812450328645     0.043063857905735
     0.019653432490150    -0.006648640113758    -0.026532979393949
     0.046268161460567     0.038095448820644    -0.065545027981095
35 21
    -0.024020331136203     0.001572037359414     0.005090897705191
     0.003554931863456    -0.025222010231093     0.020511327936956
     0.004054539873481     0.025489223481394    -0.019202890933034
35 22
    -0.020066263152462     0.002092602247708    -0.039438850501638
    -0.013320837137021    -0.060769052533087    -0.006793584023702
    -0.012892301868372    -0.013413702108067    -0.039376267018874
35 23
    -0.008520458986215    -0.024510797269334     0.017468388168042
    -0.010374923433319     0.022181696598146    -0.039139392687263
    -0.016502267726307     0.030423064681328     0.019401485286700
35 24
    -0.029050227305345    -0.017321669136371     0.008256023279322
     0.002245294041896    -0.043350185040278     0.028937089399989
    -0.017939416718265    -0.033448023511338    -0.025093684593080
35 25
    -0.024011982843140     0.003566814737134     0.004059468446746
     0.001575321334609    -0.025201152550802     0.025477841818557
     0.005092526640423     0.020505971246098    -0.019199826237582
35 26
    -0.020061694824489    -0.013319537121403    -0.012890563293269
     0.002092518712568    -0.060754914210627    -0.013422629926163
    -0.039435169734528    -0.006803054820210    -0.039378480700086
35 27
    -0.120788904499460    -0.124803342284753    -0.056693101559013
     0.004175263813746    -0.039537166140575    -0.018153825318138
    -0.025177423350071    -0.106389184923479    -0.098657574369841
35 28
    -0.094649527022765     0.019687812421242     0.046262726455515
     0.046822725150876    -0.006619794385696     0.038092765254268
     0.043057989562144    -0.026586238266701    -0.065519643740401
35 29
    -0.008518830050983    -0.010366340197675    -0.016501907481015
    -0.024491845234427     0.022207613375358     0.030410069746098
     0.017466195370615    -0.039142102358370     0.019423554226522
35 30
    -0.029042025198778     0.002256148389161    -0.017936644395803
    -0.017325736253504    -0.043353213189106    -0.033447830336327
     0.008252274639910     0.028929722644823    -0.025084062389131
35 31
    -0.051093829875034     0.161356946478178    -0.132024600120972
     0.151876888012100    -0.229505660356875    -0.048285409790970
    -0.106417482452183    -0.055803436654242     0.236919905250481
35 32
     0.011129595551708    -0.042706322285214     0.047849278045519
    -0.033895422058808    -0.097340094687005     0.056570884428118
     0.044535590445689    -0.035588089381455     0.099662543872664
35 33
    -0.051090603330248     0.151878548273009    -0.106422494560588
     0.161366808845654    -0.229502705301294    -0.055821057347854
    -0.132032567284958    -0.048280209728499     0.236939149658378
35 34
     0.011135516104762    -0.033904992053294     0.044533909300995
    -0.042701665201155    -0.097337536423340    -0.035604483152697
     0.047847763971105     0.056573562773547     0.099674160478082
35 35
     2.979106496034675    -0.510716241464201    -0.531439947052937
    -0.510716241464201     3.588342760818670    -0.482116529611240
    -0.531439947052937    -0.482116529611240     4.097786386191207
35 36
    -0.052912076617963     0.034092157755606     0.045492892709200
     0.034110812196577     0.044426451785165    -0.007120310840370
     0.045496667453342    -0.007109675772847     0.020040403805659
35 37
     0.019328767947254     0.033555303514995    -0.022772013328413
    -0.005566703421237     0.005472815144725     0.008825179514415
    -0.022390973007850    -0.023379736693496    -0.013949157135081
35 38
    -0.001495232019050     0.024689280538024    -0.001874418903692
    -0.052180627268518     0.096652417750966    -0.031368614594817
     0.041194111748942    -0.000911253517537    -0.087523133780008
35 39
    -0.006908502271731     0.000601886347169    -0.000322101058285
    -0.000076157943029    -0.010996978295873    -0.003558048768371
    -0.002398205115826    -0.001099964619941     0.009359083920392
35 40
    -0.553760536484317     0.136474757196961    -0.129127700660716
    -0.136355160981087    -2.297624254495293     1.068406709497719
     0.124458890355548     1.060652319955569    -1.376765647271287
35 41
    -0.181792847404581     0.012471780752225    -0.184948872869388
     0.066016818789470     0.139090054479035    -0.004157799748521
    -0.047440759884814     0.063246668241458    -0.192419347354166
35 42
    -0.191193067160520    -0.074061738327898     0.035680098117315
    -0.009963377123785     0.143134674554631     0.059298087472232
     0.203623461471778     0.000143894499747    -0.178149049814911
35 43
     0.047098552962499    -0.004513575910154     0.027387966773690
     0.014800703911241     0.059381267587975     0.002258419500782
    -0.012507659094893     0.009042898194215     0.020976143561134
35 44
     0.011618991390857    -0.015866523542671     0.012382596548289
     0.004056158366820     0.016137819572944    -0.019872472069352
    -0.030392699657906    -0.026488570025100     0.008046893056113
35 45
     0.036516535475011    -0.006007210319650    -0.019078084212797
     0.003905231252467     0.006023541439537     0.006561988068756
     0.005186702068979    -0.001665575832527    -0.010525286685476
35 46
     0.007927354270647     0.006759533012224     0.002505036118105
    -0.005316839375343    -0.004945619654687     0.001873322504978
     0.010044275686013     0.006997456754032    -0.010686989832900
35 47
     0.007533125839843    -0.002899024385382     0.011388591032603
     0.041888048599541    -0.029726543462332    -0.040050369494649
    -0.032304547525304    -0.007774568499427     0.055023228887717
35 48
     0.001843359494418    -0.028254398467624     0.026748578369568
    -0.008900596083076    -0.038237150522963     0.016343890321647
    -0.010370308116829    -0.019506661249016     0.014036190309160
35 49
     0.000493290665055     0.051695528268138    -0.011403324542936
    -0.099582365801019    -0.042579197464840     0.023665030080679
     0.078218566980416    -0.021214913096236    -0.012032803591065
35 50
    -0.017832006190951     0.047489173719441    -0.080945039092054
     0.001117721058156     0.008790585524527    -0.013761897455736
     0.007371600204591     0.031355217646726    -0.006622436184502
35 51
    -0.277267946995885     0.034274436652224     0.077406678512013
    -0.022316021103406     0.120569259290493    -0.111384701161529
    -0.087358016133733    -0.130709135723390    -0.071545116930052
35 52
     0.375676001902285     0.112670280862744     0.234575736928399
    -0.125330083552467    -0.155356465958251    -0.227091505250238
    -0.230180049984694    -0.213079221653982    -0.467511418009568
35 53
    -0.030695681611004    -0.129905767839276     0.066574457617124
    -0.017240854109283     0.135671196137835    -0.041252920487563
     0.032751183814621     0.096987717361385    -0.068161562627432
35 54
    -0.026279063893760     0.011650082125808    -0.027464072507256
     0.134692112086547     0.136948939198721     0.095796454054274
    -0.074892986065016    -0.039422482835127    -0.056161337741001
36 1
     0.013261918758528    -0.167020472347723    -0.061280825347887
    -0.016196915463609    -0.034334378336183    -0.020795451832179
    -0.104962624010527    -0.016259666016654    -0.009906797729214
36 2
     0.105369487131269     0.005381944575149     0.032402320185830
    -0.082667189098206    -0.049425439952475    -0.088462804908014
    -0.070876157086339    -0.039178335725383    -0.068170955109745
36 3
     0.047385250784225    -0.082173752246655     0.024410267949185
    -0.047590078947720    -0.103854248446168     0.137862641340052
    -0.028482036945309     0.110272248038145    -0.026049827806521
36 4
     0.011839837417463     0.001166453370504     0.008618858160292
    -0.002114608536175    -0.003904703936895    -0.002756722274243
     0.009607183286452     0.000850241539596     0.001144655919888
36 5
     0.044885049262353    -0.060231540453248     0.011188263324781
    -0.169583304340876     0.081655578551746     0.082650904966835
     0.103042333873034    -0.023980014989218    -0.073941254551161
36 6
    -0.012417070456414     0.077841839161460    -0.073047684378591
     0.300366029301737     0.220693360916872     0.290839619274803
    -0.292015747058719    -0.052522823748941    -0.412229355490289
36 7
    -0.008880479777153     0.020148493055986    -0.020270689303095
     0.000815553572674     0.019245055294993     0.010542014597279
    -0.013719931489735     0.012864160968055    -0.013571463441068
36 8
     0.016773579419418     0.016643222833312    -0.002461425554033
    -0.012831963392497    -0.006633786521661     0.021858619222911
     0.005609765785952    -0.009522661387522    -0.000894290663153
36 9
     0.070559741638526     0.056176755195293    -0.006550867453232
     0.009012548833632    -0.014023294571909     0.031984117169821
     0.023322374156987     0.013424217093825     0.109670053655146
36 10
    -0.035409663543174     0.003543304816145     0.003591535917653
    -0.010264025313906     0.028671750469394    -0.001462428813727
    -0.023848687307108     0.004818552264721     0.061321825438831
36 11
    -0.017234291379840    -0.007870566038227     0.015522405754027
    -0.023969129316275     0.036786395745064     0.005233622712977
    -0.014095280978879    -0.001213347909771     0.041829292070382
36 12
     0.018386303613001     0.007514638469153     0.021752534815946
     0.014330479386742    -0.001251815841781     0.007502468443431
    -0.003980240587319    -0.001196948917583     0.017773630790868
36 13
    -0.000446463998090    -0.011227462189267    -0.003791195344355
     0.031513187817578     0.003904427226743     0.001014268008104
    -0.006713338079756     0.001273326140354    -0.000833712023751
36 14
    -0.053096986871493    -0.157182042909723     0.028580420456547
    -0.197348907378170    -0.094753361201894    -0.016663004998674
     0.052190087623133     0.154672193079171    -0.245599060119077
36 15
    -0.010270869974447    -0.013484879268367     0.002963184593915
    -0.007928753484244     0.047467433699233     0.006981846124728
    -0.016857641875078    -0.029258757119735    -0.016970586605422
36 16
     0.055168376414566    -0.043353489899257     0.041098646746660
    -0.013048408161410     0.034105627796946     0.048884033046729
     0.010250644028653     0.055301239054875    -0.061800293837467
36 17
     0.097429195355801    -0.079992414796389    -0.124619841686712
    -0.094437546162901    -0.191836058017558    -0.056502114124041
     0.066309092581797     0.073645540155251    -0.029179304759619
36 18
    -1.815703620008505     0.573959077531108     0.803198944735062
     0.888247517060259    -0.933971588048704    -0.546166774574662
     1.029491676533892    -0.364072109487999    -1.144888862846813
36 19
    -0.094659801844996     0.046821534775130     0.043056590348548
     0.019654246957766    -0.006627244676003    -0.026533360523025
     0.046262977060935     0.038092462439385    -0.065543576558036
36 20
    -0.120805099874745     0.004146752226245    -0.025181323396924
    -0.124803425819893    -0.039553476376677    -0.106390542369505
    -0.056693091117120    -0.018128174809185    -0.098683136122708
36 21
    -0.020065077997662     0.002089720285375    -0.039439325607747
    -0.013320502996460    -0.060769689488530    -0.006799958799080
    -0.012890302245956    -0.013417523840726    -0.039377754988557
36 22
    -0.024016206588661     0.001570768669474     0.005099230335415
     0.003568297485870    -0.025210336195266     0.020505898152850
     0.004057855174353     0.025491776524113    -0.019196798088754
36 23
    -0.029050733737132    -0.017321251460671     0.008257140561820
     0.002256205819570    -0.043341633130311     0.028930427472567
    -0.017936827128922    -0.033450837601370    -0.025092765706539
36 24
    -0.008524964662833    -0.024506954652890     0.017468294191010
    -0.010368961112695     0.022186938428186    -0.039142107579316
    -0.016502178970220     0.030422255434659     0.019404137527398
36 25
    -0.020061381567714    -0.013317156369910    -0.012891534389272
     0.002090007437419    -0.060767554121512    -0.013412992059376
    -0.039434527558139    -0.006800997767385    -0.039383059469952
36 26
    -0.024015569633218     0.003566715539155     0.004060021867049
     0.001566800750320    -0.025206321287595     0.025489724692235
     0.005099637569223     0.020503397319594    -0.019196563146173
36 27
    -0.094643387189969     0.019652430068469     0.046264887927264
     0.046822563301542    -0.006605139189557     0.038093376104980
     0.043061357072479    -0.026542408422886    -0.065514939667824
36 28
    -0.120786085188483    -0.124792237332068    -0.056698332947161
     0.004173394714986    -0.039534331166758    -0.018145393489935
    -0.025176681975703    -0.106371360612962    -0.098659652306451
36 29
    -0.029038563711411     0.002255151188426    -0.017938816309445
    -0.017323324176334    -0.043346128365037    -0.033445945574728
     0.008257004817218     0.028934442380238    -0.025079003292209
36 30
    -0.008514726387226    -0.010371164352015    -0.016498158841604
    -0.024499681874756     0.022211027874209     0.030414491887577
     0.017464535109706    -0.039147516479637     0.019416766996390
36 31
     0.011132822096494    -0.042702286493759     0.047848275623838
    -0.033906887256785    -0.097340867387051     0.056563653417555
     0.044538247907333    -0.035592767349300     0.099665274427556
36 32
    -0.051093208582429     0.161362099552132    -0.132027424652896
     0.151880239859596    -0.229510630697710    -0.048284193310492
    -0.106422416246395    -0.055815053259660     0.236925737047448
36 33
     0.011136074746011    -0.033906589662848     0.044535454701087
    -0.042698830227338    -0.097334069715026    -0.035588580150403
     0.047849330254982     0.056565783563627     0.099680049705459
36 34
    -0.051088911743661     0.151876908895885    -0.106417743499496
     0.161357912353235    -0.229508829471252    -0.055809936732330
    -0.132028030282662    -0.048277406080360     0.236938899052958
36 35
    -0.052912076617963     0.034110812196577     0.045496667453342
     0.034092157755606     0.044426451785165    -0.007109675772847
     0.045492892709200    -0.007120310840370     0.020040403805659
36 36
     2.979034755012178    -0.510738858603379    -0.531476780828769
    -0.510738858603379     3.588238263579367    -0.482161800436221
    -0.531476780828769    -0.482161800436221     4.097984766486077
36 37
    -0.001494767354833     0.024689964481983    -0.001879833024959
    -0.052187586789877     0.096657351545177    -0.031368922630646
     0.041198450355280    -0.000904387973211    -0.087523410490160
36 38
     0.019330590057497     0.033555126002823    -0.022772034212198
    -0.005556491250361     0.005475169791486     0.008829779168066
    -0.022389083025305    -0.023376243880451    -0.013952921437331
36 39
    -0.553784933966168     0.136454562576845    -0.129112700882124
    -0.136333927392666    -2.297641525385506     1.068432093738413
     0.124422244533781     1.060723262173288    -1.376809273498197
36 40
    -0.006909081796766     0.000602873106011    -0.000317188147858
    -0.000078705764801    -0.010993182667945    -0.003558596967727
    -0.002401144508568    -0.001096153329174     0.009355972236424
36 41
    -0.191197510185783    -0.074084971538735     0.035683413418187
    -0.009962400806835     0.143152258701619     0.059290099424462
     0.203629502106595     0.000166506417979    -0.178158061168147
36 42
    -0.181794492002652     0.012451852400368    -0.184956975777977
     0.066000409355389     0.139076829822170    -0.004173843716364
    -0.047445020176958     0.063290445875811    -0.192423764274698
36 43
     0.011622630390397    -0.015867849663020     0.012381839511082
     0.004056252343853     0.016137078198575    -0.019866990075784
    -0.030395518968884    -0.026493180120643     0.008040701013854
36 44
     0.047101163435627    -0.004508908384202     0.027389005741995
     0.014792700200631     0.059387569270105     0.002253370845753
    -0.012503591977760     0.009046928764724     0.020977960450431
36 45
     0.007928502878824     0.006783888726506     0.002509353840658
    -0.005323631826421    -0.004943510392399     0.001867041706633
     0.010043795358958     0.006973414296526    -0.010697447388250
36 46
     0.036515903740514    -0.006018936564940    -0.019080344882526
     0.003905460974102     0.006013303163930     0.006565663614920
     0.005186493231129    -0.001641716108140    -0.010527610006560
36 47
     0.001846711341914    -0.028255390447413     0.026747262691112
    -0.008904527455606    -0.038235626006657     0.016339567378148
    -0.010368350261983    -0.019512821965598     0.014036889915958
36 48
     0.007534337099374    -0.002898121161679     0.011389003487357
     0.041870918674877    -0.029719129718650    -0.040045226862587
    -0.032305367213866    -0.007778755698324     0.055015078990612
36 49
    -0.017830805373312     0.047487727517328    -0.080943974019018
     0.001126460922187     0.008790068650847    -0.013760352055645
     0.007365799733302     0.031360496023390    -0.006626790453679
36 50
     0.000495556555730     0.051698989755505    -0.011404426162596
    -0.099578966965006    -0.042569925064290     0.023663876251557
     0.078216985033701    -0.021214265698900    -0.012047469229097
36 51
     0.375668551611978     0.112674212235274     0.234572348534279
    -0.125325149758256    -0.155344901562295    -0.227080483832693
    -0.230181569280054    -0.213085277951639    -0.467521468331110
36 52
    -0.277269534163547     0.034273366358241     0.077409910277745
    -0.022309656769921     0.120584290394762    -0.111371862854686
    -0.087352032929324    -0.130724610608092    -0.071548009334278
36 53
    -0.026272537710941     0.011657516753276    -0.027462788154477
     0.134703164829770     0.136950228772446     0.095804807568283
    -0.074894416604290    -0.039420018548495    -0.056167096444720
36 54
    -0.030700761591710    -0.129906054991320     0.066565409717263
    -0.017235434767070     0.135659574311471    -0.041239231166482
     0.032751173372728     0.096991424233226    -0.068160977881451
37 1
    -0.052928146690538     0.162757073740238    -0.034208287263167
     0.190803459267152    -0.095883951892570    -0.019246736439688
    -0.050326622264685     0.152250582461282    -0.234491585716653
37 2
    -0.000705141001264     0.005881077479064     0.010704480002856
    -0.024234959015819     0.003872365395789     0.002479505690916
     0.003023251580584     0.000004328164446    -0.002836952555350
37 3
     0.099533915419768     0.080953272524299     0.121393135051498
     0.091118308697202    -0.191413177033704    -0.059616319809342
    -0.060136326056387     0.066449165348885    -0.035078979249245
37 4
    -1.818827343478829    -0.577403220915023    -0.803764879646317
    -0.887303136638731    -0.935927291864648    -0.546232166926512
    -1.037729938154052    -0.369354360094399    -1.148291384847180
37 5
     0.024503080710769     0.025744209275565    -0.004483873946907
     0.011364491144688     0.051618305252073     0.036479988851223
    -0.024520048786099    -0.002138337736906    -0.028686066304026
37 6
     0.020519817195567     0.031755199560304    -0.038516632996965
     0.009173651572237     0.029801307412711     0.019295964741931
     0.029801667658002     0.035339775956598    -0.051386359493728
37 7
     0.004204428019529    -0.029550018048489     0.019140949626659
     0.023325313549729    -0.003303470208008     0.028404427579221
     0.004680980330889     0.003353794908964    -0.018359086820172
37 8
     0.005334047614201    -0.007518293131531     0.004602159705271
    -0.012918625879392     0.016377539320264     0.004672626816881
     0.001165602356265     0.001158611509229    -0.001748823820571
37 9
    -0.023951654809158    -0.002040732146660    -0.007306709063582
     0.013199815602819     0.006734331504649     0.027533129963377
     0.026477606037963     0.007067433096694     0.036720523066158
37 10
     0.025526396618733     0.003201619988456    -0.030192533799418
    -0.002256357227011     0.030343105889426    -0.014315777202086
    -0.013148942702506    -0.009583365329634     0.020118879848825
37 11
    -0.043920338476106    -0.030078941671738     0.012129954958987
     0.000825844057744    -0.021248859688789     0.011325281838309
     0.019690443778155    -0.006680153745356     0.080177591318178
37 12
     0.079681716284726    -0.028976382241508    -0.010831813661081
     0.001329707138967     0.035419285747123     0.014801951717396
    -0.026147637013671     0.023216394168947     0.079978208601628
37 13
     0.099269296979756     0.041548473034139    -0.042989370665508
     0.085847486742154    -0.030304392572941    -0.090989789884177
     0.057677359568040     0.012614088084310    -0.109400490979030
37 14
     0.018158294448133     0.121005902688677     0.071548071985633
     0.015066611924978    -0.055127945406763    -0.022735419716108
     0.115957466939381    -0.069169294010823     0.028856598071569
37 15
     0.049753425017190     0.064350726083264    -0.009561855031062
     0.174916897732752     0.085465882559396     0.082661602685712
    -0.103615317061733    -0.017188853484578    -0.072678626129684
37 16
    -0.016282925332222    -0.081158090245901     0.073102144068982
    -0.305377584286684     0.218678931897447     0.292436477012716
     0.294403181362420    -0.055242691363566    -0.415610549925202
37 17
     0.013399511576144     0.005157386455755    -0.000960346075177
    -0.033533725344122    -0.003081188421181     0.000997848132130
     0.010563827710734     0.011511105757434    -0.004730151202723
37 18
     0.046682610616218     0.075068060055801    -0.032296554256587
     0.083033579443576    -0.104295261776368     0.133143621194745
     0.004162336750817     0.101414782192086    -0.019671502185140
37 19
    -0.030704515452068    -0.017234113867667     0.032750938430147
    -0.129946224951810     0.135681747670218     0.097060617433950
     0.066571325049371    -0.041242489036945    -0.068186785018792
37 20
    -0.026284974004921     0.134665260759955    -0.074900232738419
     0.011681198965491     0.136853641266720    -0.039393757188830
    -0.027467278168257     0.095747638206786    -0.056194140946324
37 21
    -0.277290391843837    -0.022315373706071    -0.087352816071262
     0.034315582929663     0.120658553134300    -0.130701058919533
     0.077403243129377    -0.111371387748577    -0.071561072141809
37 22
     0.375653572717171    -0.125325034897438    -0.230181945188184
     0.112693832551302    -0.155340098291740    -0.213105869363670
     0.234572416406581    -0.227081099904351    -0.467528459178146
37 23
     0.000479998135889    -0.099570315857061     0.078220284671734
     0.051696964028358    -0.042635740312787    -0.021216709101747
    -0.011402932971967     0.023669222500523    -0.012052731942922
37 24
    -0.017854022921310     0.001138286365456     0.007371057226181
     0.047488166076813     0.008778076137298     0.031361738608599
    -0.080947832298301    -0.013752995742371    -0.006642803095844
37 25
     0.007555910049302     0.041881329241710    -0.032306808195033
    -0.002921166418451    -0.029718362239550    -0.007769979287669
     0.011391300703709    -0.040048265453308     0.055017444079266
37 26
     0.001865564178843    -0.008900690060108    -0.010372406937223
    -0.028267059262294    -0.038213510078318    -0.019502823853518
     0.026741979093501     0.016334142814988     0.014040001599926
37 27
     0.036530370982588     0.003903195083427     0.005187010104808
    -0.006015616043121     0.006022199656349    -0.001641867515581
    -0.019082073015736     0.006569239963105    -0.010516411076842
37 28
     0.007943210284425    -0.005335859282552     0.010036527801770
     0.006768126689761    -0.004928171252301     0.006990716512416
     0.002502540505795     0.001859053658862    -0.010683131553618
37 29
     0.047110895279447     0.014797383389422    -0.012503153418274
    -0.004525291713551     0.059385538322012     0.009046009878183
     0.027393067638182     0.002251110176024     0.020996834171145
37 30
     0.011631030892922     0.004056377646563    -0.030394589640451
    -0.015878275892692     0.016165422715796    -0.026490407798181
     0.012382758397623    -0.019865893677070     0.008053607192997
37 31
    -0.181791484737608     0.065997610928196    -0.047452251187522
     0.012468935336516     0.139079623028417     0.063242366181744
    -0.184959768984223    -0.004182395626331    -0.192430034631151
37 32
    -0.191189856278573    -0.009967402473348     0.203626688016564
    -0.074088788050448     0.143158158370888     0.000160946110217
     0.035679419394302     0.059288078918261    -0.178152391220514
37 33
    -0.006903203011282    -0.000085466890202    -0.002397792661072
     0.000609780417907    -0.011001812892105    -0.001115183678276
    -0.000322210698156    -0.003555208573608     0.009355601549240
37 34
    -0.553767730948257    -0.136336245492803     0.124437327847513
     0.136417321567204    -2.297309713367186     1.060482576550911
    -0.129127168124198     1.068385387153211    -1.376752088473861
37 35
     0.019328767947254    -0.005566703421237    -0.022390973007850
     0.033555303514995     0.005472815144725    -0.023379736693496
    -0.022772013328413     0.008825179514415    -0.013949157135081
37 36
    -0.001494767354833    -0.052187586789877     0.041198450355280
     0.024689964481983     0.096657351545177    -0.000904387973211
    -0.001879833024959    -0.031368922630646    -0.087523410490160
37 37
     2.978752176517047     0.513646769039288     0.615649424558793
     0.513646769039288     3.588984467322930    -0.519880631077780
     0.615649424558793    -0.519880631077780     4.064315181678495
37 38
    -0.053045205526532    -0.031007189369336    -0.048789262430300
    -0.031004761629328     0.043462936595611     0.001153286144048
    -0.048790348387121     0.001156669317222     0.034140258333458
37 39
     0.004351230586340     0.032627468272151    -0.052096439510149
     0.036506944596740    -0.103892183841661    -0.013007173127885
    -0.053698930649071     0.050396488967476     0.084511154222390
37 40
    -0.043363832593789    -0.150706602467044     0.113656152144164
    -0.155944302739047    -0.221936102754061    -0.079127032512653
     0.132329148357946    -0.037850367161519     0.252772212156498
37 41
     0.004340679053958     0.036504109622923    -0.053696534234740
     0.032653630433837    -0.103921118325808     0.050360944765369
    -0.052095614600641    -0.013001069841712     0.084508575074939
37 42
    -0.043369758367789    -0.155955298051861     0.132328594937643
    -0.150768606424774    -0.222047690038379    -0.037880288404509
     0.113659911225468    -0.079140779264143     0.252769142240100
37 43
    -0.015340685498659     0.015182370745354     0.007356344599633
     0.020034091681636     0.015903639249601     0.016251333386430
    -0.010512646774592    -0.028495444335293     0.023787670108220
37 44
    -0.022077773662931    -0.008593432152028     0.021150627584992
     0.020750149681520    -0.037490215846925    -0.017250512859856
    -0.020101916994441     0.015019153523516    -0.031182070185110
37 45
    -0.097691443486213    -0.020116519981118    -0.061703998704731
    -0.023382446364602     0.000126597504803    -0.027083590827943
    -0.053257812899947    -0.032940939106276    -0.025231449701923
37 46
    -0.118173878706591     0.125535569555190     0.072223229092551
    -0.026278426938317    -0.046027392303049     0.051431771284258
     0.032205621035655    -0.087624289613708    -0.131052825394442
37 47
    -0.007459886405771    -0.014215618569122     0.011900630115662
     0.000796236071529    -0.039889882827702     0.006469509447733
     0.019617543705590     0.002629148452490    -0.038567516339170
37 48
    -0.038360834739755     0.023363447341179    -0.005420543030815
    -0.003236344502001    -0.046333647789449     0.010428657412180
     0.010293288717668     0.014089741554902    -0.020430972353138
37 49
    -0.015325241939635     0.020036357572311    -0.010511769655621
     0.015210146179433     0.015909335301966    -0.028483399612282
     0.007361241847221     0.016251521340495     0.023809389244643
37 50
    -0.022059552560499     0.020746489798195    -0.020096106081259
    -0.008575665271920    -0.037487547943388     0.015031161699903
     0.021150977388391    -0.017247965038083    -0.031165827821309
37 51
    -0.007433938302882     0.000803780338868     0.019620582296311
    -0.014223277697278    -0.039872455309101     0.002624815067098
     0.011903005646208     0.006464340710940    -0.038543505207342
37 52
    -0.038337820808661    -0.003224158813441     0.010290777442519
     0.023382623876775    -0.046299194765109     0.014088290131843
    -0.005418522524614     0.010399101635428    -0.020406157195586
37 53
    -0.097672867359436    -0.023373842245173    -0.053256063882951
    -0.020079164110660     0.000140819362403    -0.032899046233522
    -0.061707016411667    -0.027079231337819    -0.025221117449283
37 54
    -0.118166036845316    -0.026257772874930     0.032198927782556
     0.125526406794512    -0.046024379817060    -0.087622827748757
     0.072222278880333     0.051440479822612    -0.131044524089895
38 1
    -0.000707312914906     0.005881651783152     0.010705879216453
    -0.024230641293266     0.003876583920363     0.002482194478238
     0.003029224343100     0.000001889982544    -0.002840591554890
38 2
    -0.052929112565595     0.162765254963020    -0.034207947901660
     0.190802159251534    -0.095900794665190    -0.019238905020305
    -0.050311565055684     0.152277345031787    -0.234496822325748
38 3
    -1.818830763198626    -0.577402051423061    -0.803762310940759
    -0.887296996805934    -0.935908830598688    -0.546242133712914
    -1.037732381556900    -0.369355649668125    -1.148271774973044
38 4
     0.099527786028864     0.080954614307487     0.121402976535190
     0.091129314451908    -0.191407021538069    -0.059625602651784
    -0.060135396727953     0.066450011142179    -0.035082263224440
38 5
     0.020517744479904     0.031757778707754    -0.038515949053005
     0.009170017793643     0.029795600918453     0.019299347915104
     0.029802821487125     0.035336042980026    -0.051389596480406
38 6
     0.024503007617521     0.025741473499727    -0.004485889232161
     0.011360225631597     0.051615961047204     0.036482479242586
    -0.024518002175167    -0.002133967804890    -0.028691073191485
38 7
     0.005328080072631    -0.007515546913801     0.004602754893144
    -0.012917915830701     0.016380656225178     0.004675842919774
     0.001167722060444     0.001160825190441    -0.001747983248223
38 8
     0.004202318757242    -0.029547955774718     0.019142442817288
     0.023330043727036    -0.003308038535981     0.028405299477246
     0.004677999170578     0.003355162796883    -0.018355019703039
38 9
     0.025521556801554     0.003203844111561    -0.030191541819629
    -0.002252316214609     0.030348629650564    -0.014312012899836
    -0.013143298859603    -0.009583882203314     0.020114938034402
38 10
    -0.023957497048018    -0.002035276257823    -0.007304662452650
     0.013200603965703     0.006735903009472     0.027531323515973
     0.026473575467454     0.007068096156869     0.036719661610026
38 11
     0.079680755630615    -0.028972080181793    -0.010831208031315
     0.001330678234970     0.035417260019976     0.014798819149642
    -0.026140181502418     0.023213031879559     0.079981769286974
38 12
    -0.043923350962096    -0.030074655274862     0.012129265794081
     0.000823619934639    -0.021249439213823     0.011327286681671
     0.019690558638973    -0.006676754909344     0.080175795312666
38 13
     0.018169482935958     0.120996625067181     0.071542558666387
     0.015057229884557    -0.055120636082005    -0.022723724796496
     0.115955315909524    -0.069164574275408     0.028841332024718
38 14
     0.099267798568180     0.041552561035057    -0.042992722513004
     0.085848979932784    -0.030303849594531    -0.090987967773934
     0.057675579225367     0.012611237447655    -0.109402558473747
38 15
    -0.016283374333600    -0.081164491126010     0.073101496671646
    -0.305378315219160     0.218688982218988     0.292433882202427
     0.294409723208078    -0.055262457866089    -0.415604342220105
38 16
     0.049750824985955     0.064344685448446    -0.009558503183566
     0.174913008127792     0.085468848056869     0.082665852535964
    -0.103620778171516    -0.017189339032580    -0.072686922213284
38 17
     0.046682083300646     0.075086860683267    -0.032297238200546
     0.083034211178073    -0.104279854763968     0.133149818457951
     0.004152902500934     0.101446609080459    -0.019676817108428
38 18
     0.013401271035032     0.005154718552218    -0.000962570198282
    -0.033531767489276    -0.003078233365601     0.000998036086195
     0.010565148610137     0.011506850686235    -0.004737893866020
38 19
    -0.026282728998031     0.134700705764084    -0.074901548416875
     0.011678384875459     0.136880894606174    -0.039390405341334
    -0.027464004634955     0.095804489090562    -0.056199043414858
38 20
    -0.030708446824598    -0.017212232881910     0.032752650900518
    -0.129942481533345     0.135730067527812     0.097061040330596
     0.066566594872063    -0.041272384175204    -0.068191932871800
38 21
     0.375657081193055    -0.125325932900194    -0.230184148427504
     0.112696453466323    -0.155342379845254    -0.213103222343919
     0.234574369040480    -0.227091677541465    -0.467525514564458
38 22
    -0.277287008670664    -0.022309641107082    -0.087345042082288
     0.034312972456535     0.120669078561951    -0.130702614761517
     0.077416895903835    -0.111367863609855    -0.071563103089902
38 23
    -0.017853156244232     0.001139816102709     0.007371104214697
     0.047485592150309     0.008785160961367     0.031356789151549
    -0.080947592134773    -0.013751888901765    -0.006643977808752
38 24
     0.000475758727530    -0.099576659306761     0.078219397110871
     0.051696379282377    -0.042630858728038    -0.021214291803631
    -0.011397618048679     0.023667186331483    -0.012063659383435
38 25
     0.001867365405301    -0.008900423791849    -0.010373310160926
    -0.028268975349569    -0.038218370779282    -0.019509323931607
     0.026746422118765     0.016336774171901     0.014040774299972
38 26
     0.007555664664828     0.041875246839323    -0.032304819014509
    -0.002922043537422    -0.029708009103125    -0.007759010079586
     0.011389770966457    -0.040054943043569     0.055016645274489
38 27
     0.007946395061641    -0.005324488061607     0.010043993754916
     0.006765443123385    -0.004927978077289     0.006992063516550
     0.002504002370747     0.001865825226156    -0.010681883747463
38 28
     0.036529144060218     0.003892915040250     0.005188346667050
    -0.006016127695854     0.006030694135907    -0.001637534130189
    -0.019077415931677     0.006533387725168    -0.010516593809961
38 29
     0.011628937293473     0.004054096093049    -0.030397074810869
    -0.015879842176569     0.016169270553187    -0.026491300579991
     0.012387065678284    -0.019864839045926     0.008056635341825
38 30
     0.047110582022672     0.014795378546060    -0.012505398425164
    -0.004518958705743     0.059381314576491     0.009046986195133
     0.027393302580763     0.002252493726782     0.020989488299763
38 31
    -0.191187271910176    -0.009963512868388     0.203624897231998
    -0.074090495299873     0.143158012184393     0.000167644584263
     0.035684494154062     0.059290752042744    -0.178164033930664
38 32
    -0.181785527637931     0.066003447946110    -0.047449739912373
     0.012468418462836     0.139084890963189     0.063243431254780
    -0.184947087305769    -0.004176261014481    -0.192428572766199
38 33
    -0.553768399229377    -0.136300915349492     0.124405955181464
     0.136401209727060    -2.297366830519221     1.060502149878423
    -0.129109275941381     1.068474915939600    -1.376824889348447
38 34
    -0.006904461259330    -0.000084923911791    -0.002397124379951
     0.000606710501509    -0.011003541025316    -0.001119433528528
    -0.000326742479506    -0.003557902581876     0.009359287537296
38 35
    -0.001495232019050    -0.052180627268518     0.041194111748942
     0.024689280538024     0.096652417750966    -0.000911253517537
    -0.001874418903692    -0.031368614594817    -0.087523133780008
38 36
     0.019330590057497    -0.005556491250361    -0.022389083025305
     0.033555126002823     0.005475169791486    -0.023376243880451
    -0.022772034212198     0.008829779168066    -0.013952921437331
38 37
    -0.053045205526532    -0.031004761629328    -0.048790348387121
    -0.031007189369336     0.043462936595611     0.001156669317222
    -0.048789262430300     0.001153286144048     0.034140258333458
38 38
     2.978792800699861     0.513622893652061     0.615621847520671
     0.513622893652061     3.588961495159405    -0.519910259947780
     0.615621847520671    -0.519910259947780     4.064438965093266
38 39
    -0.043363284394433    -0.150709520976001     0.113661279113387
    -0.155943300317366    -0.221933048500501    -0.079129549008748
     0.132327811795705    -0.037849135018203     0.252775621434403
38 40
     0.004350875561995     0.032623651760438    -0.052094622620852
     0.036505874302757    -0.103892084643682    -0.013000067420031
    -0.053700021826839     0.050391800557738     0.084512245400157
38 41
    -0.043373684519374    -0.155946338908087     0.132325107345544
    -0.150766345755046    -0.222011540206506    -0.037876456229958
     0.113656632471220    -0.079126332905854     0.252768714122507
38 42
     0.004341723243209     0.036493030774969    -0.053699807768042
     0.032653959353451    -0.103890915151720     0.050360699380895
    -0.052096408184471    -0.013020679715847     0.084513848230658
38 43
    -0.022075659179697    -0.008592006833700     0.021152214752654
     0.020746876148218    -0.037490257614495    -0.017245495530504
    -0.020100846700459     0.015018004915340    -0.031186565419835
38 44
    -0.015341416431135     0.015182318535892     0.007357529754433
     0.020034446705982     0.015904156123280     0.016254330209581
    -0.010515591388280    -0.028497130700933     0.023786093382451
38 45
    -0.118176807657441     0.125525764618122     0.072223740745284
    -0.026275393568542    -0.046001747015043     0.051430941153803
     0.032205777664043    -0.087624352265063    -0.131049379569913
38 46
    -0.097687741835318    -0.020076945208501    -0.061709652989526
    -0.023383119866669     0.000145956773518    -0.027081074331848
    -0.053257055862740    -0.032897939392916    -0.025232613972938
38 47
    -0.038367987436125     0.023364622054086    -0.005419180363843
    -0.003233211934248    -0.046335579539563     0.010431017279887
     0.010290474627636     0.014086217416180    -0.020426226512992
38 48
    -0.007464141476970    -0.014219189696360     0.011902817692143
     0.000795666988387    -0.039885497232847     0.006472605468862
     0.019619626863146     0.002629905489697    -0.038567234408073
38 49
    -0.022057881857697     0.020750374182209    -0.020100000907165
    -0.008579168526858    -0.037495896236451     0.015031845643863
     0.021151348075575    -0.017246555382594    -0.031163828198893
38 50
    -0.015324573658514     0.020033600912688    -0.010513372486121
     0.015211895196429     0.015907789901874    -0.028484261068414
     0.007356459460451     0.016249714893091     0.023803672308493
38 51
    -0.038332474559696    -0.003230241215829     0.010292965019000
     0.023380514614488    -0.046295848138559     0.014092848017924
    -0.005416825717081     0.010397410048841    -0.020407175280106
38 52
    -0.007436621869257     0.000808118945206     0.019623218874170
    -0.014226070903525    -0.039874230430828     0.002625274510369
     0.011900128904821     0.006466491740797    -0.038541218432882
38 53
    -0.118172933715319    -0.026254248736208     0.032203882460552
     0.125527273471590    -0.046018365286974    -0.087627427402408
     0.072224539550061     0.051448243369694    -0.131038613978734
38 54
    -0.097673666164213    -0.023374792457392    -0.053258423750659
    -0.020077117499728     0.000145278050505    -0.032899871143030
    -0.061703309539826    -0.027082839011682    -0.025221263635778
39 1
     0.024503649793910     0.025748088438633    -0.004481670707587
     0.011387411098749     0.051645694336129     0.036504647380387
    -0.024517699360284    -0.002136740127352    -0.028688133798743
39 2
     0.020514084596579     0.031761234974175    -0.038518590851810
     0.009174690540541     0.029809885427408     0.019295426984466
     0.029803714268934     0.035337765892290    -0.051391392485918
39 3
    -0.052933952382774     0.162752275690629    -0.034214061629725
     0.190798107797240    -0.095871035271534    -0.019273222300042
    -0.050315454660645     0.152274468290400    -0.234500012323910
39 4
    -0.000706863913528     0.005879568625596     0.010702334193945
    -0.024217082495840     0.003906802757290     0.002474765071716
     0.003027026324727     0.000001352225080    -0.002840581112998
39 5
     0.099518122057345     0.080956942849517     0.121399233116725
     0.091190451732560    -0.191498643923906    -0.059662060519486
    -0.060130838841872     0.066446622748059    -0.035070912887280
39 6
    -1.818835101804965    -0.577404646233350    -0.803746444485088
    -0.887390237685111    -0.935934700387384    -0.546322170819010
    -1.037727969857314    -0.369334254230370    -1.148271978589948
39 7
    -0.043928822513771    -0.030070113051620     0.012132648967255
     0.000826392257101    -0.021261066261134     0.011314918259992
     0.019691080733598    -0.006677647691153     0.080176025034301
39 8
     0.079677038316881    -0.028967162050421    -0.010834497227456
     0.001346492481178     0.035418131918000     0.014812936588317
    -0.026145961089923     0.023218132744050     0.079974627032497
39 9
     0.004200752473365    -0.029553009650693     0.019141957269287
     0.023319356450051    -0.003303715592482     0.028404761719782
     0.004682823324918     0.003355047936066    -0.018354434957058
39 10
     0.005327490105704    -0.007517165407140     0.004601679378215
    -0.012910355900523     0.016373169388248     0.004683350640489
     0.001165738100867     0.001160454503257    -0.001749836684144
39 11
    -0.023964712395743    -0.002036973065356    -0.007297457546818
     0.013191707473284     0.006732457184943     0.027503099080516
     0.026473345745819     0.007066864013552     0.036729059313286
39 12
     0.025512221749649     0.003202100315512    -0.030192575566988
    -0.002267848529719     0.030335890541701    -0.014301607553949
    -0.013145298482019    -0.009583506295183     0.020121526868577
39 13
     0.013395783820518     0.005162048760761    -0.000960847286018
    -0.033524865398326    -0.003087009776256     0.000985469268558
     0.010563336941786     0.011508798099189    -0.004736191837541
39 14
     0.046677530635512     0.075084767083818    -0.032296522930909
     0.083031172587352    -0.104336961474110     0.133139569740451
     0.004152756314439     0.101440526678071    -0.019678399055144
39 15
     0.099266133086325     0.041550357795737    -0.042985533270011
     0.085809807173029    -0.030317946149421    -0.090929842979272
     0.057675720190916     0.012607400052157    -0.109395933092949
39 16
     0.018167994966275     0.120998316653767     0.071541592791330
     0.015051732228150    -0.055174756410890    -0.022777594519960
     0.115951201803874    -0.069164083506460     0.028856342245202
39 17
     0.049743479114573     0.064352636949593    -0.009562037764181
     0.174994982204949     0.085479712846027     0.082705568274130
    -0.103621712720896    -0.017191082828629    -0.072684123786091
39 18
    -0.016299115486560    -0.081151303015769     0.073105918813124
    -0.305381035332159     0.218682304628728     0.292457841124793
     0.294403442409733    -0.055248919952449    -0.415619843209537
39 19
     0.000461140078014    -0.099571292174011     0.078219360564247
     0.051693465994367    -0.042620333300387    -0.021196838180299
    -0.011400040567741     0.023666460619953    -0.012076967575440
39 20
    -0.017863394519839     0.001142959112355     0.007375547239961
     0.047478068766755     0.008773941147864     0.031347323575988
    -0.080947894949656    -0.013747336236630    -0.006653657443109
39 21
    -0.030708123125931    -0.017231122265463     0.032755355350679
    -0.129904598347315     0.135653946131407     0.096990667196019
     0.066571700957501    -0.041240040413151    -0.068178974483194
39 22
    -0.026290482103221     0.134700183669458    -0.074895497340165
     0.011656576982950     0.136939990496839    -0.039418295636230
    -0.027467314714881     0.095802959353309    -0.056177971675771
39 23
    -0.277284690570526    -0.022269351064829    -0.087352732536122
     0.034273637847447     0.120468249643288    -0.130720642688937
     0.077415606330110    -0.111384565416926    -0.071559129949802
39 24
     0.375649996368986    -0.125297186370112    -0.230181600605731
     0.112672149961504    -0.155413154992693    -0.213076444110574
     0.234581673144292    -0.227063943874956    -0.467527148720635
39 25
     0.047096657759008     0.014799492651709    -0.012502046577668
    -0.004510866239047     0.059385209402397     0.009043164462474
     0.027395072481544     0.002251282467251     0.020982612313545
39 26
     0.011618390982037     0.004053824603844    -0.030395101293184
    -0.015864659664858     0.016140973024482    -0.026493300202407
     0.012383578086185    -0.019871093739540     0.008043614301864
39 27
     0.007553106401163     0.041881694707948    -0.032299984418277
    -0.002897322356902    -0.029697259174785    -0.007777011902275
     0.011388601474495    -0.040053032177239     0.055031869553770
39 28
     0.001862943263823    -0.008923422060104    -0.010368976775534
    -0.028256988056967    -0.038213332566146    -0.019515119181950
     0.026745962675494     0.016324270005619     0.014059762881503
39 29
     0.036528736826410     0.003904275819302     0.005190983244909
    -0.006003498226862     0.006037303853866    -0.001670655813234
    -0.019083701950968     0.006561674811981    -0.010515758458560
39 30
     0.007942568108036    -0.005316980340892     0.010040803756754
     0.006782458187232    -0.004932389776875     0.006974745637821
     0.002504305185629     0.001863407928039    -0.010680186939930
39 31
     0.019317140899943    -0.005561774847972    -0.022389855725351
     0.033532315688633     0.005504161706043    -0.023389588619080
    -0.022773840659602     0.008826975519927    -0.013961682185148
39 32
    -0.001505538166958    -0.052183201195022     0.041199948766855
     0.024703867861861     0.096619844267278    -0.000917643955754
    -0.001875927757160    -0.031365884039926    -0.087533210206281
39 33
    -0.181781549276884     0.066002424640644    -0.047444179604611
     0.012451915051723     0.139090012711465     0.063291620588718
    -0.184943907749499    -0.004171927629089    -0.192413552103822
39 34
    -0.191188258669019    -0.009962917680515     0.203625967525980
    -0.074057968804702     0.143144761422796     0.000136162278343
     0.035683355987778     0.059284915024830    -0.178151399240726
39 35
    -0.006908502271731    -0.000076157943029    -0.002398205115826
     0.000601886347169    -0.010996978295873    -0.001099964619941
    -0.000322101058285    -0.003558048768371     0.009359083920392
39 36
    -0.553784933966168    -0.136333927392666     0.124422244533781
     0.136454562576845    -2.297641525385506     1.060723262173288
    -0.129112700882124     1.068432093738413    -1.376809273498197
39 37
     0.004351230586340     0.036506944596740    -0.053698930649071
     0.032627468272151    -0.103892183841661     0.050396488967476
    -0.052096439510149    -0.013007173127885     0.084511154222390
39 38
    -0.043363284394433    -0.155943300317366     0.132327811795705
    -0.150709520976001    -0.221933048500501    -0.037849135018203
     0.113661279113387    -0.079129549008748     0.252775621434403
39 39
     2.979333367033260     0.513409581450902     0.615512912477051
     0.513409581450902     3.589885571320946    -0.519835000007507
     0.615512912477051    -0.519835000007507     4.064257354477769
39 40
    -0.053054738974394    -0.030984389497039    -0.048783498505634
    -0.030989542570993     0.043349088641564     0.001160626794483
    -0.048784088472561     0.001151380498665     0.034144179264096
39 41
     0.004336408319921     0.032653458142611    -0.052095959183094
     0.036493286601335    -0.103891599095680    -0.013020168063114
    -0.053700147129549     0.050360960428207     0.084510804418991
39 42
    -0.043380341225849    -0.150706268326484     0.113659420456520
    -0.155952969509831    -0.221971667839953    -0.079141212602682
     0.132325712975310    -0.037849886834464     0.252769700881349
39 43
    -0.007452613627638    -0.014214945067055     0.011903585171242
     0.000805393611261    -0.039870413919115     0.006463432266291
     0.019620728482806     0.002628856079500    -0.038564937191720
39 44
    -0.038353311356201     0.023368856241499    -0.005420830182859
    -0.003227025112935    -0.046299763848251     0.010401518933544
     0.010291962597319     0.014087705385863    -0.020425375498752
39 45
    -0.015352155917582     0.015182694444022     0.007360907706660
     0.020054181882827     0.015892978077347     0.016260443937646
    -0.010512323075924    -0.028493037479069     0.023787539584564
39 46
    -0.022087562937160    -0.008562252660990     0.021152449695235
     0.020746735182669    -0.037490085323268    -0.017252799634315
    -0.020101379236977     0.015033145659480    -0.031182550512165
39 47
    -0.097699802221168    -0.020114280195174    -0.061707141714377
    -0.023370563490925     0.000098931710595    -0.027078067066804
    -0.053258324552680    -0.032939686079174    -0.025237448569170
39 48
    -0.118196845649169     0.125521697500989     0.072224132316253
    -0.026255235495050    -0.046012992933277     0.051448817673782
     0.032203167190915    -0.087623574344071    -0.131058291725171
39 49
    -0.097665949605648    -0.023389604281918    -0.053254722099764
    -0.020110051228707     0.000144374826802    -0.032936736244540
    -0.061705068998714    -0.027082264707594    -0.025216992901741
39 50
    -0.118158341170535    -0.026271958185906     0.032206242328260
     0.125522057746281    -0.045982857631490    -0.087618405607278
     0.072222660009409     0.051428884100979    -0.131034353686590
39 51
    -0.015333736419193     0.020049143669691    -0.010515309457182
     0.015186369990186     0.015909309197234    -0.028495647952197
     0.007356777938172     0.016261968453953     0.023810005316301
39 52
    -0.022069545451632     0.020746552449550    -0.020095087996739
    -0.008590910434986    -0.037461787794564     0.015018563556589
     0.021153097092571    -0.017256731006846    -0.031165410145608
39 53
    -0.007448504742935     0.000805868717370     0.019619141315144
    -0.014215336638024    -0.039864649994449     0.002628756881521
     0.011903506857048     0.006463364393990    -0.038544011639128
39 54
    -0.038348043421429    -0.003226388157492     0.010292270633148
     0.023368125309023    -0.046292235243751     0.014088739133221
    -0.005419373538854     0.010395373879801    -0.020410380941107
40 1
     0.020517702712334     0.031766654316388    -0.038520256333666
     0.009175332716931     0.029813618403981     0.019292701650521
     0.029805546821070     0.035339342618059    -0.051390478820323
40 2
     0.024501138518762     0.025751863182775    -0.004484176761790
     0.011387291016985     0.051650017279629     0.036502172651862
    -0.024519192550913    -0.002135231273884    -0.028682495176788
40 3
    -0.000707025762862     0.005880012406028     0.010703091231152
    -0.024218382511458     0.003899389013607     0.002475339375804
     0.003024259223212     0.000005163515847    -0.002835511574184
40 4
    -0.052933294543546     0.162759924376894    -0.034214766457470
     0.190797810203303    -0.095862561675761    -0.019267333072666
    -0.050320759142040     0.152257526319801    -0.234488855161762
40 5
    -1.818831300956091    -0.577393969398258    -0.803735621463501
    -0.887402412931779    -0.935936767882102    -0.546308893952683
    -1.037731373914273    -0.369352355251037    -1.148289886435605
40 6
     0.099523494411042     0.080955846450803     0.121390785625683
     0.091182406254380    -0.191492185613388    -0.059653341539240
    -0.060134853749543     0.066442660049851    -0.035072061495457
40 7
     0.079675289299886    -0.028966504211193    -0.010829161420383
     0.001343808914803     0.035414508581299     0.014811124919967
    -0.026148012921802     0.023213898556637     0.079979289337503
40 8
    -0.043926076296041    -0.030074509088367     0.012130529263075
     0.000823619934639    -0.021260914853692     0.011318875737254
     0.019693231763455    -0.006681041306219     0.080176327849184
40 9
     0.005327542315167    -0.007520235323538     0.004602660916111
    -0.012906868308424     0.016380061037305     0.004680500003834
     0.001168776691588     0.001158783800455    -0.001748077225256
40 10
     0.004200298251041    -0.029548785905172     0.019138125094735
     0.023317142768839    -0.003301246084903     0.028403863717026
     0.004684514911504     0.003352750719713    -0.018356471126098
40 11
     0.025517098113452     0.003204997940683    -0.030194110525187
    -0.002269550558199     0.030340693812256    -0.014307674293498
    -0.013145345470535    -0.009587735261650     0.020124273086307
40 12
    -0.023964263394365    -0.002033099123235    -0.007303555612044
     0.013190083758999     0.006722036176217     0.027498901439727
     0.026477183141316     0.007065840708086     0.036725117498863
40 13
     0.046668660247824     0.075063517832559    -0.032301164352130
     0.083033062569896    -0.104307687628456     0.133141438839211
     0.004164571315815     0.101415565334024    -0.019687629688123
40 14
     0.013394186210964     0.005163035519603    -0.000962089871227
    -0.033521779819089    -0.003093410656365     0.000987019889596
     0.010570275579359     0.011508349097811    -0.004736144849025
40 15
     0.018155198427003     0.120996828684085     0.071548740266753
     0.015052703324153    -0.055167300899637    -0.022776487679354
     0.115961262567309    -0.069177522222122     0.028852473524027
40 16
     0.099266253168089     0.041547898730051    -0.042988644953979
     0.085807917190484    -0.030310944860492    -0.090930631342156
     0.057676336262574     0.012611180017246    -0.109397843959279
40 17
    -0.016289467177880    -0.081155625959269     0.073098322336323
    -0.305385410485121     0.218665811659507     0.292463547619051
     0.294402596616439    -0.055249525582214    -0.415608827012938
40 18
     0.049740795548198     0.064350485919736    -0.009566360707680
     0.174989855235726     0.085483304857050     0.082699846117034
    -0.103614883723194    -0.017192346297623    -0.072682881200883
40 19
    -0.017864517023284     0.001122372921269     0.007369099371335
     0.047479039862759     0.008766067960911     0.031351474228261
    -0.080944282054847    -0.013757000208149    -0.006652576707235
40 20
     0.000462539291611    -0.099567929884622     0.078217595884412
     0.051693533866668    -0.042671952796015    -0.021197579554667
    -0.011399748194751     0.023666037723307    -0.012065638122066
40 21
    -0.026283026591968     0.134709487395686    -0.074895638305714
     0.011658868978356     0.136940836290133    -0.039416264688137
    -0.027460929497611     0.095806332084590    -0.056176932707466
40 22
    -0.030706932750184    -0.017232286536478     0.032753898706673
    -0.129902990295868     0.135657997585702     0.096996081317286
     0.066570259976335    -0.041241481394318    -0.068174823830921
40 23
     0.375651828921122    -0.125292738123902    -0.230180650393513
     0.112678869319334    -0.155409991099262    -0.213075520003087
     0.234576373883842    -0.227061771961313    -0.467534630336620
40 24
    -0.277289425968780    -0.022286407896245    -0.087344217172780
     0.034279125061961     0.120474969001119    -0.130725910623709
     0.077406506220787    -0.111390167492258    -0.071571101579565
40 25
     0.011618077725262     0.004058377268978    -0.030392590018035
    -0.015861683725492     0.016140957361643    -0.026492558828039
     0.012386835956648    -0.019871641938897     0.008040137151658
40 26
     0.047096636875223     0.014803862583725    -0.012502250194572
    -0.004512380313462     0.059389313066154     0.009044276524026
     0.027393840338228     0.002251386886176     0.020984100283228
40 27
     0.001858818716281    -0.008897489620054    -0.010367499247743
    -0.028253662314202    -0.038206012799496    -0.019511219135097
     0.026745252626803     0.016334341210946     0.014057246385408
40 28
     0.007553873880262     0.041874395825083    -0.032305638703071
    -0.002893782555341    -0.029709883422831    -0.007779993062587
     0.011390950900310    -0.040053110491433     0.055030068327312
40 29
     0.007942776945886    -0.005321423366155     0.010038663168789
     0.006787522505100    -0.004935308285832     0.006974019926291
     0.002501668607770     0.001869312818254    -0.010680938756190
40 30
     0.036526987809414     0.003904515982830     0.005187866339994
    -0.006000966067928     0.006034515868566    -0.001670713243643
    -0.019079243262866     0.006565057985154    -0.010515721911936
40 31
    -0.001508670734712    -0.052185112061352     0.041196878850457
     0.024703116045601     0.096618758310457    -0.000922635180374
    -0.001877107691014    -0.031373141155221    -0.087527785643122
40 32
     0.019316629247210    -0.005558725815359    -0.022387114728567
     0.033534143019822     0.005504255683075    -0.023392110336121
    -0.022771700071637     0.008830671949876    -0.013961609091900
40 33
    -0.191186034545914    -0.009963006436601     0.203634018225106
    -0.074058971226383     0.143141273830697     0.000131317240218
     0.035680954352501     0.059287556823635    -0.178149222106137
40 34
    -0.181795186388503     0.065998326197833    -0.047441167118622
     0.012455695016812     0.139094560155654     0.063286373537731
    -0.184951457237785    -0.004185596066386    -0.192409699045485
40 35
    -0.553760536484317    -0.136355160981087     0.124458890355548
     0.136474757196961    -2.297624254495293     1.060652319955569
    -0.129127700660716     1.068406709497719    -1.376765647271287
40 36
    -0.006909081796766    -0.000078705764801    -0.002401144508568
     0.000602873106011    -0.010993182667945    -0.001096153329174
    -0.000317188147858    -0.003558596967727     0.009355972236424
40 37
    -0.043363832593789    -0.155944302739047     0.132329148357946
    -0.150706602467044    -0.221936102754061    -0.037850367161519
     0.113656152144164    -0.079127032512653     0.252772212156498
40 38
     0.004350875561995     0.036505874302757    -0.053700021826839
     0.032623651760438    -0.103892084643682     0.050391800557738
    -0.052094622620852    -0.013000067420031     0.084512245400157
40 39
    -0.053054738974394    -0.030989542570993    -0.048784088472561
    -0.030984389497039     0.043349088641564     0.001151380498665
    -0.048783498505634     0.001160626794483     0.034144179264096
40 40
     2.979343255505468     0.513379148555179     0.615515261902866
     0.513379148555179     3.589855415135374    -0.519763065809999
     0.615515261902866    -0.519763065809999     4.064178476421742
40 41
    -0.043380523958968    -0.150761020389865     0.113656026841454
    -0.155950802817135    -0.222045679974071    -0.079140596531024
     0.132326323826022    -0.037878805655773     0.252769533811069
40 42
     0.004337614358506     0.032624554984140    -0.052088378369131
     0.036496038040012    -0.103872694049289    -0.013020972088838
    -0.053694075169054     0.050389143096094     0.084509060622941
40 43
    -0.038354851535346     0.023363134084403    -0.005421268742345
    -0.003228084965025    -0.046300301605715     0.010397331734647
     0.010296008830667     0.014086635091880    -0.020423532504724
40 44
    -0.007451585101225    -0.014217524214505     0.011901423699493
     0.000807884002625    -0.039872716356414     0.006462450728395
     0.019617413181933     0.002629237208577    -0.038557575657500
40 45
    -0.022087207912814    -0.008590508422124     0.021154945307545
     0.020744197802789    -0.037475894791346    -0.017256945065642
    -0.020098090040836     0.015018067566695    -0.031180838041793
40 46
    -0.015355189287356     0.015219987663125     0.007357331358475
     0.020054552570011     0.015882828557827     0.016260172448441
    -0.010510678477853    -0.028479603984354     0.023790014313089
40 47
    -0.118187771644577     0.125520930021890     0.072225134737934
    -0.026255512205202    -0.046015164846919     0.051449438966386
     0.032207735518889    -0.087617267440994    -0.131056563591960
40 48
    -0.097698094971742    -0.020116452108816    -0.061706911992742
    -0.023373831803281     0.000103484375730    -0.027082463103552
    -0.053254664669355    -0.032941549956988    -0.025238649386809
40 49
    -0.118160842003791    -0.026276228919943     0.032201157126607
     0.125520418369157    -0.045983661657214    -0.087617173463962
     0.072228951249647     0.051425808963634    -0.131033351264909
40 50
    -0.097665531929947    -0.023388575755506    -0.053256648628932
    -0.020115564547953     0.000143831848392    -0.032935049878899
    -0.061704019588516    -0.027079492385132    -0.025215682444231
40 51
    -0.022068203668444     0.020744015069670    -0.020096267930593
    -0.008589375476787    -0.037450155526306     0.015017044261229
     0.021155394308923    -0.017255848666929    -0.031163269557644
40 52
    -0.015334268955711     0.020050078219070    -0.010513168869217
     0.015185174393493     0.015908546939081    -0.028496645152932
     0.007361179195866     0.016263680924324     0.023808679195952
40 53
    -0.038354230242742    -0.003224430302646     0.010291889504072
     0.023368266274572    -0.046294271412790     0.014089318658256
    -0.005416068679874     0.010396929721785    -0.020406752383459
40 54
    -0.007448562173343     0.000809439844609     0.019619402362457
    -0.014214772775828    -0.039867192595276     0.002629623558599
     0.011901966677903     0.006462247111491    -0.038550657903712
41 1
     0.099515187885550     0.080958488249608     0.121409868184247
     0.091126359396328    -0.191410697084233    -0.059623253225969
    -0.060137704386198     0.066445093010806    -0.035084080113737
41 2
    -1.818846154548188    -0.577395258971983    -0.803756515690415
    -0.887292532896886    -0.935912041480636    -0.546234975795598
    -1.037733973945508    -0.369371839822463    -1.148283563869689
41 3
     0.024489944809990     0.025742611666011    -0.004488421391095
     0.011359285861271     0.051606954914914     0.036483246721686
    -0.024516999753486    -0.002133466594050    -0.028694195317346
41 4
     0.020508858429377     0.031759157037565    -0.038520663567474
     0.009170905354506     0.029791246649276     0.019295259914186
     0.029800304991030     0.035340120539051    -0.051398268472136
41 5
    -0.052948618020805     0.162757021530775    -0.034207175201614
     0.190800431118324    -0.095907848163581    -0.019235203369409
    -0.050318441041903     0.152261661309236    -0.234494619086428
41 6
    -0.000719091369658     0.005880450965513     0.010699995210023
    -0.024237130929461     0.003856702557022     0.002480476786919
     0.003024441956330     0.000003487592099    -0.002838571048690
41 7
    -0.023979806151368    -0.002034754163198    -0.007304343974929
     0.013200692721790     0.006726380003502     0.027527319050195
     0.026476044975033     0.007068539937300     0.036721060823623
41 8
     0.025506374289843     0.003204136484551    -0.030193170754861
    -0.002249951125955     0.030336543159983    -0.014315845074388
    -0.013146749905078    -0.009587495098123     0.020115481012813
41 9
    -0.043929511678677    -0.030073062886254     0.012130205564407
     0.000826752502392    -0.021262413265268     0.011327683473587
     0.019694025347286    -0.006680461781185     0.080168073533154
41 10
     0.079672376011875    -0.028973714337971    -0.010830623285335
     0.001332813601989     0.035411898108171     0.014798286613124
    -0.026145381564889     0.023211382060542     0.079972616968188
41 11
     0.004187653119210    -0.029548284694332     0.019140354438786
     0.023322875367827    -0.003320004944799     0.028403320738615
     0.004677325668511     0.003354510178601    -0.018358507295137
41 12
     0.005313821668407    -0.007517290709850     0.004600123536231
    -0.012916266011684     0.016367943221046     0.004676641724551
     0.001164631260261     0.001161425599260    -0.001751439514645
41 13
     0.049730609482053     0.064349932499433    -0.009565034587332
     0.174917038698301     0.085462817863944     0.082660125157922
    -0.103616486553694    -0.017189443451505    -0.072693683338685
41 14
    -0.016299841198090    -0.081157782210072     0.073100264528330
    -0.305375997119022     0.218676065597952     0.292442272263060
     0.294404580576016    -0.055257894759062    -0.415616292966083
41 15
     0.013387398980832     0.005153256687267    -0.000959025175775
    -0.033535317732729    -0.003090930706894     0.000996219196899
     0.010566881964293     0.011506004892942    -0.004737523178836
41 16
     0.046674935825223     0.075065125884005    -0.032292758628659
     0.083035208378807    -0.104283833125015     0.133146644122627
     0.004158885705343     0.101418196690937    -0.019684857365662
41 17
     0.099249922048202     0.041545700711678    -0.042991302415623
     0.085845570654879    -0.030319794364395    -0.090982125535074
     0.057676007342960     0.012611597692946    -0.109406719567913
41 18
     0.018154963484422     0.120987065514587     0.071545205686138
     0.015048072344825    -0.055132132605660    -0.022725562569578
     0.115957352078563    -0.069178399341093     0.028835578541944
41 19
    -0.277305751867721    -0.022323669789671    -0.087343454914626
     0.034323680617305     0.120655002890846    -0.130701507920911
     0.077412123958957    -0.111370192151885    -0.071588487330596
41 20
     0.375638933183871    -0.125299619331067    -0.230178201769719
     0.112695545021674    -0.155392260765779    -0.213103347646629
     0.234570615180122    -0.227063646281019    -0.467555143434457
41 21
     0.000458247673789    -0.099576043235103     0.078220175031863
     0.051702451242873    -0.042600222215411    -0.021218144861968
    -0.011399043367006     0.023665447756380    -0.012062683066485
41 22
    -0.017871419114233     0.001124095833534     0.007371986554614
     0.047489011870107     0.008763248649933     0.031356220068407
    -0.080947247552320    -0.013759193005576    -0.006641659708614
41 23
    -0.030715902335851    -0.017209993095967     0.032754081439792
    -0.129940539341338     0.135727352635759     0.097060053571754
     0.066568020190391    -0.041269810248700    -0.068180551208963
41 24
    -0.026294872919022     0.134665798517420    -0.074897089728773
     0.011678807772106     0.136842578081605    -0.039389063558146
    -0.027463085748414     0.095743706834255    -0.056184116729513
41 25
     0.036513632628893     0.003902250092155     0.005187662723090
    -0.006016101591123     0.006005978176334    -0.001636610022702
    -0.019081394292723     0.006561904533616    -0.010537696874725
41 26
     0.007926111685439    -0.005324514166338     0.010041242316239
     0.006764508574006    -0.004947191159509     0.006995974005296
     0.002503234891647     0.001866963392439    -0.010700992410758
41 27
     0.047094564159560     0.014799315139537    -0.012502443369583
    -0.004523782860083     0.059377722565467     0.009046793020121
     0.027388405333176     0.002253892940378     0.020992067447213
41 28
     0.011614772866282     0.004053636649779    -0.030394605303290
    -0.015877560623055     0.016152297256910    -0.026494083344345
     0.012385259230879    -0.019871521857133     0.008058358254090
41 29
     0.007545301086511     0.041879235642262    -0.032307711418735
    -0.002919177237928    -0.029717626086128    -0.007757297609214
     0.011389593454284    -0.040050677530478     0.055021370230850
41 30
     0.001853321059874    -0.008901186050002    -0.010369436218804
    -0.028268813500235    -0.038219508945566    -0.019507350413922
     0.026749591233142     0.016335703877919     0.014052276044573
41 31
    -0.006922823327310    -0.000080820248035    -0.002401844115366
     0.000606292825809    -0.011018175337670    -0.001124466520718
    -0.000322017523145    -0.003557155986561     0.009338471624575
41 32
    -0.553777577652894    -0.136318311542416     0.124441045161247
     0.136412539180434    -2.297342808945499     1.060462465465935
    -0.129114951109960     1.068451729717280    -1.376802152127505
41 33
     0.019316728445189    -0.005555535817197    -0.022391521207207
     0.033555068572414     0.005469458076283    -0.023379157168461
    -0.022770530579676     0.008827053834121    -0.013956837147023
41 34
    -0.001514559962088    -0.052186015285054     0.041195213368602
     0.024690084563747     0.096645635741780    -0.000910010932328
    -0.001871077498089    -0.031372196163949    -0.087520366678493
41 35
    -0.181792847404581     0.066016818789470    -0.047440759884814
     0.012471780752225     0.139090054479035     0.063246668241458
    -0.184948872869388    -0.004157799748521    -0.192419347354166
41 36
    -0.191197510185783    -0.009962400806835     0.203629502106595
    -0.074084971538735     0.143152258701619     0.000166506417979
     0.035683413418187     0.059290099424462    -0.178158061168147
41 37
     0.004340679053958     0.032653630433837    -0.052095614600641
     0.036504109622923    -0.103921118325808    -0.013001069841712
    -0.053696534234740     0.050360944765369     0.084508575074939
41 38
    -0.043373684519374    -0.150766345755046     0.113656632471220
    -0.155946338908087    -0.222011540206506    -0.079126332905854
     0.132325107345544    -0.037876456229958     0.252768714122507
41 39
     0.004336408319921     0.036493286601335    -0.053700147129549
     0.032653458142611    -0.103891599095680     0.050360960428207
    -0.052095959183094    -0.013020168063114     0.084510804418991
41 40
    -0.043380523958968    -0.155950802817135     0.132326323826022
    -0.150761020389865    -0.222045679974071    -0.037878805655773
     0.113656026841454    -0.079140596531024     0.252769533811069
41 41
     2.980306906439624     0.513576223613484     0.615627559235875
     0.513576223613484     3.590062201153715    -0.519828019602364
     0.615627559235875    -0.519828019602364     4.064835819660037
41 42
    -0.053074239208658    -0.030988957825012    -0.048786082874030
    -0.030999853939847     0.043391534934621     0.001145757539548
    -0.048791079319597     0.001157160086170     0.034132750612743
41 43
    -0.097688086417771    -0.020116441666924    -0.061708399962425
    -0.023389917538694     0.000117205022489    -0.027084462725967
    -0.053254910053829    -0.032940933885329    -0.025242706062050
41 44
    -0.118184059551790     0.125520345275909     0.072222508601968
    -0.026278557461973    -0.046013426271816     0.051428915426656
     0.032205600151870    -0.087623934589363    -0.131056224230454
41 45
    -0.007470009820561    -0.014215488045465     0.011898813226365
     0.000796241292475    -0.039889924595272     0.006471900641118
     0.019620817238892     0.002628631578811    -0.038563005441606
41 46
    -0.038368462542234     0.023389823561661    -0.005422631409317
    -0.003237153748671    -0.046357700688848     0.010430709244058
     0.010294406000167     0.014094111486918    -0.020427014875877
41 47
    -0.015373869833059     0.015183796063682     0.007355509248232
     0.020038169240662     0.015882713697009     0.016253061519641
    -0.010512265645515    -0.028496807002266     0.023778815383371
41 48
    -0.022100228952775    -0.008592032938431     0.021151045260692
     0.020747142416477    -0.037507784331074    -0.017249171076668
    -0.020099713755121     0.015017488041660    -0.031195691633890
41 49
    -0.007444448067694     0.000796324827615     0.019613873380372
    -0.014228054863102    -0.039889642664174     0.002623781319740
     0.011903078739456     0.006474056891921    -0.038542163424154
41 50
    -0.038346894813253    -0.003233201492355     0.010293779486616
     0.023380357986100    -0.046333303206996     0.014091579327984
    -0.005416267075832     0.010433157867852    -0.020414072150109
41 51
    -0.097683841788465    -0.023376437055462    -0.053259948266965
    -0.020075175307720     0.000141101293500    -0.032897479949645
    -0.061702636037759    -0.027082384789358    -0.025217817811250
41 52
    -0.118175538967501    -0.026254520225413     0.032205751559312
     0.125527591949312    -0.046019336382977    -0.087630241492439
     0.072227724327277     0.051443936089033    -0.131034087418331
41 53
    -0.015354239075138     0.020055461014660    -0.010515633155850
     0.015209566654399     0.015878223683229    -0.028483065471721
     0.007358908084244     0.016261613429607     0.023793439253833
41 54
    -0.022086847667523     0.020743712254787    -0.020100366373403
    -0.008573989348172    -0.037495050443157     0.015031015513408
     0.021150345653894    -0.017257733428527    -0.031175356048225
42 1
    -1.818841580999268    -0.577406191633442    -0.803765730660556
    -0.887398700838991    -0.935945768793446    -0.546316370347720
    -1.037735096448953    -0.369338232591416    -1.148292340280345
42 2
     0.099511413141407     0.080964163418188     0.121404913506251
     0.091191976248866    -0.191509665341452    -0.059652260803365
    -0.060133616385280     0.066447990635978    -0.035081453977770
42 3
     0.020509411849680     0.031757199182719    -0.038522250735136
     0.009168284439486     0.029798305368614     0.019290503632147
     0.029798717823368     0.035340089213374    -0.051398012645770
42 4
     0.024497494298275     0.025744773137760    -0.004484098447596
     0.011385797826356     0.051638886222212     0.036499797121316
    -0.024521996199052    -0.002138259422712    -0.028692921406460
42 5
    -0.000721900238744     0.005878503552560     0.010702793637216
    -0.024223196223905     0.003890231473875     0.002473527707453
     0.003022797358260     0.000005962320624    -0.002842037757003
42 6
    -0.052945271394256     0.162748944726918    -0.034211545133630
     0.190803803849605    -0.095874528084579    -0.019274135965636
    -0.050323928256417     0.152265049703356    -0.234497579362955
42 7
     0.025508008446021     0.003202888678396    -0.030194836236717
    -0.002266240478273     0.030329996093378    -0.014309000413847
    -0.013147976827448    -0.009578379325960     0.020115512338490
42 8
    -0.023970497204194    -0.002036116830170    -0.007302161619394
     0.013190031549536     0.006721451430237     0.027501872158146
     0.026478467494095     0.007065715405376     0.036721854407453
42 9
     0.079670621773933    -0.028973134812937    -0.010833447817259
     0.001342132991055     0.035400030897333     0.014813385589695
    -0.026147783200166     0.023216759635185     0.079966367495520
42 10
    -0.043933730203251    -0.030075720347898     0.012133865447732
     0.000823839214382    -0.021278509442573     0.011320770940744
     0.019689989555831    -0.006674807496390     0.080167410472980
42 11
     0.005318311682187    -0.007518272247746     0.004601914320797
    -0.012912465162810     0.016365880947275     0.004680359038285
     0.001166542126591     0.001162119985112    -0.001748954344227
42 12
     0.004190707372770    -0.029553714478438     0.019141022719907
     0.023320066498742    -0.003316444259453     0.028402981377109
     0.004677790332727     0.003355904171251    -0.018359118145849
42 13
    -0.016302942440165    -0.081148635112233     0.073105725638113
    -0.305384721320215     0.218668046224504     0.292462498208853
     0.294404021934767    -0.055242164047994    -0.415626656544400
42 14
     0.049735663358029     0.064356255065348    -0.009564502050813
     0.174996835640870     0.085471051296189     0.082704873888278
    -0.103616831136147    -0.017185908870890    -0.072692988952833
42 15
     0.046676569981401     0.075076168185336    -0.032294497203762
     0.083034811586892    -0.104358910332168     0.133141266547984
     0.004160937537221     0.101421987097918    -0.019677407075355
42 16
     0.013391236376329     0.005156728616526    -0.000957954881792
    -0.033529277097912    -0.003104515609051     0.000985594571269
     0.010565357447987     0.011511695724361    -0.004737836435611
42 17
     0.018154196005322     0.121002874539848     0.071540391973691
     0.015052786859293    -0.055193327316720    -0.022778137498370
     0.115951906631619    -0.069168756253359     0.028857976401380
42 18
     0.099255863485040     0.041548311184805    -0.042990253005426
     0.085804288632837    -0.030325485195814    -0.090933163501090
     0.057675829830787     0.012610282014490    -0.109401065283118
42 19
     0.375640875375878    -0.125329519690272    -0.230177695337932
     0.112670301746529    -0.155384450230181    -0.213081633731152
     0.234575016437816    -0.227085412405958    -0.467545860592015
42 20
    -0.277305104470385    -0.022270191637176    -0.087357243433687
     0.034268108865362     0.120445930098046    -0.130723347139098
     0.077408636366859    -0.111389634955740    -0.071573007224949
42 21
    -0.017869012258010     0.001123448436198     0.007372226718142
     0.047479316572910     0.008758137343549     0.031350847714710
    -0.080949043557832    -0.013752598950455    -0.006643852506042
42 22
     0.000455083780358    -0.099574539602582     0.078216405508666
     0.051693131853807    -0.042625538583804    -0.021200915739325
    -0.011402259469900     0.023670271910720    -0.012059681022388
42 23
    -0.026295650840014     0.134663099288206    -0.074894239092118
     0.011654728767975     0.136903825002128    -0.039421005307337
    -0.027465659674918     0.095745351432326    -0.056185374977561
42 24
    -0.030714189865479    -0.017212493929223     0.032755339687840
    -0.129906180294030     0.135686086276556     0.096990912580493
     0.066569461171558    -0.041272958479292    -0.068181584956321
42 25
     0.007926357069913    -0.005324540271070     0.010037394478849
     0.006782097941940    -0.004950939798921     0.006975821152749
     0.002505119653245     0.001865376224778    -0.010700898433725
42 26
     0.036512410927469     0.003900542842729     0.005190309742842
    -0.006006030385796     0.006022575564480    -0.001668734505012
    -0.019081885061671     0.006565313811521    -0.010533749839356
42 27
     0.011614329085851     0.004053986453178    -0.030393827382298
    -0.015861521876158     0.016140753744739    -0.026488147128453
     0.012383155189538    -0.019870164411107     0.008052698748349
42 28
     0.047092705502693     0.014779778358649    -0.012501994368205
    -0.004512009626277     0.059380306933864     0.009044735967297
     0.027388692485220     0.002256017865504     0.020994458640598
42 29
     0.001856156033691    -0.008906814230066    -0.010370809327669
    -0.028256998498859    -0.038224453181670    -0.019511386205377
     0.026743002398967     0.016335583796155     0.014052641510811
42 30
     0.007543880989129     0.041880577425450    -0.032299879999352
    -0.002898617151574    -0.029715563812357    -0.007786352175126
     0.011385813489195    -0.040042652936083     0.055028105251520
42 31
    -0.553794885089731    -0.136346833571809     0.124432660321561
     0.136467291243815    -2.297637369512286     1.060717419934428
    -0.129136033290940     1.068387271914810    -1.376793104227644
42 32
    -0.006922870315826    -0.000081874879178    -0.002399541678067
     0.000600873483596    -0.011013131903587    -0.001097453344792
    -0.000324095459754    -0.003554065186378     0.009340189315893
42 33
    -0.001512220978165    -0.052187143009445     0.041196915397081
     0.024703601593602     0.096612540163467    -0.000915529472520
    -0.001875755465934    -0.031366009342636    -0.087525524973393
42 34
     0.019315015974817    -0.005561257974293    -0.022391792696412
     0.033534341415780     0.005502579759327    -0.023389385002176
    -0.022779066826804     0.008829753063335    -0.013949705334438
42 35
    -0.191193067160520    -0.009963377123785     0.203623461471778
    -0.074061738327898     0.143134674554631     0.000143894499747
     0.035680098117315     0.059298087472232    -0.178149049814911
42 36
    -0.181794492002652     0.066000409355389    -0.047445020176958
     0.012451852400368     0.139076829822170     0.063290445875811
    -0.184956975777977    -0.004173843716364    -0.192423764274698
42 37
    -0.043369758367789    -0.150768606424774     0.113659911225468
    -0.155955298051861    -0.222047690038379    -0.079140779264143
     0.132328594937643    -0.037880288404509     0.252769142240100
42 38
     0.004341723243209     0.032653959353451    -0.052096408184471
     0.036493030774969    -0.103890915151720    -0.013020679715847
    -0.053699807768042     0.050360699380895     0.084513848230658
42 39
    -0.043380341225849    -0.155952969509831     0.132325712975310
    -0.150706268326484    -0.221971667839953    -0.037849886834464
     0.113659420456520    -0.079141212602682     0.252769700881349
42 40
     0.004337614358506     0.036496038040012    -0.053694075169054
     0.032624554984140    -0.103872694049289     0.050389143096094
    -0.052088378369131    -0.013020972088838     0.084509060622941
42 41
    -0.053074239208658    -0.030999853939847    -0.048791079319597
    -0.030988957825012     0.043391534934621     0.001157160086170
    -0.048786082874030     0.001145757539548     0.034132750612743
42 42
     2.980257307450197     0.513541791472929     0.615653554327281
     0.513541791472929     3.590963623629453    -0.519837344212376
     0.615653554327281    -0.519837344212376     4.064780326222287
42 43
    -0.118188899368968     0.125522470201035     0.072223892152725
    -0.026254645528123    -0.046013060805578     0.051448755022427
     0.032205046731567    -0.087617450174113    -0.131056777650757
42 44
    -0.097691359951073    -0.020119589897516    -0.061704886265595
    -0.023374959527672     0.000099171874123    -0.027076276282239
    -0.053258100051991    -0.032938683657493    -0.025235297539313
42 45
    -0.038366207093452     0.023365170253443    -0.005414471070320
    -0.003226894589279    -0.046308482828498     0.010396579918386
     0.010292797948720     0.014090973698219    -0.020428915300314
42 46
    -0.007466000133837    -0.014215790860348     0.011902347806980
     0.000801681518473    -0.039903363310933     0.006461208143187
     0.019617162576513     0.002624084134622    -0.038567766944591
42 47
    -0.022103570358379    -0.008587871844265     0.021153326814206
     0.020743075299344    -0.037493301426162    -0.017254459895225
    -0.020098716554386     0.015018062345748    -0.031191347806605
42 48
    -0.015372240897827     0.015181681580448     0.007357816906477
     0.020052124830003     0.015871754930819     0.016260449158592
    -0.010514432338211    -0.028497407411085     0.023778919802296
42 49
    -0.038344749004342    -0.003235221998556     0.010294557407608
     0.023364726473011    -0.046315191744436     0.014090535138733
    -0.005422245059295     0.010433951451683    -0.020409524705921
42 50
    -0.007444729998792     0.000794043274102     0.019621015634850
    -0.014219398534211    -0.039870257290728     0.002626438781384
     0.011901507234633     0.006473983798674    -0.038550015727322
42 51
    -0.118175272699242    -0.026254212189584     0.032205527058623
     0.125517494639253    -0.045993858165251    -0.087618102792395
     0.072222325868849     0.051449402419763    -0.131037930034775
42 52
    -0.097679743345655    -0.023373435011365    -0.053253516061179
    -0.020116196282450     0.000118009048212    -0.032942646355701
    -0.061706943318419    -0.027075284302450    -0.025221415043220
42 53
    -0.022087234017546     0.020743618277754    -0.020097353887414
    -0.008592539370218    -0.037474349391254     0.015014888010425
     0.021153582640573    -0.017257242659579    -0.031176149632056
42 54
    -0.015355006554238     0.020050699511675    -0.010515043188923
     0.015182798862947     0.015890534674500    -0.028498848392251
     0.007356114877998     0.016262772479676     0.023799720052178
43 1
     0.099239746423950     0.041550890332255    -0.042990226900694
     0.085807186258008    -0.030334057989565    -0.090925342523600
     0.057670702861564     0.012614302143107    -0.109425175612926
43 2
     0.018139384180795     0.120994829061669     0.071542219304880
     0.015052776417401    -0.055210248403534    -0.022765335738152
     0.115947609792851    -0.069168072309400     0.028825329824445
43 3
     0.049725341547282     0.064345907149870    -0.009555600337448
     0.174985699362507     0.085454558326968     0.082706200008627
    -0.103621728383735    -0.017188185203458    -0.072715867139325
43 4
    -0.016319043838417    -0.081159672192617     0.073088423422222
    -0.305385786393251     0.218646624682018     0.292470773408668
     0.294413085497466    -0.055246533980010    -0.415656864939435
43 5
     0.013373151018500     0.005156352708396    -0.000968710031078
    -0.033530676311508    -0.003121060787734     0.000988387777515
     0.010562522474170     0.011512223039932    -0.004763549595920
43 6
     0.046651102205566     0.075077019199575    -0.032302730636007
     0.083013097671416    -0.104368971095602     0.133145072617804
     0.004145828118758     0.101437279249500    -0.019706398989912
43 7
    -0.052947667808587     0.162757700253789    -0.034211059585629
     0.190799439138535    -0.095879843007867    -0.019272522693243
    -0.050318592449344     0.152273706032247    -0.234514980776824
43 8
    -0.000720631548804     0.005878367807957     0.010700110070840
    -0.024215354362630     0.003893703403135     0.002475689179203
     0.003025872495604     0.000006364333485    -0.002859131135044
43 9
     0.099517474660009     0.080950870889022     0.121403415094675
     0.091187569770227    -0.191518107611547    -0.059653769656833
    -0.060132603521707     0.066451123203731    -0.035093044478457
43 10
    -1.818839090607904    -0.577394695109787    -0.803765438287566
    -0.887411100586348    -0.935950425877506    -0.546312804441428
    -1.037736573976743    -0.369351237968539    -1.148296099361648
43 11
     0.024489354843063     0.025745331779010    -0.004486531408551
     0.011377903755618     0.051629838322352     0.036499369003723
    -0.024522502630839    -0.002133993909622    -0.028705143641644
43 12
     0.020506080885969     0.031752959774360    -0.038518167955164
     0.009164937812936     0.029793392458187     0.019293986003300
     0.029798529869303     0.035339911701201    -0.051405645669195
43 13
     0.004201801883562    -0.029547600750372     0.019142850051096
     0.023319941196032    -0.003298311913107     0.028402286991257
     0.004679335732819     0.003354285677912    -0.018357677164683
43 14
     0.005327599745575    -0.007516382265202     0.004601674157269
    -0.012908617325420     0.016374902742405     0.004682917301950
     0.001165231669081     0.001161477808723    -0.001751904178861
43 15
    -0.023959966555597    -0.002040674716251    -0.007302156398447
     0.013183834286331     0.006726949086644     0.027501950472340
     0.026469717188171     0.007065866812817     0.036721739546636
43 16
     0.025518314593929     0.003202920004074    -0.030197582454447
    -0.002270652177858     0.030337493372201    -0.014305105587940
    -0.013147491279446    -0.009577434334688     0.020111278151077
43 17
    -0.043929365492182    -0.030079813569762     0.012130638902946
     0.000819866074281    -0.021268292050751     0.011316803021590
     0.019685254157577    -0.006679991896022     0.080170684006282
43 18
     0.079676740722945    -0.028976732044907    -0.010832617686804
     0.001343312924908     0.035408405295126     0.014816398075685
    -0.026153134670078     0.023212530668718     0.079968226152387
43 19
    -0.181815929207976     0.066004523461038    -0.047445912958768
     0.012453872906569     0.139057480995347     0.063297990143150
    -0.184950663653954    -0.004180620504604    -0.192471160024805
43 20
    -0.191222826554176    -0.009951938030539     0.203615160167232
    -0.074068744837773     0.143098978945082     0.000150650404202
     0.035684984923010     0.059337542163085    -0.178193401753351
43 21
    -0.006937530732912    -0.000081060411562    -0.002400068993639
     0.000602330127601    -0.011025093091458    -0.001105128135788
    -0.000325599092276    -0.003556863613571     0.009319660555217
43 22
    -0.553819031966163    -0.136327333337545     0.124410596602685
     0.136477002203851    -2.297672161898133     1.060692891928920
    -0.129114413352496     1.068405174539520    -1.376835017984183
43 23
     0.019291072715289    -0.005560025830976    -0.022389250095586
     0.033530900812197     0.005487961109812    -0.023389280583251
    -0.022775130233327     0.008824782722500    -0.013986920239347
43 24
    -0.001533162193596    -0.052176022393921     0.041196998932221
     0.024693587818684     0.096585015334808    -0.000918233922681
    -0.001874241391519    -0.031385321622835    -0.087560954314683
43 25
    -0.030708530359739    -0.017232182117553     0.032751726793031
    -0.129904258985808     0.135643008249002     0.096991575640667
     0.066569497718181    -0.041239836796247    -0.068199132556686
43 26
    -0.026292481725637     0.134697040659813    -0.074897215031483
     0.011652582959064     0.136932206065972    -0.039417616913217
    -0.027464203030913     0.095807214424507    -0.056200740222391
43 27
    -0.277279276449259    -0.022303746658760    -0.087346300330336
     0.034268709274181     0.120543634886271    -0.130722631869461
     0.077411941225839    -0.111364109749497    -0.071554107399504
43 28
     0.375647720036419    -0.125301232603459    -0.230184315497784
     0.112674478503533    -0.155410889102018    -0.213075671410529
     0.234574896356052    -0.227059553059155    -0.467533450402766
43 29
     0.000472004867172    -0.099577588635195     0.078218718387857
     0.051694238694413    -0.042622280713340    -0.021196655447180
    -0.011404859501135     0.023674177178519    -0.012064092721974
43 30
    -0.017855933787640     0.001123484982822     0.007372211055303
     0.047475787213242     0.008764042233764     0.031351897124907
    -0.080948051578044    -0.013757684152108    -0.006648253763735
43 31
     0.007541098224775     0.041878301092882    -0.032298809705369
    -0.002896424354146    -0.029715783092100    -0.007783773027676
     0.011390423584739    -0.040042908762450     0.055003425838570
43 32
     0.001854313039662    -0.008902825427127    -0.010371576806769
    -0.028251955064777    -0.038224505391132    -0.019507721101106
     0.026742281908384     0.016340413171441     0.014026693407921
43 33
     0.036523066878777     0.003903748503730     0.005190006927959
    -0.006005811106053     0.006029545527731    -0.001668212410386
    -0.019078867354736     0.006561659149142    -0.010524639288140
43 34
     0.007934454757555    -0.005324164362939     0.010043539532591
     0.006779931249244    -0.004940581441550     0.006981673833502
     0.002502049736847     0.001868775060790    -0.010695306800285
43 35
     0.047098552962499     0.014800703911241    -0.012507659094893
    -0.004513575910154     0.059381267587975     0.009042898194215
     0.027387966773690     0.002258419500782     0.020976143561134
43 36
     0.011622630390397     0.004056252343853    -0.030395518968884
    -0.015867849663020     0.016137078198575    -0.026493180120643
     0.012381839511082    -0.019866990075784     0.008040701013854
43 37
    -0.015340685498659     0.020034091681636    -0.010512646774592
     0.015182370745354     0.015903639249601    -0.028495444335293
     0.007356344599633     0.016251333386430     0.023787670108220
43 38
    -0.022075659179697     0.020746876148218    -0.020100846700459
    -0.008592006833700    -0.037490257614495     0.015018004915340
     0.021152214752654    -0.017245495530504    -0.031186565419835
43 39
    -0.007452613627638     0.000805393611261     0.019620728482806
    -0.014214945067055    -0.039870413919115     0.002628856079500
     0.011903585171242     0.006463432266291    -0.038564937191720
43 40
    -0.038354851535346    -0.003228084965025     0.010296008830667
     0.023363134084403    -0.046300301605715     0.014086635091880
    -0.005421268742345     0.010397331734647    -0.020423532504724
43 41
    -0.097688086417771    -0.023389917538694    -0.053254910053829
    -0.020116441666924     0.000117205022489    -0.032940933885329
    -0.061708399962425    -0.027084462725967    -0.025242706062050
43 42
    -0.118188899368968    -0.026254645528123     0.032205046731567
     0.125522470201035    -0.046013060805578    -0.087617450174113
     0.072223892152725     0.051448755022427    -0.131056777650757
43 43
     2.980474545802941     0.513639491040208     0.615723906578073
     0.513639491040208     3.591496953731341    -0.519880244727757
     0.615723906578073    -0.519880244727757     4.066185596116410
43 44
    -0.053075951679030    -0.030993035384038    -0.048791366471641
    -0.030984645323405     0.043313570544188     0.001154774113731
    -0.048789664443162     0.001150795752684     0.034110258776274
43 45
     0.004318683207384     0.032626873084278    -0.052094852342487
     0.036490159254528    -0.103893885870140    -0.013020168063114
    -0.053702788928354     0.050394598984931     0.084483561521430
43 46
    -0.043398484014087    -0.150756822749076     0.113660208819405
    -0.155949711639368    -0.222061927558818    -0.079137860755186
     0.132326041894924    -0.037882481201937     0.252741267608042
43 47
     0.004309181085199     0.036491861283008    -0.053701838716136
     0.032626236128835    -0.103904500053877     0.050387435846669
    -0.052096387300686    -0.013019327490767     0.084475792753401
43 48
    -0.043406524271320    -0.155952698020626     0.132324533041456
    -0.150702237755975    -0.222006857017715    -0.037847177163357
     0.113655682259001    -0.079141348347285     0.252734730983330
43 49
    -0.015340899557455     0.015211018077458     0.007360129785668
     0.020049122785906     0.015880839377303     0.016261122660659
    -0.010512176889429    -0.028479311611363     0.023790076964444
43 50
    -0.022073174009280    -0.008581074172241     0.021152073787105
     0.020744411861585    -0.037487908188680    -0.017252277539690
    -0.020100596095038     0.015030493418783    -0.031182367779046
43 51
    -0.097676135671792    -0.020114875383047    -0.061706254153514
    -0.023374515747240     0.000113263208066    -0.027076861028219
    -0.053255604439681    -0.032941027862362    -0.025230718769447
43 52
    -0.118177303647335     0.125519583017756     0.072224931121030
    -0.026253784071991    -0.046000655837275     0.051445523256695
     0.032206023048517    -0.087620112856704    -0.131050303677400
43 53
    -0.007460831397044    -0.014216793282029     0.011900875500136
     0.000808599272262    -0.039878840526372     0.006467113033402
     0.019613784624286     0.002626736375320    -0.038565516716755
43 54
    -0.038360093365387     0.023362079453260    -0.005422281605918
    -0.003231880592953    -0.046310952336076     0.010396590360279
     0.010290944512799     0.014089428298127    -0.020425798395399
44 1
     0.018146192294712     0.120996614625288     0.071541310860232
     0.015045707256171    -0.055201769586815    -0.022772175177747
     0.115951530723489    -0.069164584717301     0.028830091327430
44 2
     0.099239193003647     0.041547371414479    -0.042993944214428
     0.085805776602520    -0.030341664908259    -0.090924898743168
     0.057674916165192     0.012616902174342    -0.109428971240854
44 3
    -0.016315926933503    -0.081166067851780     0.073096813482855
    -0.305383948620169     0.218647773290194     0.292463584165674
     0.294396587307299    -0.055256991535360    -0.415646161999611
44 4
     0.049720814986878     0.064347990307426    -0.009560920481682
     0.174988278509957     0.085454098883697     0.082702921254378
    -0.103618580153143    -0.017185919312783    -0.072716968758984
44 5
     0.046647572845898     0.075056949882169    -0.032299608510146
     0.083023623099067    -0.104350535934374     0.133135074505725
     0.004161172479802     0.101433843866864    -0.019703349957299
44 6
     0.013368561806742     0.005157485653734    -0.000965332078851
    -0.033533062283947    -0.003123801784518     0.000989400641089
     0.010564281933058     0.011512802564967    -0.004761529089719
44 7
    -0.000719117474389     0.005880221243878     0.010703059905475
    -0.024218210220231     0.003892841947003     0.002474154221004
     0.003026065670616     0.000002756659623    -0.002854359190166
44 8
    -0.052946420002432     0.162757695032842    -0.034209002532804
     0.190797945947906    -0.095872366612829    -0.019268915019381
    -0.050322967602306     0.152257850018469    -0.234512855851698
44 9
    -1.818835796190817    -0.577406943449703    -0.803776590228768
    -0.887393563427876    -0.935967780302859    -0.546311681937983
    -1.037728632917488    -0.369355895052599    -1.148303272941803
44 10
     0.099512535644852     0.080953768514193     0.121395406163120
     0.091181873717862    -0.191519976710306    -0.059650083668776
    -0.060136268625978     0.066449055709014    -0.035098333297014
44 11
     0.020505120231858     0.031754458185935    -0.038518261932196
     0.009169641885512     0.029793413341972     0.019295322565541
     0.029800179688320     0.035337755450397    -0.051406277403692
44 12
     0.024489307854547     0.025744026542446    -0.004484949461835
     0.011385521116205     0.051629102168929     0.036496487041390
    -0.024523818309295    -0.002137679897678    -0.028705347258548
44 13
     0.005327839909103    -0.007513938862354     0.004604415154053
    -0.012911347880312     0.016377205179703     0.004677675471910
     0.001165022831230     0.001161785844552    -0.001749048321260
44 14
     0.004198423931335    -0.029550242549178     0.019136318647331
     0.023319815893322    -0.003304065395881     0.028404657300857
     0.004675754163688     0.003357564432161    -0.018361765165601
44 15
     0.025517479242529     0.003201030021529    -0.030200657591792
    -0.002270156187964     0.030335248365311    -0.014307742165799
    -0.013144865143480    -0.009579094595597     0.020118472615017
44 16
    -0.023960838453622    -0.002037563032283    -0.007306463679108
     0.013184434695150     0.006722673131660     0.027500326758054
     0.026473069035667     0.007066957990585     0.036719499760692
44 17
     0.079679982930569    -0.028976747707746    -0.010829281502147
     0.001339903647003     0.035408608912030     0.014816826193278
    -0.026148702086707     0.023215673678364     0.079977002563043
44 18
    -0.043925783923051    -0.030075553277618     0.012128362570379
     0.000817949987006    -0.021266229776981     0.011314657212679
     0.019690642174113    -0.006673570132128     0.080176719420153
44 19
    -0.191227379219311    -0.009969699689700     0.203618893143804
    -0.074058934679759     0.143099876947838     0.000140302488723
     0.035681231062652     0.059287979720282    -0.178196372471770
44 20
    -0.181821458190061     0.065970368030635    -0.047449238701533
     0.012452938357189     0.139033558619605     0.063288425369610
    -0.184953905861578    -0.004212311648375    -0.192459747036290
44 21
    -0.553802246623952    -0.136349558905755     0.124438278059732
     0.136463307661823    -2.297629950547658     1.060692735300532
    -0.129104587531643     1.068421349031019    -1.376829979771047
44 22
    -0.006936131519315    -0.000081817448769    -0.002400873019362
     0.000597881881391    -0.011023719982593    -0.001100518040244
    -0.000321620731229    -0.003557427475766     0.009325419258937
44 23
    -0.001530995500900    -0.052175437647941     0.041197416607921
     0.024696981433750     0.096586049082166    -0.000918124282809
    -0.001872763863729    -0.031393173926003    -0.087558620551707
44 24
     0.019295646264209    -0.005563570853484    -0.022393379864074
     0.033527434103884     0.005486363500258    -0.023394146505161
    -0.022773334227815     0.008826735356399    -0.013985364397363
44 25
    -0.026288357178095     0.134700742310708    -0.074897042740257
     0.011651225513038     0.136931574331476    -0.039419188418040
    -0.027465644012079     0.095808577091480    -0.056197252630292
44 26
    -0.030711506299104    -0.017237444831378     0.032755172617560
    -0.129909558246258     0.135645524745097     0.096991110976451
     0.066569993708076    -0.041240254471948    -0.068195587534179
44 27
     0.375642013542162    -0.125333085596564    -0.230181898199668
     0.112674170467704    -0.155369366916448    -0.213073656125274
     0.234570656947692    -0.227088685939260    -0.467537731578695
44 28
    -0.277297001561797    -0.022277741125461    -0.087357556690462
     0.034276368402338     0.120464584539017    -0.130725304993943
     0.077401316600209    -0.111382873830339    -0.071568658176718
44 29
    -0.017859202099996     0.001121239975932     0.007370921481578
     0.047475839422704     0.008763483592514     0.031348508730788
    -0.080947633902343    -0.013755449587111    -0.006652075496394
44 30
     0.000469712871766    -0.099575756083059     0.078220347323089
     0.051690166356333    -0.042629266339430    -0.021193517658481
    -0.011404123347713     0.023668037345723    -0.012065716436260
44 31
     0.001852804186194    -0.008904062791389    -0.010369545858675
    -0.028256967173182    -0.038228624717728    -0.019514617971110
     0.026743675901034     0.016333192602770     0.014028390215454
44 32
     0.007547405127852     0.041879658538909    -0.032306776869355
    -0.002902757361954    -0.029724089617592    -0.007778139626666
     0.011389337627917    -0.040055381603054     0.055013617125661
44 33
     0.007935880075883    -0.005319726558622     0.010045006618489
     0.006782975060911    -0.004939866171913     0.006977580611637
     0.002505271060687     0.001868414815498    -0.010691526835196
44 34
     0.036522983343636     0.003903576212504     0.005192356353774
    -0.006004594625576     0.006025201700446    -0.001670201590909
    -0.019081023605539     0.006564097331043    -0.010525777454424
44 35
     0.011618991390857     0.004056158366820    -0.030392699657906
    -0.015866523542671     0.016137819572944    -0.026488570025100
     0.012382596548289    -0.019872472069352     0.008046893056113
44 36
     0.047101163435627     0.014792700200631    -0.012503591977760
    -0.004508908384202     0.059387569270105     0.009046928764724
     0.027389005741995     0.002253370845753     0.020977960450431
44 37
    -0.022077773662931     0.020750149681520    -0.020101916994441
    -0.008593432152028    -0.037490215846925     0.015019153523516
     0.021150627584992    -0.017250512859856    -0.031182070185110
44 38
    -0.015341416431135     0.020034446705982    -0.010515591388280
     0.015182318535892     0.015904156123280    -0.028497130700933
     0.007357529754433     0.016254330209581     0.023786093382451
44 39
    -0.038353311356201    -0.003227025112935     0.010291962597319
     0.023368856241499    -0.046299763848251     0.014087705385863
    -0.005420830182859     0.010401518933544    -0.020425375498752
44 40
    -0.007451585101225     0.000807884002625     0.019617413181933
    -0.014217524214505    -0.039872716356414     0.002629237208577
     0.011901423699493     0.006462450728395    -0.038557575657500
44 41
    -0.118184059551790    -0.026278557461973     0.032205600151870
     0.125520345275909    -0.046013426271816    -0.087623934589363
     0.072222508601968     0.051428915426656    -0.131056224230454
44 42
    -0.097691359951073    -0.023374959527672    -0.053258100051991
    -0.020119589897516     0.000099171874123    -0.032938683657493
    -0.061704886265595    -0.027076276282239    -0.025235297539313
44 43
    -0.053075951679030    -0.030984645323405    -0.048789664443162
    -0.030993035384038     0.043313570544188     0.001150795752684
    -0.048791366471641     0.001154774113731     0.034110258776274
44 44
     2.980477177159854     0.513693856753566     0.615718398479774
     0.513693856753566     3.591544782819988    -0.519855565314807
     0.615718398479774    -0.519855565314807     4.066122537527536
44 45
    -0.043396776764661    -0.150704983973705     0.113653468577789
    -0.155952750230088    -0.221997375779315    -0.079141155172274
     0.132329691336357    -0.037852267585956     0.252738986054528
44 46
     0.004321257133888     0.032649876573479    -0.052094862784380
     0.036493469334454    -0.103904828973491    -0.013015615397980
    -0.053702110205341     0.050360292147087     0.084481984795660
44 47
    -0.043405965630071    -0.155952301228710     0.132326407361162
    -0.150707912924555    -0.222004465824330    -0.037850408929089
     0.113652883831808    -0.079136962752430     0.252735044240105
44 48
     0.004307171020890     0.036490550825497    -0.053703822675713
     0.032625708813263    -0.103903800447079     0.050395084532933
    -0.052097494141293    -0.013020094969867     0.084475098367549
44 49
    -0.022075862796601    -0.008578061686251     0.021151431610715
     0.020739676463332    -0.037488367631950    -0.017255216932432
    -0.020097651481350     0.015026551604360    -0.031181558532376
44 50
    -0.015340716824336     0.015208966245580     0.007355133340102
     0.020044846830922     0.015881022110422     0.016261096555928
    -0.010512824286764    -0.028484631755598     0.023785550404041
44 51
    -0.118178582779168     0.125523968612610     0.072223218650659
    -0.026248912929135    -0.046008440268142     0.051446948575022
     0.032205015405890    -0.087616191926066    -0.131049572744924
44 52
    -0.097680385522044    -0.020114917150617    -0.061702975399265
    -0.023374834224962     0.000114845154782    -0.027079669897305
    -0.053255207647765    -0.032937268781058    -0.025231616772203
44 53
    -0.038360636343798     0.023363771039846    -0.005420689217310
    -0.003230235994882    -0.046305908901994     0.010396073486599
     0.010293836917025     0.014089637135977    -0.020423302783089
44 54
    -0.007457980760388    -0.014218615392272     0.011901136547448
     0.000805398832207    -0.039882312455631     0.006465938320494
     0.019616301120381     0.002628328763928    -0.038564289794385
45 1
     0.013367162593145     0.005158832657867    -0.000964658576784
    -0.033528394757995    -0.003119797318740     0.000985704211140
     0.010567534582575     0.011509680439106    -0.004761737927569
45 2
     0.046652428325915     0.075083947395256    -0.032289083082495
     0.083029021557495    -0.104349763234329     0.133139413112063
     0.004171363766893     0.101436590084595    -0.019714804713383
45 3
     0.099243051282930     0.041550885111309    -0.042989292351315
     0.085802424755023    -0.030347914380927    -0.090927368250747
     0.057673934627296     0.012614312584999    -0.109428271634056
45 4
     0.018139744426087     0.120995043120465     0.071547226192339
     0.015050975190943    -0.055205298946484    -0.022773125389965
     0.115955321130470    -0.069166166664016     0.028824656322378
45 5
     0.049713980768230     0.064345150112663    -0.009561515669555
     0.174992528360209     0.085452402076164     0.082705881530905
    -0.103615739958380    -0.017186921734464    -0.072718247890817
45 6
    -0.016328441541677    -0.081174786832026     0.073095795398335
    -0.305379369850303     0.218644395337967     0.292463986178536
     0.294397354786399    -0.055250538445788    -0.415634070288083
45 7
     0.024484034698829     0.025747373168996    -0.004481033752144
     0.011391091865859     0.051630443952117     0.036495985830549
    -0.024515694516922    -0.002133362175125    -0.028705305490978
45 8
     0.020498672363233     0.031761793615424    -0.038514800444829
     0.009173348757354     0.029791982802698     0.019295954300038
     0.029803009441190     0.035339744630921    -0.051409342099144
45 9
    -0.052950299165500     0.162758425965318    -0.034209597720677
     0.190791388439409    -0.095881973153939    -0.019264900111710
    -0.050320315361609     0.152258304240793    -0.234510360239388
45 10
    -0.000722359682014     0.005880910408784     0.010698314065329
    -0.024221697812330     0.003890518625919     0.002471893551275
     0.003025402610441     0.000001785563619    -0.002857987747814
45 11
     0.099502224275997     0.080951570495820     0.121401472902668
     0.091181983357733    -0.191515058578933    -0.059651817022933
    -0.060135835287439     0.066448956511035    -0.035099617649793
45 12
    -1.818853312465504    -0.577405194432707    -0.803773290590734
    -0.887397489579460    -0.935950728692389    -0.546324802175923
    -1.037730047793924    -0.369368529742537    -1.148293770819619
45 13
    -0.043930790810510    -0.030066390516940     0.012128686269047
     0.000821453241943    -0.021268459121032     0.011310825038128
     0.019690402010585    -0.006678707543243     0.080175330648449
45 14
     0.079667353461577    -0.028971793029749    -0.010831740567833
     0.001340874743007     0.035407601269403     0.014810049405038
    -0.026143026918128     0.023211773631511     0.079971880814766
45 15
     0.004192132691097    -0.029550519259329     0.019137435929829
     0.023313764816612    -0.003302989880952     0.028405523977935
     0.004681183947793     0.003348495648515    -0.018360073579014
45 16
     0.005322848684483    -0.007515943705716     0.004604352502698
    -0.012909379583573     0.016372031221964     0.004680787155878
     0.001168003991542     0.001161545681024    -0.001752969251897
45 17
    -0.023975791243697    -0.002040168284464    -0.007304782534414
     0.013185907001994     0.006716496752240     0.027499251243126
     0.026473194338377     0.007064065586359     0.036724407450172
45 18
     0.025505679903991     0.003201682639811    -0.030198229851783
    -0.002266595502618     0.030333525453047    -0.014308170283392
    -0.013143591232594    -0.009582780583654     0.020122377882816
45 19
     0.019285642931183    -0.005554836210398    -0.022391615184239
     0.033530201205399     0.005473003098790    -0.023393311153760
    -0.022769319320145     0.008825931330676    -0.013997487434568
45 20
    -0.001540998833925    -0.052177740085239     0.041198972449906
     0.024703951397001     0.096580102424381    -0.000920103021440
    -0.001874189182057    -0.031392286365140    -0.087564191301361
45 21
    -0.181824548990244     0.066002450745375    -0.047452167652382
     0.012449774463758     0.139057778589284     0.063286796434378
    -0.184948658810592    -0.004180416887700    -0.192446360530091
45 22
    -0.191227170381461    -0.009969031408580     0.203629152303196
    -0.074061847967769     0.143108329659825     0.000138281982522
     0.035684515037847     0.059293138015182    -0.178181680729007
45 23
    -0.006941827571680    -0.000075369580144    -0.002398862955054
     0.000601625299856    -0.011015768481446    -0.001098288696193
    -0.000323171352267    -0.003541707206591     0.009325121665000
45 24
    -0.553803776361204    -0.136353547708694     0.124419200722114
     0.136462957858423    -2.297899299164977     1.060678732722675
    -0.129108330950109     1.068623425755837    -1.376835994301133
45 25
     0.000454989803325    -0.099573176935609     0.078213001451708
     0.051693586076131    -0.042637760818988    -0.021197370716817
    -0.011406211726215     0.023662477037961    -0.012075589245629
45 26
    -0.017871445218965     0.001127291052642     0.007367627064491
     0.047480412971624     0.008760596409235     0.031348686242960
    -0.080947597355719    -0.013757741582517    -0.006657881188630
45 27
    -0.030709245629376    -0.017235836779931     0.032754535662117
    -0.129901867792423     0.135651377425850     0.096993919845536
     0.066573397765034    -0.041239711493537    -0.068180629523157
45 28
    -0.026290455998489     0.134669771657520    -0.074900744391152
     0.011652201829988     0.136907145523946    -0.039417930169993
    -0.027457739499448     0.095746197225619    -0.056186951703330
45 29
    -0.277309573600380    -0.022309082465833    -0.087350727692760
     0.034275809761089     0.120557329428299    -0.130722715404601
     0.077403316222625    -0.111369236718720    -0.071582441474832
45 30
     0.375643637256447    -0.125327514846909    -0.230177601360900
     0.112678284573354    -0.155377663000048    -0.213078830083013
     0.234575000774977    -0.227087485121622    -0.467542701919531
45 31
     0.047091274963419     0.014795190591995    -0.012506291206974
    -0.004513967481123     0.059374918917328     0.009043300207076
     0.027391778064457     0.002249037460361     0.020969862762789
45 32
     0.011610564783600     0.004058064012203    -0.030395800899982
    -0.015861976098482     0.016136550883004    -0.026493942378796
     0.012385817872129    -0.019868368405595     0.008034321017529
45 33
     0.007542476554587     0.041874468918331    -0.032304072419195
    -0.002898491848864    -0.029707904684200    -0.007774552836589
     0.011391540867237    -0.040055814941593     0.055024732520239
45 34
     0.001849765595474    -0.008905451563093    -0.010368532995102
    -0.028254205292613    -0.038218182825217    -0.019507882950440
     0.026743884738884     0.016334142814988     0.014048198485547
45 35
     0.036516535475011     0.003905231252467     0.005186702068979
    -0.006007210319650     0.006023541439537    -0.001665575832527
    -0.019078084212797     0.006561988068756    -0.010525286685476
45 36
     0.007928502878824    -0.005323631826421     0.010043795358958
     0.006783888726506    -0.004943510392399     0.006973414296526
     0.002509353840658     0.001867041706633    -0.010697447388250
45 37
    -0.097691443486213    -0.023382446364602    -0.053257812899947
    -0.020116519981118     0.000126597504803    -0.032940939106276
    -0.061703998704731    -0.027083590827943    -0.025231449701923
45 38
    -0.118176807657441    -0.026275393568542     0.032205777664043
     0.125525764618122    -0.046001747015043    -0.087624352265063
     0.072223740745284     0.051430941153803    -0.131049379569913
45 39
    -0.015352155917582     0.020054181882827    -0.010512323075924
     0.015182694444022     0.015892978077347    -0.028493037479069
     0.007360907706660     0.016260443937646     0.023787539584564
45 40
    -0.022087207912814     0.020744197802789    -0.020098090040836
    -0.008590508422124    -0.037475894791346     0.015018067566695
     0.021154945307545    -0.017256945065642    -0.031180838041793
45 41
    -0.007470009820561     0.000796241292475     0.019620817238892
    -0.014215488045465    -0.039889924595272     0.002628631578811
     0.011898813226365     0.006471900641118    -0.038563005441606
45 42
    -0.038366207093452    -0.003226894589279     0.010292797948720
     0.023365170253443    -0.046308482828498     0.014090973698219
    -0.005414471070320     0.010396579918386    -0.020428915300314
45 43
     0.004318683207384     0.036490159254528    -0.053702788928354
     0.032626873084278    -0.103893885870140     0.050394598984931
    -0.052094852342487    -0.013020168063114     0.084483561521430
45 44
    -0.043396776764661    -0.155952750230088     0.132329691336357
    -0.150704983973705    -0.221997375779315    -0.037852267585956
     0.113653468577789    -0.079141155172274     0.252738986054528
45 45
     2.981126438373345     0.513496625066873     0.615622270417318
     0.513496625066873     3.591595420777720    -0.519785672507285
     0.615622270417318    -0.519785672507285     4.066030956909269
45 46
    -0.053088565485183    -0.031017130051007    -0.048790118665486
    -0.030990675516330     0.043372734307155     0.001155463278637
    -0.048787670041692     0.001156063687456     0.034108092083578
45 47
     0.004306659368157     0.032621542498151    -0.052095008970875
     0.036496695879240    -0.103904808089706    -0.013015495316216
    -0.053697228620592     0.050390187285346     0.084475307205400
45 48
    -0.043408100997090    -0.150704487983811     0.113659843353167
    -0.155952207251678    -0.222007493973158    -0.079140084878291
     0.132324668786059    -0.037848905296568     0.252735049461051
45 49
    -0.007453918864201    -0.014227877350929     0.011898766237848
     0.000802485544197    -0.039892655150164     0.006460398896517
     0.019619517223274     0.002624971695486    -0.038557779274404
45 50
    -0.038349562716790     0.023380812208424    -0.005420109692276
    -0.003232073767964    -0.046315619862029     0.010397472700196
     0.010294442546791     0.014085214994499    -0.020417100298937
45 51
    -0.015351148274955     0.015185900105023     0.007359049049793
     0.020050678627890     0.015895786946433     0.016267471331306
    -0.010513628312488    -0.028498931927392     0.023790985409093
45 52
    -0.022085135197151    -0.008591108830944     0.021153175406765
     0.020746844822540    -0.037470183076142    -0.017255117734453
    -0.020098465948966     0.015020291689799    -0.031180937239772
45 53
    -0.097699426313038    -0.020114269753281    -0.061708436509048
    -0.023372589218072     0.000106867548903    -0.027082510092068
    -0.053252722477348    -0.032940610186662    -0.025235240108904
45 54
    -0.118194047221976     0.125524422834935     0.072226027519744
    -0.026254259178100    -0.046015243161113     0.051444708789079
     0.032204639497759    -0.087618588340397    -0.131052193659945
46 1
     0.046650903809609     0.075073077385152    -0.032301080816990
     0.083034409574030    -0.104346813399694     0.133161419400530
     0.004139907565704     0.101421438898561    -0.019704101773559
46 2
     0.013365742495764     0.005163870871004    -0.000960883832641
    -0.033529376295891    -0.003103560175886     0.001003685150044
     0.010564083537100     0.011507832224132    -0.004763497386457
46 3
     0.018136272496827     0.120993001730479     0.071547936241030
     0.015042261431642    -0.055158357418701    -0.022732501207151
     0.115952011050544    -0.069171199656207     0.028833171685720
46 4
     0.099233047949904     0.041549031675389    -0.042990195575017
     0.085845440131222    -0.030323266293655    -0.090969616147846
     0.057674503710438     0.012615857985091    -0.109425760358907
46 5
    -0.016326483686831    -0.081156268135658     0.073091331489287
    -0.305384747424946     0.218663561431670     0.292449247447257
     0.294403985388143    -0.055248664126082    -0.415642648302781
46 6
     0.049710566269379     0.064351013235308    -0.009562841789904
     0.174930179820026     0.085451524957193     0.082675302448687
    -0.103618867305187    -0.017187250654078    -0.072715177974419
46 7
     0.020496798043527     0.031763072747257    -0.038519948297837
     0.009177739573155     0.029774325562462     0.019292665103897
     0.029802085333703     0.035340104876212    -0.051404951283343
46 8
     0.024483925058957     0.025744971533718    -0.004481863882598
     0.011364418051440     0.051598815459702     0.036476297642220
    -0.024519547575258    -0.002133325628501    -0.028703817521295
46 9
    -0.000724834410539     0.005883938557612     0.010701545831061
    -0.024238269095745     0.003853120987891     0.002474916479157
     0.003026070891562     0.000003628557648    -0.002858019073491
46 10
    -0.052956313695586     0.162753633136656    -0.034210819422101
     0.190822317325027    -0.095904428443784    -0.019260754680384
    -0.050320947096106     0.152267587083236    -0.234513059468602
46 11
    -1.818857374361691    -0.577402255039965    -0.803760661121742
    -0.887305846309838    -0.935964950549989    -0.546254590890679
    -1.037750879369483    -0.369348763240014    -1.148303523547224
46 12
     0.099505419495106     0.080950385341020     0.121406056893481
     0.091118293034363    -0.191438399425064    -0.059619186108836
    -0.060137422455100     0.066447170947416    -0.035089248850530
46 13
     0.079675962801953    -0.028967605830852    -0.010834283168660
     0.001335716448107     0.035421990197283     0.014805470635172
    -0.026151166373340     0.023214023859347     0.079965532144120
46 14
    -0.043933338632282    -0.030072091790251     0.012132711618610
     0.000827065759168    -0.021245027514237     0.011322039630684
     0.019687024058358    -0.006680070210216     0.080171952696222
46 15
     0.005323997292659    -0.007515693100296     0.004602238019464
    -0.012916996944160     0.016369535609654     0.004677539727307
     0.001166594336053     0.001163420000730    -0.001754316256031
46 16
     0.004196779333265    -0.029550775085696     0.019138098990004
     0.023321423944768    -0.003311969908512     0.028405711932000
     0.004680928121427     0.003356337509791    -0.018359749880346
46 17
     0.025509877544781     0.003200262542430    -0.030195838658398
    -0.002253099356548     0.030337341964760    -0.014309146600342
    -0.013144494456296    -0.009580253645666     0.020120989111112
46 18
    -0.023968789954769    -0.002038356616114    -0.007302360015351
     0.013198223214211     0.006726327794039     0.027522019789746
     0.026475016448620     0.007069949592789     0.036727754076722
46 19
    -0.001540565495386    -0.052181807202372     0.041194513761803
     0.024686382912852     0.096616549850191    -0.000907953879504
    -0.001873599215130    -0.031368457966430    -0.087565867225109
46 20
     0.019281800314739    -0.005564494960971    -0.022390189865912
     0.033555616771771     0.005434931958695    -0.023382190538236
    -0.022777563194282     0.008824130104218    -0.014001867808476
46 21
    -0.191226491658447    -0.009963659054883     0.203625121732687
    -0.074101997044474     0.143140093896844     0.000179543120779
     0.035684525479739     0.059290705054227    -0.178175488686748
46 22
    -0.181826271902509     0.066003578469766    -0.047445302108056
     0.012476745872114     0.139069316880508     0.063268053237321
    -0.184955790623177    -0.004177487936851    -0.192455011638037
46 23
    -0.553815309431483    -0.136380586989351     0.124430159488305
     0.136445352827650    -2.297687835178792     1.060514346008876
    -0.129107406842621     1.068546813590484    -1.376831556496816
46 24
    -0.006943101482566    -0.000075755930167    -0.002400956554502
     0.000603645806057    -0.011028554578826    -0.001115444725588
    -0.000323270550246    -0.003537833264469     0.009324510814288
46 25
    -0.017866328691634     0.001122425130732     0.007367862007073
     0.047488782148471     0.008762517717457     0.031351923229639
    -0.080944830254204    -0.013756566869609    -0.006662694901078
46 26
     0.000459406723857    -0.099572858457888     0.078220180252809
     0.051707719177644    -0.042607975320600    -0.021218385025495
    -0.011405877585655     0.023667515251097    -0.012074043845537
46 27
    -0.026291693362752     0.134704804206894    -0.074903151247376
     0.011689087815283     0.136897794809203    -0.039402225563656
    -0.027459237911024     0.095805460186565    -0.056186805516835
46 28
    -0.030715166182429    -0.017207612344474     0.032752864959315
    -0.129931193847540     0.135729587200757     0.097051172742174
     0.066573481300174    -0.041268995781084    -0.068184331174052
46 29
     0.375648649364853    -0.125327901196932    -0.230183114680145
     0.112700687653736    -0.155341883855360    -0.213115073891919
     0.234579730952284    -0.227086216431682    -0.467541339252558
46 30
    -0.277287786591656    -0.022308962384069    -0.087346869413477
     0.034313228282902     0.120630542757640    -0.130720115373366
     0.077408625924966    -0.111367733086198    -0.071561703876306
46 31
     0.011609980037620     0.004062219885423    -0.030394328593138
    -0.015881246611111     0.016140983466375    -0.026491927093542
     0.012383933110530    -0.019869788502977     0.008030854309216
46 32
     0.047088043197687     0.014793733947990    -0.012502250194572
    -0.004524487687828     0.059372324107039     0.009049246864861
     0.027389439080534     0.002258717094718     0.020968202501880
46 33
     0.001851880078707    -0.008902715787255    -0.010363207629921
    -0.028271966951774    -0.038222453559254    -0.019495571959170
     0.026744062251057     0.016338836445672     0.014048302904473
46 34
     0.007541844820090     0.041882712792468    -0.032302725415061
    -0.002923792554418    -0.029724183594625    -0.007762925789278
     0.011390402700954    -0.040047179496487     0.055024278297915
46 35
     0.007927354270647    -0.005316839375343     0.010044275686013
     0.006759533012224    -0.004945619654687     0.006997456754032
     0.002505036118105     0.001873322504978    -0.010686989832900
46 36
     0.036515903740514     0.003905460974102     0.005186493231129
    -0.006018936564940     0.006013303163930    -0.001641716108140
    -0.019080344882526     0.006565663614920    -0.010527610006560
46 37
    -0.118173878706591    -0.026278426938317     0.032205621035655
     0.125535569555190    -0.046027392303049    -0.087624289613708
     0.072223229092551     0.051431771284258    -0.131052825394442
46 38
    -0.097687741835318    -0.023383119866669    -0.053257055862740
    -0.020076945208501     0.000145956773518    -0.032897939392916
    -0.061709652989526    -0.027081074331848    -0.025232613972938
46 39
    -0.022087562937160     0.020746735182669    -0.020101379236977
    -0.008562252660990    -0.037490085323268     0.015033145659480
     0.021152449695235    -0.017252799634315    -0.031182550512165
46 40
    -0.015355189287356     0.020054552570011    -0.010510678477853
     0.015219987663125     0.015882828557827    -0.028479603984354
     0.007357331358475     0.016260172448441     0.023790014313089
46 41
    -0.038368462542234    -0.003237153748671     0.010294406000167
     0.023389823561661    -0.046357700688848     0.014094111486918
    -0.005422631409317     0.010430709244058    -0.020427014875877
46 42
    -0.007466000133837     0.000801681518473     0.019617162576513
    -0.014215790860348    -0.039903363310933     0.002624084134622
     0.011902347806980     0.006461208143187    -0.038567766944591
46 43
    -0.043398484014087    -0.155949711639368     0.132326041894924
    -0.150756822749076    -0.222061927558818    -0.037882481201937
     0.113660208819405    -0.079137860755186     0.252741267608042
46 44
     0.004321257133888     0.036493469334454    -0.053702110205341
     0.032649876573479    -0.103904828973491     0.050360292147087
    -0.052094862784380    -0.013015615397980     0.084481984795660
46 45
    -0.053088565485183    -0.030990675516330    -0.048787670041692
    -0.031017130051007     0.043372734307155     0.001156063687456
    -0.048790118665486     0.001155463278637     0.034108092083578
46 46
     2.981158745588774     0.513486110081115     0.615625136716813
     0.513486110081115     3.590800489942754    -0.519894983459036
     0.615625136716813    -0.519894983459036     4.066052091299711
46 47
    -0.043413248850097    -0.150704310471638     0.113659874678844
    -0.155944971020168    -0.221976758262552    -0.079139870819495
     0.132322491651470    -0.037854737093535     0.252735655090817
46 48
     0.004302701890896     0.032625348567971    -0.052098350376479
     0.036503321260038    -0.103923854101646    -0.013010357905100
    -0.053700632677551     0.050387138252732     0.084478977530617
46 49
    -0.038355843515135     0.023386043596572    -0.005421733406562
    -0.003239127266355    -0.046330995548751     0.010419338023114
     0.010290892303337     0.014092002224631    -0.020422263814784
46 50
    -0.007453783119599    -0.014221424261358     0.011898301573632
     0.000795432045806    -0.039888274776255     0.006464831479888
     0.019619710398286     0.002621223056074    -0.038559105394753
46 51
    -0.022087234017546    -0.008590106409263     0.021156114799506
     0.020749136817946    -0.037483538256664    -0.017248476690816
    -0.020097468748231     0.015017409727466    -0.031179214327508
46 52
    -0.015352281220292     0.015187884064600     0.007359106480202
     0.020032201699092     0.015902835223878     0.016252716937188
    -0.010511774876567    -0.028492327430378     0.023793454916671
46 53
    -0.118187296538468     0.125520961347567     0.072222435508720
    -0.026275236940155    -0.046010753147333     0.051425213775761
     0.032204874440341    -0.087620577520920    -0.131054715376986
46 54
    -0.097695134695216    -0.020116211945288    -0.061704640881121
    -0.023392674198317     0.000123924380320    -0.027083596048889
    -0.053258794437843    -0.032940756373157    -0.025232922008767
47 1
     0.049700886635021     0.064353675917898    -0.009560899597897
     0.174992173335864     0.085445625287925     0.082704591957180
    -0.103621770151305    -0.017183460247097    -0.072723333092470
47 2
    -0.016328018645030    -0.081152263669880     0.073096860471371
    -0.305382011649108     0.218636271545593     0.292465756079317
     0.294399323083137    -0.055256652173853    -0.415647587317939
47 3
     0.013358699439265     0.005156989663839    -0.000962074208388
    -0.033528196362037    -0.003135674216303     0.000988074520740
     0.010563895583035     0.011509132239749    -0.004765450020357
47 4
     0.046640430591420     0.075066008223923    -0.032300501291956
     0.083023414261216    -0.104370694007867     0.133134468875959
     0.004156739896432     0.101430074343668    -0.019705098974294
47 5
     0.099220538562676     0.041545982642775    -0.042991135345343
     0.085805087437614    -0.030348426033660    -0.090926454585152
     0.057669559474334     0.012622911483482    -0.109431263236260
47 6
     0.018128180030131     0.120999976914677     0.071537630093122
     0.015044903230448    -0.055224908820620    -0.022769763100577
     0.115949854799741    -0.069163441330071     0.028824504914936
47 7
     0.099493797668741     0.080955073750757     0.121394497718471
     0.091189151716942    -0.191526743056653    -0.059656338362390
    -0.060133548512979     0.066447348459589    -0.035100254605236
47 8
    -1.818866004585851    -0.577404844629308    -0.803768200168135
    -0.887392446145377    -0.935964579862804    -0.546318432621491
    -1.037741805364891    -0.369362301153654    -1.148307439256915
47 9
     0.024476829792996     0.025740533729401    -0.004489554336433
     0.011386429560853     0.051619077952119     0.036499630051036
    -0.024520069669884    -0.002140410452569    -0.028710662181836
47 10
     0.020491222072926     0.031756708413771    -0.038521780849973
     0.009170466795021     0.029782574657546     0.019290138165909
     0.029798441113216     0.035335881130692    -0.051416181538739
47 11
    -0.052962923413545     0.162752275690629    -0.034213017440474
     0.190796682478912    -0.095887554345486    -0.019272882938535
    -0.050327039940386     0.152261593436934    -0.234519674407508
47 12
    -0.000737918101855     0.005881051374333     0.010698486356555
    -0.024218857617567     0.003875351777047     0.002474853827802
     0.003023883315081     0.000000814467616    -0.002858034736330
47 13
    -0.023977159131616    -0.002036069841654    -0.007303294564731
     0.013188595789316     0.006716178274519     0.027499266905964
     0.026476013649355     0.007066200953378     0.036717641103825
47 14
     0.025499790676615     0.003204846533242    -0.030196679230745
    -0.002264157320717     0.030329714162280    -0.014306974686700
    -0.013145898890839    -0.009581407474789     0.020109774518555
47 15
    -0.043935437452677    -0.030078487449414     0.012126190656737
     0.000816858809238    -0.021277204206010     0.011315184528251
     0.019686648150227    -0.006678342077005     0.080165875514781
47 16
     0.079669520154273    -0.028971417121619    -0.010833442596313
     0.001344727801344     0.035397597936378     0.014814450662731
    -0.026147652676510     0.023211000931465     0.079965391178571
47 17
     0.004185872776537    -0.029551448587763     0.019137900594046
     0.023314882099110    -0.003319153930559     0.028404688626534
     0.004676396340077     0.003355914613144    -0.018362198504140
47 18
     0.005309540492478    -0.007518674260608     0.004601460098472
    -0.012911718567496     0.016360404174653     0.004679126894969
     0.001165842519792     0.001161817170229    -0.001753230299210
47 19
    -0.006955699625881    -0.000078611787769    -0.002402569826895
     0.000600617657229    -0.011041706142443    -0.001103426107308
    -0.000320028342621    -0.003556774857484     0.009309343965416
47 20
    -0.553826842501761    -0.136394166670561     0.124439123853025
     0.136474250765174    -2.297905110078160     1.060696186346007
    -0.129116063171513     1.068567561630903    -1.376854768823867
47 21
     0.019277143230680    -0.005560093703278    -0.022393609585709
     0.033532091187944     0.005470455277018    -0.023388304266301
    -0.022777014994926     0.008826343785430    -0.013991906243021
47 22
    -0.001546360745730    -0.052185347003933     0.041192592453581
     0.024700328060300     0.096581971523141    -0.000920395394430
    -0.001878355497169    -0.031371919453797    -0.087556265904946
47 23
    -0.181832129804207     0.065973270876753    -0.047446414169608
     0.012450380093524     0.139026494679321     0.063287657890510
    -0.184960593893732    -0.004201692243691    -0.192458384369318
47 24
    -0.191236928330012    -0.009950084594619     0.203626797656435
    -0.074059305366943     0.143100258076915     0.000136172720235
     0.035679414173355     0.059336346566393    -0.178187935422621
47 25
    -0.277305135796063    -0.022308847523251    -0.087354293599053
     0.034268228947126     0.120534801045207    -0.130725101377040
     0.077403645142239    -0.111366641908431    -0.071589364449567
47 26
     0.375633085724065    -0.125329383945669    -0.230183354843673
     0.112672322252730    -0.155384575532891    -0.213081618068314
     0.234572311987655    -0.227088555415604    -0.467558218571802
47 27
     0.000452332341681    -0.099572889783565     0.078222096340085
     0.051690014948892    -0.042634769216783    -0.021195021291002
    -0.011406279598516     0.023667238540946    -0.012064771444987
47 28
    -0.017873481388004     0.001138698820210     0.007369950385575
     0.047475406084165     0.008762308879607     0.031350179433589
    -0.080951466076895    -0.013752609392348    -0.006647423633280
47 29
    -0.030719838929328    -0.017232004605380     0.032751434420041
    -0.129907459425863     0.135635495307340     0.096994729092206
     0.066568923414093    -0.041238432361704    -0.068189150107446
47 30
    -0.026300161737578     0.134695939040153    -0.074898556814671
     0.011656321156583     0.136924505170246    -0.039423114569624
    -0.027465137580292     0.095807209203561    -0.056189379443339
47 31
     0.036505305219615     0.003899420339284     0.005192011771321
    -0.006009632838712     0.006008489451482    -0.001671376303817
    -0.019084934094284     0.006564823042573    -0.010548415477388
47 32
     0.007915998712542    -0.005321282400606     0.010040808977700
     0.006777837649796    -0.004959523034565     0.006980211968550
     0.002503203565970     0.001867323637731    -0.010702861509517
47 33
     0.047082106981794     0.014795263685242    -0.012502474695261
    -0.004507326437486     0.059376641829592     0.009047382987048
     0.027387115759451     0.002255532317503     0.020977276506472
47 34
     0.011603782774415     0.004055061968106    -0.030398458361626
    -0.015862994183002     0.016131392588103    -0.026490094541406
     0.012384590949759    -0.019869396932007     0.008044470537050
47 35
     0.007533125839843     0.041888048599541    -0.032304547525304
    -0.002899024385382    -0.029726543462332    -0.007774568499427
     0.011388591032603    -0.040050369494649     0.055023228887717
47 36
     0.001846711341914    -0.008904527455606    -0.010368350261983
    -0.028255390447413    -0.038235626006657    -0.019512821965598
     0.026747262691112     0.016339567378148     0.014036889915958
47 37
    -0.007459886405771     0.000796236071529     0.019617543705590
    -0.014215618569122    -0.039889882827702     0.002629148452490
     0.011900630115662     0.006469509447733    -0.038567516339170
47 38
    -0.038367987436125    -0.003233211934248     0.010290474627636
     0.023364622054086    -0.046335579539563     0.014086217416180
    -0.005419180363843     0.010431017279887    -0.020426226512992
47 39
    -0.097699802221168    -0.023370563490925    -0.053258324552680
    -0.020114280195174     0.000098931710595    -0.032939686079174
    -0.061707141714377    -0.027078067066804    -0.025237448569170
47 40
    -0.118187771644577    -0.026255512205202     0.032207735518889
     0.125520930021890    -0.046015164846919    -0.087617267440994
     0.072225134737934     0.051449438966386    -0.131056563591960
47 41
    -0.015373869833059     0.020038169240662    -0.010512265645515
     0.015183796063682     0.015882713697009    -0.028496807002266
     0.007355509248232     0.016253061519641     0.023778815383371
47 42
    -0.022103570358379     0.020743075299344    -0.020098716554386
    -0.008587871844265    -0.037493301426162     0.015018062345748
     0.021153326814206    -0.017254459895225    -0.031191347806605
47 43
     0.004309181085199     0.032626236128835    -0.052096387300686
     0.036491861283008    -0.103904500053877    -0.013019327490767
    -0.053701838716136     0.050387435846669     0.084475792753401
47 44
    -0.043405965630071    -0.150707912924555     0.113652883831808
    -0.155952301228710    -0.222004465824330    -0.079136962752430
     0.132326407361162    -0.037850408929089     0.252735044240105
47 45
     0.004306659368157     0.036496695879240    -0.053697228620592
     0.032621542498151    -0.103904808089706     0.050390187285346
    -0.052095008970875    -0.013015495316216     0.084475307205400
47 46
    -0.043413248850097    -0.155944971020168     0.132322491651470
    -0.150704310471638    -0.221976758262552    -0.037854737093535
     0.113659874678844    -0.079139870819495     0.252735655090817
47 47
     2.982073048138924     0.513588910512885     0.615744424896857
     0.513588910512885     3.592677326144563    -0.519868064260143
     0.615744424896857    -0.519868064260143     4.066612230960621
47 48
    -0.053103037948203    -0.030993040604984    -0.048791940775729
    -0.030990273503469     0.043294357461968     0.001151015032427
    -0.048789570466129     0.001155609465132     0.034098553414769
47 49
    -0.097690461948317    -0.020080735615483    -0.061706489096095
    -0.023377637873101     0.000127197913622    -0.027080400829781
    -0.053256497221490    -0.032899030570683    -0.025236832497512
47 50
    -0.118185672824182     0.125521734047613     0.072221600157319
    -0.026252071601619    -0.046038805291564     0.051445820850631
     0.032203731053111    -0.087624273950869    -0.131056814197381
47 51
    -0.007462992868793    -0.014215461940734     0.011901334943406
     0.000803968292933    -0.039879477481815     0.006464768828533
     0.019619282280693     0.002628595032187    -0.038562373707109
47 52
    -0.038369746895013     0.023370020512514    -0.005419671132791
    -0.003228685373844    -0.046313385297031     0.010393802374978
     0.010289331240406     0.014091824712458    -0.020424795973718
47 53
    -0.015372434072838     0.015184438240071     0.007356898019936
     0.020049838055543     0.015870977009827     0.016264291775036
    -0.010515612272065    -0.028492071604012     0.023780366004409
47 54
    -0.022104311732747    -0.008596366323823     0.021154183049392
     0.020744907851479    -0.037486623835901    -0.017256104493295
    -0.020097118944832     0.015014214508358    -0.031191514876886
48 1
    -0.016335129573830    -0.081165728490273     0.073090464812208
    -0.305374300311489     0.218638302493686     0.292468283017304
     0.294412599949465    -0.055242331118274    -0.415651847610083
48 2
     0.049702254522940     0.064347755364844    -0.009564402852835
     0.174991108262828     0.085441458972813     0.082705145377483
    -0.103623555714924    -0.017186357872268    -0.072722795335006
48 3
     0.046644022602444     0.075092139059931    -0.032294538971332
     0.083016689682439    -0.104375993268316     0.133137470920056
     0.004160770466941     0.101439529477337    -0.019717331651371
48 4
     0.013358213891263     0.005155694869168    -0.000966689524878
    -0.033529277097912    -0.003135209552087     0.000983177273152
     0.010563686745185     0.011506636627439    -0.004766295813650
48 5
     0.018124817740743     0.120999470482890     0.071538731712782
     0.015048432590116    -0.055218027613455    -0.022770452265482
     0.115951509839703    -0.069160512379222     0.028822087616820
48 6
     0.099222710476318     0.041546280236712    -0.042991432939279
     0.085802779779369    -0.030352237324427    -0.090919740448267
     0.057670394825735     0.012616604580405    -0.109428778065842
48 7
    -1.818855082366285    -0.577402610064311    -0.803749848542047
    -0.887405247905595    -0.935948749953758    -0.546331751255389
    -1.037741424235814    -0.369366300398486    -1.148294454763578
48 8
     0.099498569613618     0.080956660918419     0.121403644816311
     0.091187402699947    -0.191525265528863    -0.059653649575069
    -0.060134629248854     0.066449797083382    -0.035102885962149
48 9
     0.020492965868976     0.031756014027919    -0.038519692471470
     0.009169855944309     0.029783916440734     0.019292388393746
     0.029802873696587     0.035336183945575    -0.051416865482698
48 10
     0.024474203657030     0.025745342220902    -0.004490394908780
     0.011382675700495     0.051618508868977     0.036500005959166
    -0.024521265266576    -0.002134004351514    -0.028716749805170
48 11
    -0.000736753830840     0.005875282228720     0.010700491199917
    -0.024218116243199     0.003874725263496     0.002474838164964
     0.003022489322431     0.000003853058337    -0.002859929939821
48 12
    -0.052964609779186     0.162758692233577    -0.034211143120769
     0.190798676880382    -0.095898220738686    -0.019272423495265
    -0.050316744234370     0.152268787900874    -0.234512975933462
48 13
     0.025499200709688     0.003206987121207    -0.030197034255090
    -0.002262982607809     0.030328288843953    -0.014304928075768
    -0.013145653506365    -0.009579292991555     0.020113011505234
48 14
    -0.023979900128401    -0.002035177059844    -0.007306019898677
     0.013189086558264     0.006715160189999     0.027499068510007
     0.026471560182199     0.007063924620810     0.036714278814437
48 15
     0.079666345818950    -0.028975604320516    -0.010834335378122
     0.001337940571211     0.035396162176157     0.014812837390338
    -0.026145298029749     0.023213423450528     0.079957852132178
48 16
    -0.043941404994247    -0.030073616306557     0.012129845319116
     0.000819876516174    -0.021278895792596     0.011317335558108
     0.019690156626111    -0.006676906316785     0.080163317251116
48 17
     0.005308308349161    -0.007518303573424     0.004604838050700
    -0.012910418551878     0.016363797789719     0.004681502425515
     0.001166489917128     0.001164166596044    -0.001754044766826
48 18
     0.004182139799964    -0.029556147439393     0.019138433130564
     0.023313634292955    -0.003313306470753     0.028404840033975
     0.004677597157716     0.003350088037123    -0.018362349911581
48 19
    -0.553826706757158    -0.136298644237871     0.124417514356474
     0.136461610854290    -2.297677012157204     1.060686391850832
    -0.129128703082397     1.068432730693856    -1.376850158728324
48 20
    -0.006954316075123    -0.000080345141925    -0.002405874685875
     0.000603948620940    -0.011026445316539    -0.001102559430230
    -0.000322774560352    -0.003541801183624     0.009305433476671
48 21
    -0.001545974395707    -0.052188385594654     0.041191856300159
     0.024697482644591     0.096582488396820    -0.000917852793604
    -0.001875301243609    -0.031366870798768    -0.087559079994977
48 22
     0.019275373329899    -0.005556224982102    -0.022389699096964
     0.033532425328504     0.005473399890706    -0.023385166477601
    -0.022773908531904     0.008825304817125    -0.013989144362452
48 23
    -0.191229295306587    -0.009952689846800     0.203626985610500
    -0.074068948454677     0.143097689371357     0.000144573222760
     0.035687605838030     0.059336127286650    -0.178187392444211
48 24
    -0.181832035827175     0.065977421529026    -0.047447766394688
     0.012448015004870     0.139024683010971     0.063287777972274
    -0.184954725550140    -0.004211022074650    -0.192457491587508
48 25
     0.375627708149422    -0.125325724062344    -0.230181203813816
     0.112677945211847    -0.155398484133715    -0.213078438512044
     0.234569670188850    -0.227078353686621    -0.467559466377957
48 26
    -0.277306775173187    -0.022314585343186    -0.087342713540258
     0.034282048791864     0.120528306188065    -0.130717666749572
     0.077402172835395    -0.111371878517525    -0.071589625496880
48 27
    -0.017872985398110     0.001126836830318     0.007372821906015
     0.047475755887564     0.008756221256273     0.031347182610439
    -0.080946203363069    -0.013758441189315    -0.006651401994327
48 28
     0.000452593388994    -0.099575750862113     0.078212046018543
     0.051691701314533    -0.042681125998586    -0.021200096050763
    -0.011404859501135     0.023670825331023    -0.012070133356792
48 29
    -0.026298182998948     0.134699473620768    -0.074898640349811
     0.011654634790943     0.136927642958945    -0.039418535799758
    -0.027462798596370     0.095807731298186    -0.056194824890283
48 30
    -0.030722517274757    -0.017233628319665     0.032754029230330
    -0.129902269805285     0.135641394976609     0.096994337521237
     0.066570729861498    -0.041241136811865    -0.068190826031194
48 31
     0.007913920775932    -0.005324347096058     0.010039514183029
     0.006777962952506    -0.004958024622990     0.006982128055826
     0.002507865870976     0.001869777482471    -0.010715480536617
48 32
     0.036503436120856     0.003900829994773     0.005185887601363
    -0.006006594247992     0.006011350530030    -0.001667998351590
    -0.019081728433284     0.006564619425669    -0.010550107063975
48 33
     0.011608371986173     0.004059792145414    -0.030396281227038
    -0.015864095802662     0.016134869738309    -0.026493660447699
     0.012383290934141    -0.019865449896638     0.008039766464474
48 34
     0.047084717454922     0.014796313095440    -0.012510614150473
    -0.004513920492607     0.059374208868637     0.009043629126690
     0.027392665625320     0.002249653532019     0.020982554883136
48 35
     0.001843359494418    -0.008900596083076    -0.010370308116829
    -0.028254398467624    -0.038237150522963    -0.019506661249016
     0.026748578369568     0.016343890321647     0.014036190309160
48 36
     0.007534337099374     0.041870918674877    -0.032305367213866
    -0.002898121161679    -0.029719129718650    -0.007778755698324
     0.011389003487357    -0.040045226862587     0.055015078990612
48 37
    -0.038360834739755    -0.003236344502001     0.010293288717668
     0.023363447341179    -0.046333647789449     0.014089741554902
    -0.005420543030815     0.010428657412180    -0.020430972353138
48 38
    -0.007464141476970     0.000795666988387     0.019619626863146
    -0.014219189696360    -0.039885497232847     0.002629905489697
     0.011902817692143     0.006472605468862    -0.038567234408073
48 39
    -0.118196845649169    -0.026255235495050     0.032203167190915
     0.125521697500989    -0.046012992933277    -0.087623574344071
     0.072224132316253     0.051448817673782    -0.131058291725171
48 40
    -0.097698094971742    -0.023373831803281    -0.053254664669355
    -0.020116452108816     0.000103484375730    -0.032941549956988
    -0.061706911992742    -0.027082463103552    -0.025238649386809
48 41
    -0.022100228952775     0.020747142416477    -0.020099713755121
    -0.008592032938431    -0.037507784331074     0.015017488041660
     0.021151045260692    -0.017249171076668    -0.031195691633890
48 42
    -0.015372240897827     0.020052124830003    -0.010514432338211
     0.015181681580448     0.015871754930819    -0.028497407411085
     0.007357816906477     0.016260449158592     0.023778919802296
48 43
    -0.043406524271320    -0.150702237755975     0.113655682259001
    -0.155952698020626    -0.222006857017715    -0.079141348347285
     0.132324533041456    -0.037847177163357     0.252734730983330
48 44
     0.004307171020890     0.032625708813263    -0.052097494141293
     0.036490550825497    -0.103903800447079    -0.013020094969867
    -0.053703822675713     0.050395084532933     0.084475098367549
48 45
    -0.043408100997090    -0.155952207251678     0.132324668786059
    -0.150704487983811    -0.222007493973158    -0.037848905296568
     0.113659843353167    -0.079140084878291     0.252735049461051
48 46
     0.004302701890896     0.036503321260038    -0.053700632677551
     0.032625348567971    -0.103923854101646     0.050387138252732
    -0.052098350376479    -0.013010357905100     0.084478977530617
48 47
    -0.053103037948203    -0.030990273503469    -0.048789570466129
    -0.030993040604984     0.043294357461968     0.001155609465132
    -0.048791940775729     0.001151015032427     0.034098553414769
48 48
     2.982052712553259     0.513584149009900     0.615747489592309
     0.513584149009900     3.592637678278699    -0.519832013626249
     0.615747489592309    -0.519832013626249     4.066670303545821
48 49
    -0.118186826653305     0.125526318038425     0.072224221072340
    -0.026255966427526    -0.046039671968642     0.051440552915860
     0.032207516239146    -0.087629494897125    -0.131052329404547
48 50
    -0.097690942275373    -0.020080766941160    -0.061708118031327
    -0.023377658756886     0.000127866194743    -0.027076114432905
    -0.053254988368023    -0.032899829375460    -0.025237923675280
48 51
    -0.038368608728730     0.023363917226342    -0.005421461917356
    -0.003226064458824    -0.046312398538189     0.010394167841216
     0.010292949356161     0.014088023863584    -0.020424373077071
48 52
    -0.007468229477888    -0.014216151105640     0.011898259806062
     0.000803963071987    -0.039884165891552     0.006463766406852
     0.019622174684918     0.002631221168154    -0.038561846391537
48 53
    -0.022105590864580    -0.008595551856207     0.021149922757247
     0.020744521501457    -0.037487970840035    -0.017252721320122
    -0.020102731462057     0.015021059168899    -0.031192026529619
48 54
    -0.015369546889559     0.015181817325051     0.007356422913827
     0.020049331623756     0.015875889920253     0.016264432740585
    -0.010513581323971    -0.028497120259041     0.023776471178502
49 1
     0.004200809903774    -0.029544687462362     0.019136177681782
     0.023321434386661    -0.003302608751876     0.028404542440039
     0.004678369857762     0.003353220604876    -0.018351751390683
49 2
     0.005330612231565    -0.007515656553672     0.004604028804030
    -0.012916730675901     0.016377199958757     0.004675764605580
     0.001166923255667     0.001160809527602    -0.001749100530722
49 3
    -0.023957183791243    -0.002036179481525    -0.007301712618016
     0.013196928419540     0.006734477691144     0.027529861651021
     0.026475622078386     0.007069599789390     0.036728417136897
49 4
     0.025519254364255     0.003198064524056    -0.030192763521053
    -0.002255553201288     0.030350556179732    -0.014317212962307
    -0.013145502098923    -0.009584874183102     0.020122513627419
49 5
    -0.043922844530309    -0.030075866534393     0.012127647300742
     0.000824319541437    -0.021252274187640     0.011328659790536
     0.019691023303189    -0.006677402306679     0.080177105770176
49 6
     0.079681528330661    -0.028971881785836    -0.010834387587585
     0.001331226434327     0.035422778560168     0.014801121586941
    -0.026147313315003     0.023213888114744     0.079977456785367
49 7
     0.099260061125830     0.041551762230280    -0.042988148964085
     0.085844286302100    -0.030317627671699    -0.090986521571821
     0.057675631434829     0.012612349509207    -0.109410922429649
49 8
     0.018148625255667     0.121002806667547     0.071550468399964
     0.015056258788553    -0.055137802553293    -0.022742723819920
     0.115956438412969    -0.069175198901038     0.028845383479012
49 9
     0.049739584288667     0.064350303186617    -0.009560899597897
     0.174914621400185     0.085457837081216     0.082662970573631
    -0.103617562068623    -0.017190289244799    -0.072698998261973
49 10
    -0.016299559266992    -0.081167148587654     0.073095748409819
    -0.305373203912775     0.218681098590143     0.292444673898337
     0.294398498173629    -0.055259716869305    -0.415629146935764
49 11
     0.013384313401595     0.005154708110326    -0.000962904338842
    -0.033534503265114    -0.003087302149246     0.000997440898322
     0.010566558265626     0.011509941486419    -0.004742624043328
49 12
     0.046667052196377     0.075076685059015    -0.032298094435732
     0.083035041308527    -0.104291377392354     0.133145255350923
     0.004158468029642     0.101430272739626    -0.019692960274250
49 13
    -0.052922340998302     0.162757360892282    -0.034212234298536
     0.190798718647952    -0.095876277101574    -0.019245039632155
    -0.050317156689124     0.152256194978506    -0.234475729702876
49 14
    -0.000694474608064     0.005882445366983     0.010699431347827
    -0.024232980277188     0.003885292458717     0.002477124939423
     0.003023851989404     0.000003816511713    -0.002820960796970
49 15
     0.099543443646684     0.080951220692421     0.121390394054714
     0.091116684982916    -0.191394491267056    -0.059610561105622
    -0.060138195155146     0.066442806236346    -0.035067597586408
49 16
    -1.818807232393853    -0.577392126404230    -0.803770951606812
    -0.887299487197298    -0.935899782698828    -0.546226763247138
    -1.037715460470086    -0.369357581418239    -1.148259208155407
49 17
     0.024516874450775     0.025743118097797    -0.004489841488477
     0.011359891491037     0.051630767650785     0.036484484085949
    -0.024520414252337    -0.002140577522850    -0.028671985411975
49 18
     0.020531961116558     0.031753784683868    -0.038523430668989
     0.009171140297088     0.029816030481151     0.019300684477345
     0.029802670079683     0.035342020963488    -0.051375860170808
49 19
     0.007547368581228     0.041876614727242    -0.032306338309870
    -0.002918232246655    -0.029722032564768    -0.007763688047431
     0.011394480259979    -0.040048437744534     0.055006835116475
49 20
     0.001853519455831    -0.008924732517615    -0.010370610931712
    -0.028271711125407    -0.038225935930406    -0.019505784130045
     0.026748771544580     0.016322098091977     0.014027387793773
49 21
     0.036520545161735     0.003905038077455     0.005190059137421
    -0.006016623685748     0.006011950938850    -0.001637471478834
    -0.019080146486568     0.006562207348499    -0.010525025638163
49 22
     0.007939273690949    -0.005323422988571     0.010041827062220
     0.006765490111902    -0.004939244879309     0.006994486035613
     0.002506330912777     0.001872789968460    -0.010686420749759
49 23
     0.047097232063096     0.014780838210739    -0.012500548166093
    -0.004523417393846     0.059378067147920     0.009042731123934
     0.027391344725918     0.002255135525587     0.020985556927233
49 24
     0.011619999033484     0.004051469957083    -0.030393284403887
    -0.015876098758103     0.016154954718554    -0.026492767665889
     0.012387681749942    -0.019863920159385     0.008045018736407
49 25
    -0.181796622148724     0.065995888015932    -0.047446027819585
     0.012463500331464     0.139076359937007     0.063241656133053
    -0.184957069755009    -0.004181382762757    -0.192433438688109
49 26
    -0.191196335472876    -0.009969266351161     0.203622479933882
    -0.074095209814342     0.143157986079661     0.000156743248482
     0.035683507395220     0.059301089516329    -0.178177999961897
49 27
    -0.006908319538612    -0.000079990117580    -0.002396518750185
     0.000606496442713    -0.011004642644976    -0.001116833497292
    -0.000320586983871    -0.003559260027902     0.009354760976893
49 28
    -0.553759748121432    -0.136363885182280     0.124423346153441
     0.136405548333398    -2.297590443647342     1.060484424765885
    -0.129111547053002     1.068603283345183    -1.376767448497745
49 29
     0.019319145743305    -0.005559274014716    -0.022387156496137
     0.033551372142465     0.005469364099250    -0.023380561603004
    -0.022773349890654     0.008830259495122    -0.013959891400582
49 30
    -0.001502739739765    -0.052186135366818     0.041195458753076
     0.024687615056168     0.096650136197452    -0.000907118528103
    -0.001874554648295    -0.031370546344932    -0.087527738654606
49 31
    -0.030686873874671    -0.017236468514428     0.032750228381456
    -0.129945655868668     0.135700532634845     0.097061207400877
     0.066569873626312    -0.041238834374566    -0.068169028580577
49 32
    -0.026264387813836     0.134698199709881    -0.074898697780220
     0.011674871178629     0.136894338542782    -0.039386667143815
    -0.027463884553191     0.095802144885693    -0.056176421054733
49 33
    -0.277265853396437    -0.022309333071253    -0.087355671928864
     0.034317619098703     0.120680731713993    -0.130703852125780
     0.077405347170718    -0.111359384793136    -0.071546484817971
49 34
     0.375677500313860    -0.125319479810622    -0.230180963650288
     0.112696307279828    -0.155338725182875    -0.213104287416955
     0.234574906797944    -0.227090455840041    -0.467507878208006
49 35
     0.000493290665055    -0.099582365801019     0.078218566980416
     0.051695528268138    -0.042579197464840    -0.021214913096236
    -0.011403324542936     0.023665030080679    -0.012032803591065
49 36
    -0.017830805373312     0.001126460922187     0.007365799733302
     0.047487727517328     0.008790068650847     0.031360496023390
    -0.080943974019018    -0.013760352055645    -0.006626790453679
49 37
    -0.015325241939635     0.015210146179433     0.007361241847221
     0.020036357572311     0.015909335301966     0.016251521340495
    -0.010511769655621    -0.028483399612282     0.023809389244643
49 38
    -0.022057881857697    -0.008579168526858     0.021151348075575
     0.020750374182209    -0.037495896236451    -0.017246555382594
    -0.020100000907165     0.015031845643863    -0.031163828198893
49 39
    -0.097665949605648    -0.020110051228707    -0.061705068998714
    -0.023389604281918     0.000144374826802    -0.027082264707594
    -0.053254722099764    -0.032936736244540    -0.025216992901741
49 40
    -0.118160842003791     0.125520418369157     0.072228951249647
    -0.026276228919943    -0.045983661657214     0.051425808963634
     0.032201157126607    -0.087617173463962    -0.131033351264909
49 41
    -0.007444448067694    -0.014228054863102     0.011903078739456
     0.000796324827615    -0.039889642664174     0.006474056891921
     0.019613873380372     0.002623781319740    -0.038542163424154
49 42
    -0.038344749004342     0.023364726473011    -0.005422245059295
    -0.003235221998556    -0.046315191744436     0.010433951451683
     0.010294557407608     0.014090535138733    -0.020409524705921
49 43
    -0.015340899557455     0.020049122785906    -0.010512176889429
     0.015211018077458     0.015880839377303    -0.028479311611363
     0.007360129785668     0.016261122660659     0.023790076964444
49 44
    -0.022075862796601     0.020739676463332    -0.020097651481350
    -0.008578061686251    -0.037488367631950     0.015026551604360
     0.021151431610715    -0.017255216932432    -0.031181558532376
49 45
    -0.007453918864201     0.000802485544197     0.019619517223274
    -0.014227877350929    -0.039892655150164     0.002624971695486
     0.011898766237848     0.006460398896517    -0.038557779274404
49 46
    -0.038355843515135    -0.003239127266355     0.010290892303337
     0.023386043596572    -0.046330995548751     0.014092002224631
    -0.005421733406562     0.010419338023114    -0.020422263814784
49 47
    -0.097690461948317    -0.023377637873101    -0.053256497221490
    -0.020080735615483     0.000127197913622    -0.032899030570683
    -0.061706489096095    -0.027080400829781    -0.025236832497512
49 48
    -0.118186826653305    -0.026255966427526     0.032207516239146
     0.125526318038425    -0.046039671968642    -0.087629494897125
     0.072224221072340     0.051440552915860    -0.131052329404547
49 49
     2.978633551397177     0.513667752022288     0.615677633331411
     0.513667752022288     3.588831122910460    -0.519880343925736
     0.615677633331411    -0.519880343925736     4.064173234591702
49 50
    -0.053039248426854    -0.031007152822713    -0.048789841955334
    -0.030998559145176     0.043461401637412     0.001148775246483
    -0.048786933888270     0.001150696554705     0.034141887268690
49 51
     0.004349465906506     0.032628773508715    -0.052092544684242
     0.036507717296785    -0.103893008751169    -0.012999425243641
    -0.053693098852104     0.050388631443361     0.084516641436904
49 52
    -0.043359060648912    -0.150700259017344     0.113658726070668
    -0.155947153375702    -0.221927336785298    -0.079130603639891
     0.132326903351056    -0.037850210533132     0.252777323462882
49 53
     0.004341279462777     0.036491036373499    -0.053696153105663
     0.032653698306138    -0.103886576545382     0.050359274062567
    -0.052097436710884    -0.013018873268443     0.084510694779119
49 54
    -0.043371601361818    -0.155954922143731     0.132327409782843
    -0.150763766607595    -0.222038939732455    -0.037878649027385
     0.113656736890145    -0.079139682865430     0.252768437412355
50 1
     0.005330941151179    -0.007509887408060     0.004599048021302
    -0.012921774109984     0.016378714033171     0.004675315604202
     0.001166818836742     0.001162354927694    -0.001750478860534
50 2
     0.004208766625867    -0.029554137375084     0.019138835143426
     0.023325099490932    -0.003305125247971     0.028405409117117
     0.004678928499011     0.003361944806069    -0.018353610047550
50 3
     0.025524214263198     0.003200387845140    -0.030192314519675
    -0.002257657242629     0.030342641225209    -0.014313934208058
    -0.013148624224784    -0.009579804644288     0.020119031256266
50 4
    -0.023954286166071    -0.002039823702012    -0.007301059999734
     0.013194197864648     0.006734232306670     0.027530117477388
     0.026475230507417     0.007061951103126     0.036721092149300
50 5
     0.079680943584680    -0.028975750507011    -0.010832163464480
     0.001333930884487     0.035415088106333     0.014802353730257
    -0.026145224936501     0.023215229897932     0.079976177653534
50 6
    -0.043923063810051    -0.030078529216984     0.012125934830370
     0.000824423960362    -0.021250608705784     0.011326534865410
     0.019689900799744    -0.006677381422894     0.080174265575413
50 7
     0.018162257146341     0.121010914797082     0.071533730046269
     0.015050312130768    -0.055143811862434    -0.022725024812114
     0.115950371673420    -0.069165665453176     0.028845362595227
50 8
     0.099259653892022     0.041549303164594    -0.042994612495549
     0.085850332157864    -0.030315967410790    -0.090984511507513
     0.057676028226745     0.012612558347057    -0.109409136866029
50 9
    -0.016295664441085    -0.081162188688712     0.073096239178767
    -0.305375918804828     0.218686476164786     0.292451314941974
     0.294410412372984    -0.055258255004353    -0.415633715263738
50 10
     0.049739490311634     0.064354250221986    -0.009557276261196
     0.174911927391917     0.085461042742217     0.082664521194669
    -0.103621900674961    -0.017188070342640    -0.072698951273457
50 11
     0.046673928182595     0.075074847285933    -0.032298908903348
     0.083023471691625    -0.104323721154406     0.133142081015600
     0.004146846203277     0.101437561180598    -0.019688506807094
50 12
     0.013392839206830     0.005155110123187    -0.000964376645686
    -0.033534163903607    -0.003088857991230     0.000997916004432
     0.010563885141143     0.011508881634329    -0.004744033698817
50 13
    -0.000692501090379     0.005878780262712     0.010702668334506
    -0.024233716430610     0.003890356776585     0.002478090814481
     0.003025820286142     0.000008525805235    -0.002823566049151
50 14
    -0.052915987106709     0.162754750419154    -0.034206898491463
     0.190802446403578    -0.095879456657844    -0.019239489766285
    -0.050329149202673     0.152267701944053    -0.234477024497547
50 15
    -1.818824064724581    -0.577423551279742    -0.803766539907226
    -0.887293968657106    -0.935889779365802    -0.546241193942588
    -1.037766912895433    -0.369392379025032    -1.148276301533448
50 16
     0.099541746839151     0.080953544013504     0.121396241514520
     0.091127549772074    -0.191394621790712    -0.059627492634329
    -0.060135271425243     0.066450293073277    -0.035059468573088
50 17
     0.020532149070623     0.031754625256216    -0.038519812553234
     0.009168832638843     0.029814349336457     0.019300606163152
     0.029802330718177     0.035340600866107    -0.051374351317340
50 18
     0.024523259668046     0.025745639814839    -0.004485800476075
     0.011360147317403     0.051631837944767     0.036478140636248
    -0.024519171667128    -0.002134369817752    -0.028665704613630
50 19
     0.001859685393359    -0.008904365606272    -0.010368183191703
    -0.028271256903083    -0.038223205375515    -0.019506864865920
     0.026745346603836     0.016336194646867     0.014033866988076
50 20
     0.007546016356148     0.041870511441069    -0.032297248642439
    -0.002922205386756    -0.029718748589573    -0.007764690469112
     0.011389186220476    -0.040051204846050     0.055014478581793
50 21
     0.007933682057509    -0.005321668750629     0.010040480058086
     0.006766388114658    -0.004942367005169     0.006994512140344
     0.002502107167256     0.001865710365338    -0.010684703058441
50 22
     0.036527107891178     0.003897895822978     0.005188137829199
    -0.006012326846980     0.006015704799207    -0.001644154290041
    -0.019083863800302     0.006563256758696    -0.010526607584879
50 23
     0.011619158461137     0.004046938175733    -0.030394140639073
    -0.015877357006151     0.016151534998757    -0.026486617391200
     0.012385666464687    -0.019873062036279     0.008039677708388
50 24
     0.047102938557354     0.014780577163426    -0.012503142976382
    -0.004520786036933     0.059371165056970     0.009045691400461
     0.027393156394268     0.002257213462197     0.020979437978221
50 25
    -0.191183512828872    -0.009969015745741     0.203619420459376
    -0.074097762857061     0.143153255902354     0.000165639740901
     0.035681017003856     0.059293696656432    -0.178161700167688
50 26
    -0.181791912855201     0.065997125380194    -0.047441469933504
     0.012467896368211     0.139076260739028     0.063257026598829
    -0.184958829213897    -0.004166268123348    -0.192440429535145
50 27
    -0.553779587717203    -0.136325412029323     0.124427329735434
     0.136420135657236    -2.297365055397494     1.060529100402993
    -0.129125638386945     1.068405482575349    -1.376827275320886
50 28
    -0.006911196279999    -0.000074100890204    -0.002397557718490
     0.000609185230034    -0.010997657018886    -0.001116635101335
    -0.000321156067013    -0.003539655374713     0.009352698703122
50 29
    -0.001499659381475    -0.052187304858779     0.041196753547747
     0.024685082897234     0.096646554628321    -0.000909285220799
    -0.001873077120504    -0.031365936249388    -0.087527910945832
50 30
     0.019324706051067    -0.005563993750131    -0.022392617605920
     0.033554160127765     0.005471974572378    -0.023373335813386
    -0.022772483213576     0.008829679970088    -0.013962099860849
50 31
    -0.026264413918567     0.134703947971708    -0.074901720708102
     0.011677549524058     0.136902190845950    -0.039394801378081
    -0.027464385764032     0.095812941802549    -0.056175711006042
50 32
    -0.030684952566449    -0.017229670842404     0.032752901505939
    -0.129946585197102     0.135699890458455     0.097060810608961
     0.066573455195443    -0.041238474129274    -0.068173080034871
50 33
     0.375675145667099    -0.125331112078880    -0.230185448443122
     0.112697294038670    -0.155314943772681    -0.213106548086683
     0.234574045341812    -0.227085584697185    -0.467516973096384
50 34
    -0.277265644558586    -0.022320025569184    -0.087363278847558
     0.034311505370637     0.120678596346975    -0.130690507387151
     0.077409805858820    -0.111375225144075    -0.071545644245624
50 35
    -0.017832006190951     0.001117721058156     0.007371600204591
     0.047489173719441     0.008790585524527     0.031355217646726
    -0.080945039092054    -0.013761897455736    -0.006622436184502
50 36
     0.000495556555730    -0.099578966965006     0.078216985033701
     0.051698989755505    -0.042569925064290    -0.021214265698900
    -0.011404426162596     0.023663876251557    -0.012047469229097
50 37
    -0.022059552560499    -0.008575665271920     0.021150977388391
     0.020746489798195    -0.037487547943388    -0.017247965038083
    -0.020096106081259     0.015031161699903    -0.031165827821309
50 38
    -0.015324573658514     0.015211895196429     0.007356459460451
     0.020033600912688     0.015907789901874     0.016249714893091
    -0.010513372486121    -0.028484261068414     0.023803672308493
50 39
    -0.118158341170535     0.125522057746281     0.072222660009409
    -0.026271958185906    -0.045982857631490     0.051428884100979
     0.032206242328260    -0.087618405607278    -0.131034353686590
50 40
    -0.097665531929947    -0.020115564547953    -0.061704019588516
    -0.023388575755506     0.000143831848392    -0.027079492385132
    -0.053256648628932    -0.032935049878899    -0.025215682444231
50 41
    -0.038346894813253     0.023380357986100    -0.005416267075832
    -0.003233201492355    -0.046333303206996     0.010433157867852
     0.010293779486616     0.014091579327984    -0.020414072150109
50 42
    -0.007444729998792    -0.014219398534211     0.011901507234633
     0.000794043274102    -0.039870257290728     0.006473983798674
     0.019621015634850     0.002626438781384    -0.038550015727322
50 43
    -0.022073174009280     0.020744411861585    -0.020100596095038
    -0.008581074172241    -0.037487908188680     0.015030493418783
     0.021152073787105    -0.017252277539690    -0.031182367779046
50 44
    -0.015340716824336     0.020044846830922    -0.010512824286764
     0.015208966245580     0.015881022110422    -0.028484631755598
     0.007355133340102     0.016261096555928     0.023785550404041
50 45
    -0.038349562716790    -0.003232073767964     0.010294442546791
     0.023380812208424    -0.046315619862029     0.014085214994499
    -0.005420109692276     0.010397472700196    -0.020417100298937
50 46
    -0.007453783119599     0.000795432045806     0.019619710398286
    -0.014221424261358    -0.039888274776255     0.002621223056074
     0.011898301573632     0.006464831479888    -0.038559105394753
50 47
    -0.118185672824182    -0.026252071601619     0.032203731053111
     0.125521734047613    -0.046038805291564    -0.087624273950869
     0.072221600157319     0.051445820850631    -0.131056814197381
50 48
    -0.097690942275373    -0.023377658756886    -0.053254988368023
    -0.020080766941160     0.000127866194743    -0.032899829375460
    -0.061708118031327    -0.027076114432905    -0.025237923675280
50 49
    -0.053039248426854    -0.030998559145176    -0.048786933888270
    -0.031007152822713     0.043461401637412     0.001150696554705
    -0.048789841955334     0.001148775246483     0.034141887268690
50 50
     2.978554809085752     0.513712866218882     0.615683491233110
     0.513712866218882     3.588828199180557    -0.519952497402987
     0.615683491233110    -0.519952497402987     4.064262366586175
50 51
    -0.043361122922683    -0.150708022564426     0.113655154943429
    -0.155939786620536    -0.221923415854660    -0.079132540610952
     0.132327890109898    -0.037852178829870     0.252777730696690
50 52
     0.004350296036961     0.032628783950607    -0.052094961982359
     0.036502814828252    -0.103886879360265    -0.013001717239048
    -0.053699703349117     0.050395470882956     0.084517147868691
50 53
    -0.043371194128010    -0.155949774290723     0.132325618998277
    -0.150767750189588    -0.222035514791711    -0.037882966749938
     0.113658308394968    -0.079143791750133     0.252773230241018
50 54
     0.004337666567969     0.036494409104780    -0.053693104073050
     0.032654883460938    -0.103891536444325     0.050353745080482
    -0.052098151980521    -0.013017646346073     0.084513106856289
51 1
    -0.043921121618044    -0.030072321511886     0.012128487873089
     0.000820335959444    -0.021261165459113     0.011314657212679
     0.019693362287112    -0.006679522010859     0.080174589274081
51 2
     0.079679800197450    -0.028969542801913    -0.010830936542110
     0.001343532204651     0.035411334245976     0.014814252266774
    -0.026146592824420     0.023217683742672     0.079978772463823
51 3
     0.004203456923525    -0.029551015249224     0.019137655209572
     0.023315064832229    -0.003302462565380     0.028402991819001
     0.004681309250503     0.003355872845574    -0.018355087575340
51 4
     0.005330977697803    -0.007516361381417     0.004601460098472
    -0.012911708125603     0.016375894722193     0.004680051002456
     0.001167434908400     0.001160856516118    -0.001747931038761
51 5
    -0.023960561743470    -0.002033730857732    -0.007300725859173
     0.013187212238558     0.006728259544154     0.027498995416759
     0.026473533699884     0.007063005734269     0.036729581407912
51 6
     0.025515547492414     0.003202904341235    -0.030197436267952
    -0.002271242144785     0.030335415435591    -0.014309136158450
    -0.013147219790241    -0.009580441599731     0.020125771497882
51 7
     0.013386135511838     0.005160894931638    -0.000962444895572
    -0.033524573025336    -0.003104807982041     0.000988325126160
     0.010566229346011     0.011511466002725    -0.004743302766341
51 8
     0.046666906009882     0.075078434076011    -0.032302443483963
     0.083027648448630    -0.104348296148431     0.133131853181886
     0.004152698884030     0.101423443741923    -0.019689472682151
51 9
     0.099255638984351     0.041547919613836    -0.042992607652187
     0.085806711151899    -0.030322467488878    -0.090928511637977
     0.057677072415996     0.012615899752661    -0.109409888682290
51 10
     0.018157542631872     0.121009056140215     0.071543284377916
     0.015048422148224    -0.055195582765503    -0.022778748349082
     0.115951603816736    -0.069167325714085     0.028852191592929
51 11
     0.049732113114575     0.064351195968427    -0.009561844589169
     0.174993071338620     0.085472126811118     0.082704430107846
    -0.103618219907851    -0.017189835022474    -0.072693829525180
51 12
    -0.016305646890326    -0.081165117639561     0.073103579829202
    -0.305378764220538     0.218658998324643     0.292464706669119
     0.294406423570044    -0.055246220723235    -0.415625821193000
51 13
     0.024516874450775     0.025748793266377    -0.004484683193576
     0.011385552441882     0.051663351576365     0.036494550070329
    -0.024516921439292    -0.002140086753902    -0.028664848378444
51 14
     0.020527893999425     0.031761840603941    -0.038520204124203
     0.009174873273660     0.029824258692450     0.019290347003760
     0.029799809001135     0.035338987593714    -0.051374267782200
51 15
    -0.052917328889896     0.162751811026413    -0.034215262447364
     0.190790281598803    -0.095839255371677    -0.019273639975742
    -0.050319234625734     0.152254566043275    -0.234477113253633
51 16
    -0.000692156507926     0.005878863797852     0.010699817697850
    -0.024220841577144     0.003917416941027     0.002472410424955
     0.003023434313703     0.000007131812585    -0.002824338749197
51 17
     0.099529508941128     0.080958670982727     0.121396032676670
     0.091192435692137    -0.191487831344211    -0.059652145942547
    -0.060137093535486     0.066446878574426    -0.035055594630967
51 18
    -1.818810093472401    -0.577407883220029    -0.803725268327076
    -0.887390305557412    -0.935909446670347    -0.546295209852547
    -1.037727442541742    -0.369376543895039    -1.148263431900928
51 19
     0.047091896256023     0.014801168575457    -0.012504625725118
    -0.004508997140288     0.059380139863583     0.009048599467526
     0.027390624235334     0.002256075295913     0.020968526200547
51 20
     0.011609322198392     0.004049063100859    -0.030394626187075
    -0.015866168518325     0.016130176107626    -0.026489969238696
     0.012383604190916    -0.019874560447854     0.008033992097915
51 21
     0.007543974966162     0.041887740563712    -0.032300553501419
    -0.002891391361956    -0.029714592716354    -0.007784488297313
     0.011388434404215    -0.040047826893822     0.055031138621294
51 22
     0.001855049193084    -0.008898408506594    -0.010366470721331
    -0.028250242594405    -0.038215749864262    -0.019507721101106
     0.026745424918030     0.016336131995511     0.014043379552154
51 23
     0.036520654801606     0.003893792159221     0.005188947075869
    -0.006002344397740     0.006030286902099    -0.001672911262016
    -0.019082574226577     0.006536624711847    -0.010525380662509
51 24
     0.007932559554064    -0.005335112687237     0.010038997309349
     0.006784734519799    -0.004940550115873     0.006974672544573
     0.002503125251776     0.001855680927581    -0.010689271386414
51 25
     0.019315355336323    -0.005564014633916    -0.022388038836054
     0.033531647407512     0.005506124781835    -0.023390439633319
    -0.022777176844259     0.008826213261774    -0.013969910396447
51 26
    -0.001511594464615    -0.052185373108665     0.041197797736998
     0.024698453740594     0.096612900408758    -0.000918672482166
    -0.001877734204564    -0.031369402957702    -0.087540347239813
51 27
    -0.181792826520796     0.066002461187268    -0.047448559978519
     0.012454671711346     0.139092268160248     0.063286874748572
    -0.184958730015918    -0.004174564206948    -0.192419900774469
51 28
    -0.191188566704848    -0.009952251287315     0.203624093206275
    -0.074058120212143     0.143147356233085     0.000136747024323
     0.035683611814145     0.059332201135066    -0.178143411192955
51 29
    -0.006915002349819    -0.000082417857589    -0.002397724788770
     0.000602163057321    -0.010999453024398    -0.001098983082045
    -0.000320801042667    -0.003559155608977     0.009355476246530
51 30
    -0.553792384256475    -0.136318254112007     0.124418595092349
     0.136480411481755    -2.297606028171916     1.060708184080502
    -0.129109824140738     1.068386039771493    -1.376805608393926
51 31
     0.000486492993031    -0.099575719536436     0.078217350499938
     0.051695460395837    -0.042609646023402    -0.021199093629081
    -0.011404755082210     0.023667102796343    -0.012049886527213
51 32
    -0.017843111143636     0.001125009499128     0.007370817062653
     0.047480287668914     0.008775977316904     0.031350696307269
    -0.080947106586771    -0.013754864841130    -0.006631724247890
51 33
    -0.030686957409811    -0.017233842378462     0.032755031652011
    -0.129903267006020     0.135670658380371     0.096993977275945
     0.066573047961635    -0.041238160872499    -0.068157213579201
51 34
    -0.026271550952098     0.134701473243183    -0.074893727439385
     0.011657130403253     0.136956671420126    -0.039427667234759
    -0.027462960445704     0.095810545388218    -0.056158450557721
51 35
    -0.277267946995885    -0.022316021103406    -0.087358016133733
     0.034274436652224     0.120569259290493    -0.130709135723390
     0.077406678512013    -0.111384701161529    -0.071545116930052
51 36
     0.375668551611978    -0.125325149758256    -0.230181569280054
     0.112674212235274    -0.155344901562295    -0.213085277951639
     0.234572348534279    -0.227080483832693    -0.467521468331110
51 37
    -0.007433938302882    -0.014223277697278     0.011903005646208
     0.000803780338868    -0.039872455309101     0.006464340710940
     0.019620582296311     0.002624815067098    -0.038543505207342
51 38
    -0.038332474559696     0.023380514614488    -0.005416825717081
    -0.003230241215829    -0.046295848138559     0.010397410048841
     0.010292965019000     0.014092848017924    -0.020407175280106
51 39
    -0.015333736419193     0.015186369990186     0.007356777938172
     0.020049143669691     0.015909309197234     0.016261968453953
    -0.010515309457182    -0.028495647952197     0.023810005316301
51 40
    -0.022068203668444    -0.008589375476787     0.021155394308923
     0.020744015069670    -0.037450155526306    -0.017255848666929
    -0.020096267930593     0.015017044261229    -0.031163269557644
51 41
    -0.097683841788465    -0.020075175307720    -0.061702636037759
    -0.023376437055462     0.000141101293500    -0.027082384789358
    -0.053259948266965    -0.032897479949645    -0.025217817811250
51 42
    -0.118175272699242     0.125517494639253     0.072222325868849
    -0.026254212189584    -0.045993858165251     0.051449402419763
     0.032205527058623    -0.087618102792395    -0.131037930034775
51 43
    -0.097676135671792    -0.023374515747240    -0.053255604439681
    -0.020114875383047     0.000113263208066    -0.032941027862362
    -0.061706254153514    -0.027076861028219    -0.025230718769447
51 44
    -0.118178582779168    -0.026248912929135     0.032205015405890
     0.125523968612610    -0.046008440268142    -0.087616191926066
     0.072223218650659     0.051446948575022    -0.131049572744924
51 45
    -0.015351148274955     0.020050678627890    -0.010513628312488
     0.015185900105023     0.015895786946433    -0.028498931927392
     0.007359049049793     0.016267471331306     0.023790985409093
51 46
    -0.022087234017546     0.020749136817946    -0.020097468748231
    -0.008590106409263    -0.037483538256664     0.015017409727466
     0.021156114799506    -0.017248476690816    -0.031179214327508
51 47
    -0.007462992868793     0.000803968292933     0.019619282280693
    -0.014215461940734    -0.039879477481815     0.002628595032187
     0.011901334943406     0.006464768828533    -0.038562373707109
51 48
    -0.038368608728730    -0.003226064458824     0.010292949356161
     0.023363917226342    -0.046312398538189     0.014088023863584
    -0.005421461917356     0.010394167841216    -0.020424373077071
51 49
     0.004349465906506     0.036507717296785    -0.053693098852104
     0.032628773508715    -0.103893008751169     0.050388631443361
    -0.052092544684242    -0.012999425243641     0.084516641436904
51 50
    -0.043361122922683    -0.155939786620536     0.132327890109898
    -0.150708022564426    -0.221923415854660    -0.037852178829870
     0.113655154943429    -0.079132540610952     0.252777730696690
51 51
     2.979111748306607     0.513445621642903     0.615595492183974
     0.513445621642903     3.589709051128049    -0.519823550472369
     0.615595492183974    -0.519823550472369     4.064043603717124
51 52
    -0.053049752970720    -0.030984196322027    -0.048789095360020
    -0.030981272592124     0.043350372994343     0.001154439973170
    -0.048783211353590     0.001154638369128     0.034146648771675
51 53
     0.004334351267096     0.032629373917534    -0.052096037497287
     0.036497040461693    -0.103875602116353    -0.013018189324484
    -0.053701400156650     0.050390604961046     0.084514448639477
51 54
    -0.043377652438528    -0.150703198410086     0.113654930442740
    -0.155952771113873    -0.221972430098106    -0.079138743095104
     0.132332176506774    -0.037852570400839     0.252768938623196
52 1
     0.079677941540583    -0.028968576926856    -0.010833985574723
     0.001342112107270     0.035412608156862     0.014809146181336
    -0.026147532594746     0.023215694562149     0.079975373627811
52 2
    -0.043928937374589    -0.030069502200908     0.012126764960825
     0.000823578167069    -0.021265185587729     0.011317612268260
     0.019691373106588    -0.006677600702637     0.080180645571737
52 3
     0.005330262428166    -0.007514189467775     0.004605438459519
    -0.012914297714946     0.016376087897205     0.004683575141178
     0.001166797952957     0.001165795531276    -0.001746563150842
52 4
     0.004199541213834    -0.029547616413211     0.019140046402957
     0.023319627939256    -0.003297664515772     0.028402099037191
     0.004681351018074     0.003354176038041    -0.018357191616681
52 5
     0.025511809294895     0.003200267763376    -0.030196204124636
    -0.002262674571980     0.030346468178814    -0.014305048157531
    -0.013140787584454    -0.009579533155083     0.020122675476753
52 6
    -0.023963918811913    -0.002037797974865    -0.007306724726421
     0.013190245608333     0.006724140217558     0.027498149623466
     0.026479109670485     0.007065741510107     0.036727252865882
52 7
     0.046672158281815     0.075086886787998    -0.032294382342945
     0.083026097827592    -0.104338517316094     0.133143777823133
     0.004159768045260     0.101442119066679    -0.019688929703741
52 8
     0.013380392470957     0.005162247156719    -0.000960737646146
    -0.033523262567826    -0.003103064185992     0.000984936732040
     0.010569560309722     0.011507033419354    -0.004744983911035
52 9
     0.018155005251992     0.120993623023084     0.071555647578649
     0.015051126598384    -0.055180442021362    -0.022787848458406
     0.115960552518618    -0.069171183993368     0.028843133251176
52 10
     0.099254667888348     0.041544750499459    -0.042988352580989
     0.085804956913957    -0.030326195244504    -0.090927775484555
     0.057673522172542     0.012613221407232    -0.109408693085598
52 11
    -0.016302759707047    -0.081165420454444     0.073096484563241
    -0.305380800389577     0.218666030939249     0.292472381460115
     0.294407968970136    -0.055256908000219    -0.415620219117667
52 12
     0.049732034800381     0.064346946118175    -0.009560403608003
     0.174993368932556     0.085467662902069     0.082705667472109
    -0.103616643182082    -0.017192706542915    -0.072693286546770
52 13
     0.020526839368281     0.031762091209361    -0.038518199280841
     0.009172200149178     0.029825736220240     0.019291192797053
     0.029803244383772     0.035341133402625    -0.051377494326986
52 14
     0.024514577234423     0.025747519355491    -0.004486693257885
     0.011390058118501     0.051663346355419     0.036500047726736
    -0.024525040010719    -0.002138854610585    -0.028673661335723
52 15
    -0.000696469009533     0.005880847757429     0.010697353411218
    -0.024215902561986     0.003915788005795     0.002470703175529
     0.003024379304975     0.000002072715663    -0.002825007030318
52 16
    -0.052920492783327     0.162762566175699    -0.034209253138224
     0.190796364001191    -0.095856427063911    -0.019274209058884
    -0.050316018522840     0.152267117198073    -0.234476565054276
52 17
    -1.818830982478369    -0.577409961156638    -0.803760165131848
    -0.887405341882628    -0.935909169960195    -0.546327532730815
    -1.037719809518317    -0.369369814095316    -1.148260920625779
52 18
     0.099538739574108     0.080951941183004     0.121396784492931
     0.091184374551118    -0.191484317647381    -0.059648465175437
    -0.060137401571315     0.066446758492662    -0.035054493011307
52 19
     0.011609771199770     0.004060977300214    -0.030392182784227
    -0.015865756063571     0.016135271751171    -0.026491425882701
     0.012389080963538    -0.019863079587038     0.008030306109859
52 20
     0.047088304244999     0.014780613710050    -0.012502265857411
    -0.004511163832984     0.059374861486919     0.009042934740838
     0.027394456409886     0.002255401793846     0.020973496541383
52 21
     0.001850637493498    -0.008899677196535    -0.010371101700660
    -0.028255468761607    -0.038222631071427    -0.019511605485120
     0.026746563084313     0.016339692680858     0.014042737375764
52 22
     0.007546862149441     0.041876755692791    -0.032304516199626
    -0.002897478985290    -0.029715182683281    -0.007774860872418
     0.011386915108855    -0.040048202801953     0.055019636876693
52 23
     0.007929599277537    -0.005333567287145     0.010043570858269
     0.006779450922189    -0.004934546027679     0.006977053296066
     0.002504446151178     0.001855613055280    -0.010688879815445
52 24
     0.036516201334451     0.003892716644292     0.005189312542107
    -0.006003868914046     0.006030527065627    -0.001666197125132
    -0.019076444835673     0.006528641885022    -0.010527615227506
52 25
    -0.001511845070035    -0.052186119703979     0.041192425383301
     0.024701158190755     0.096609005582852    -0.000915012598841
    -0.001872440165061    -0.031370603775341    -0.087538107453869
52 26
     0.019312896270637    -0.005560302541128    -0.022388540046895
     0.033533741006960     0.005498852003701    -0.023391682218528
    -0.022767486768009     0.008824861036694    -0.013969116812616
52 27
    -0.191195437470120    -0.009966441819237     0.203631982056067
    -0.074066217899785     0.143131547207824     0.000137112490561
     0.035683711012124     0.059293848063873    -0.178155471578805
52 28
    -0.181796893637929     0.065970446344829    -0.047454297798454
     0.012448735495453     0.139065380287032     0.063282071478017
    -0.184952642392585    -0.004211789553749    -0.192417728860826
52 29
    -0.553771933809992    -0.136298879180453     0.124424640948113
     0.136459929709595    -2.297627966588081     1.060658198741052
    -0.129116282451256     1.068441830803179    -1.376795328350749
52 30
    -0.006914569011280    -0.000080439118958    -0.002395652073107
     0.000603337770228    -0.010996388328946    -0.001098314800924
    -0.000318660454703    -0.003559312237364     0.009354369405923
52 31
    -0.017842656921312     0.001125782199174     0.007368874870646
     0.047478904118156     0.008789154985253     0.031346937225965
    -0.080941175591825    -0.013754572468140    -0.006632987716884
52 32
     0.000483652798268    -0.099574231566753     0.078216911940453
     0.051689169155599    -0.042609327545680    -0.021200571156872
    -0.011401491990800     0.023668418474799    -0.012052016673285
52 33
    -0.026268486256646     0.134703404993298    -0.074897658811915
     0.011658122383041     0.136959694348008    -0.039418373950424
    -0.027463597401147     0.095802452921522    -0.056158215615140
52 34
    -0.030692350647293    -0.017230537519482     0.032753157332305
    -0.129904467823659     0.135675028312387     0.096990740289267
     0.066569852742527    -0.041241460510533    -0.068151105072082
52 35
     0.375676001902285    -0.125330083552467    -0.230180049984694
     0.112670280862744    -0.155356465958251    -0.213079221653982
     0.234575736928399    -0.227091505250238    -0.467511418009568
52 36
    -0.277269534163547    -0.022309656769921    -0.087352032929324
     0.034273366358241     0.120584290394762    -0.130724610608092
     0.077409910277745    -0.111371862854686    -0.071548009334278
52 37
    -0.038337820808661     0.023382623876775    -0.005418522524614
    -0.003224158813441    -0.046299194765109     0.010399101635428
     0.010290777442519     0.014088290131843    -0.020406157195586
52 38
    -0.007436621869257    -0.014226070903525     0.011900128904821
     0.000808118945206    -0.039874230430828     0.006466491740797
     0.019623218874170     0.002625274510369    -0.038541218432882
52 39
    -0.022069545451632    -0.008590910434986     0.021153097092571
     0.020746552449550    -0.037461787794564    -0.017256731006846
    -0.020095087996739     0.015018563556589    -0.031165410145608
52 40
    -0.015334268955711     0.015185174393493     0.007361179195866
     0.020050078219070     0.015908546939081     0.016263680924324
    -0.010513168869217    -0.028496645152932     0.023808679195952
52 41
    -0.118175538967501     0.125527591949312     0.072227724327277
    -0.026254520225413    -0.046019336382977     0.051443936089033
     0.032205751559312    -0.087630241492439    -0.131034087418331
52 42
    -0.097679743345655    -0.020116196282450    -0.061706943318419
    -0.023373435011365     0.000118009048212    -0.027075284302450
    -0.053253516061179    -0.032942646355701    -0.025221415043220
52 43
    -0.118177303647335    -0.026253784071991     0.032206023048517
     0.125519583017756    -0.046000655837275    -0.087620112856704
     0.072224931121030     0.051445523256695    -0.131050303677400
52 44
    -0.097680385522044    -0.023374834224962    -0.053255207647765
    -0.020114917150617     0.000114845154782    -0.032937268781058
    -0.061702975399265    -0.027079669897305    -0.025231616772203
52 45
    -0.022085135197151     0.020746844822540    -0.020098465948966
    -0.008591108830944    -0.037470183076142     0.015020291689799
     0.021153175406765    -0.017255117734453    -0.031180937239772
52 46
    -0.015352281220292     0.020032201699092    -0.010511774876567
     0.015187884064600     0.015902835223878    -0.028492327430378
     0.007359106480202     0.016252716937188     0.023793454916671
52 47
    -0.038369746895013    -0.003228685373844     0.010289331240406
     0.023370020512514    -0.046313385297031     0.014091824712458
    -0.005419671132791     0.010393802374978    -0.020424795973718
52 48
    -0.007468229477888     0.000803963071987     0.019622174684918
    -0.014216151105640    -0.039884165891552     0.002631221168154
     0.011898259806062     0.006463766406852    -0.038561846391537
52 49
    -0.043359060648912    -0.155947153375702     0.132326903351056
    -0.150700259017344    -0.221927336785298    -0.037850210533132
     0.113658726070668    -0.079130603639891     0.252777323462882
52 50
     0.004350296036961     0.036502814828252    -0.053699703349117
     0.032628783950607    -0.103886879360265     0.050395470882956
    -0.052094961982359    -0.013001717239048     0.084517147868691
52 51
    -0.053049752970720    -0.030981272592124    -0.048783211353590
    -0.030984196322027     0.043350372994343     0.001154638369128
    -0.048789095360020     0.001154439973170     0.034146648771675
52 52
     2.979246902942323     0.513430078885901     0.615597836388842
     0.513430078885901     3.589690939665489    -0.519792913959742
     0.615597836388842    -0.519792913959742     4.064135878721244
52 53
    -0.043376770098610    -0.150702175104620     0.113653776613618
    -0.155955595645797    -0.221973583927229    -0.079144094565015
     0.132326501338194    -0.037854617011771     0.252773063170738
52 54
     0.004337040054418     0.032625353788918    -0.052091610134863
     0.036494294243963    -0.103868094395638    -0.013016377656133
    -0.053696288850266     0.050389163979879     0.084506444928867
53 1
    -0.023970883554217    -0.002036800774130    -0.007300830278099
     0.013189613873836     0.006717812430697     0.027503057312946
     0.026474802389824     0.007065182868858     0.036720799776310
53 2
     0.025505690345884     0.003203718808851    -0.030193196859592
    -0.002267357760771     0.030335525075463    -0.014303993526388
    -0.013146139054366    -0.009580123122010     0.020113831193796
53 3
    -0.043932310105870    -0.030076195454007     0.012127318381128
     0.000823515515714    -0.021275361211981     0.011317492186496
     0.019688611226019    -0.006674609100433     0.080169786003526
53 4
     0.079669755096855    -0.028974669771136    -0.010834967112619
     0.001342049455914     0.035403492384700     0.014813035786296
    -0.026145726147342     0.023215668457418     0.079968247036172
53 5
     0.004187741875296    -0.029549877082940     0.019140751230702
     0.023315581705908    -0.003303746918159     0.028407518379405
     0.004678474276687     0.003359396984296    -0.018354481945574
53 6
     0.005317037771301    -0.007516737289547     0.004600859689653
    -0.012917660004335     0.016364784548561     0.004684749854086
     0.001167732502337     0.001161994682402    -0.001750959187589
53 7
     0.049720788882147     0.064355832168702    -0.009558022856510
     0.174995285019832     0.085466122722924     0.082707902037106
    -0.103620057680933    -0.017191740667858    -0.072701478211445
53 8
    -0.016312888342782    -0.081160831242685     0.073090595335865
    -0.305375976235237     0.218672478807875     0.292473456975043
     0.294407394666048    -0.055254401946017    -0.415631157000073
53 9
     0.013377364322129     0.005156196080008    -0.000956534784411
    -0.033525862599061    -0.003114503279237     0.000984508614447
     0.010566777545368     0.011508756331619    -0.004745693959726
53 10
     0.046664379071894     0.075078841309818    -0.032293578317221
     0.083019039108254    -0.104364094731800     0.133139141622858
     0.004154896902403     0.101437012981241    -0.019689712845679
53 11
     0.099243385423490     0.041547559368544    -0.042989459421595
     0.085806011545101    -0.030332831067195    -0.090924282671510
     0.057669397625000     0.012612359951100    -0.109410849336401
53 12
     0.018147643717771     0.120995486900897     0.071546484817971
     0.015043890366874    -0.055195619312127    -0.022776070003653
     0.115954115091885    -0.069163169840866     0.028841608734869
53 13
     0.099525525359135     0.080956431196784     0.121399436733629
     0.091187768166184    -0.191488698021290    -0.059656124303594
    -0.060135266204297     0.066451269390226    -0.035058434825730
53 14
    -1.818835650004321    -0.577412785688563    -0.803758290812142
    -0.887396622902381    -0.935918745175628    -0.546315696845654
    -1.037740453139811    -0.369372226172486    -1.148266533143004
53 15
     0.024505090775077     0.025744078751908    -0.004487210131564
     0.011385160870913     0.051647526888265     0.036498826025312
    -0.024527786228449    -0.002137544153075    -0.028681586732139
53 16
     0.020519885067869     0.031761574335682    -0.038517891245012
     0.009170263178117     0.029813842904670     0.019288399590806
     0.029801725088411     0.035337008855083    -0.051384652244302
53 17
    -0.052935273282176     0.162750516231741    -0.034208569194265
     0.190799454801374    -0.095870215582972    -0.019267427049698
    -0.050322221006992     0.152277731381810    -0.234486578829194
53 18
    -0.000708304894694     0.005878085876860     0.010702699660183
    -0.024218178894554     0.003910838548745     0.002468959379480
     0.003026942789587     0.000008896492419    -0.002828729564998
53 19
     0.036507785169087     0.003904735262573     0.005187636618359
    -0.006001832745007     0.006012232869948    -0.001672154224809
    -0.019079415554092     0.006563590899256    -0.010543648753457
53 20
     0.007917095111255    -0.005333509856737     0.010043753591388
     0.006780839693893    -0.004951153857717     0.006977314343378
     0.002501501537490     0.001852783302409    -0.010712468050627
53 21
     0.047086409041509     0.014797101458324    -0.012504437771053
    -0.004511800788427     0.059378338637125     0.009042924298946
     0.027394132711218     0.002254764838403     0.020977918682861
53 22
     0.011602576735830     0.004058121442612    -0.030395774795251
    -0.015861944772805     0.016131481344190    -0.026488016604796
     0.012385713453204    -0.019869193315103     0.008044684595846
53 23
     0.007539218684123     0.041871675712084    -0.032300804106839
    -0.002898648477251    -0.029722612089802    -0.007774625929836
     0.011384508252631    -0.040054248657717     0.055015501887259
53 24
     0.001846586039204    -0.008923604793223    -0.010369305695148
    -0.028260955976121    -0.038237213174318    -0.019510127957330
     0.026745189975448     0.016326932688209     0.014038247361985
53 25
    -0.006927908528963    -0.000081138725756    -0.002399818388219
     0.000601896789062    -0.011012040725820    -0.001097923229955
    -0.000322033185984    -0.003555078049951     0.009330447030181
53 26
    -0.553795657789777    -0.136328476724775     0.124419863782289
     0.136459172672388    -2.297657861726340     1.060648263280328
    -0.129127742428286     1.068405905471995    -1.376843037357631
53 27
     0.019306578925668    -0.005561837499327    -0.022390889472710
     0.033532519305537     0.005496032692723    -0.023386382958079
    -0.022773986846097     0.008820073428977    -0.013964647682621
53 28
    -0.001518465229887    -0.052177118792635     0.041192869163733
     0.024698030843948     0.096602035619601    -0.000920572906603
    -0.001871662244069    -0.031385666205288    -0.087528224202607
53 29
    -0.181805513420197     0.065991356234582    -0.047444388442461
     0.012448620634636     0.139072047435400     0.063298397376958
    -0.184952397008111    -0.004181502844521    -0.192426552259998
53 30
    -0.191200950789366    -0.009963377123785     0.203618031687672
    -0.074069956097304     0.143114777528451     0.000147465626986
     0.035685486133850     0.059293874168604    -0.178157784457996
53 31
    -0.277286617099695    -0.022308790092843    -0.087348007579761
     0.034270343430359     0.120565411453103    -0.130708269046312
     0.077415444480776    -0.111376739218489    -0.071572135326924
53 32
     0.375659655119559    -0.125331399230924    -0.230178687317721
     0.112674269665683    -0.155362094138315    -0.213071666944751
     0.234576060627067    -0.227089865873114    -0.467521525761518
53 33
     0.000476030216735    -0.099572367688939     0.078215622366728
     0.051690484834055    -0.042604258006866    -0.021199553072352
    -0.011403987603110     0.023668773499145    -0.012043349902501
53 34
    -0.017850441352179     0.001122863690217     0.007370023478822
     0.047479765574288     0.008781057297610     0.031348362544292
    -0.080946929074599    -0.013753335103877    -0.006629902137647
53 35
    -0.030695681611004    -0.017240854109283     0.032751183814621
    -0.129905767839276     0.135671196137835     0.096987717361385
     0.066574457617124    -0.041252920487563    -0.068161562627432
53 36
    -0.026272537710941     0.134703164829770    -0.074894416604290
     0.011657516753276     0.136950228772446    -0.039420018548495
    -0.027462788154477     0.095804807568283    -0.056167096444720
53 37
    -0.097672867359436    -0.020079164110660    -0.061707016411667
    -0.023373842245173     0.000140819362403    -0.027079231337819
    -0.053256063882951    -0.032899046233522    -0.025221117449283
53 38
    -0.118172933715319     0.125527273471590     0.072224539550061
    -0.026254248736208    -0.046018365286974     0.051448243369694
     0.032203882460552    -0.087627427402408    -0.131038613978734
53 39
    -0.007448504742935    -0.014215336638024     0.011903506857048
     0.000805868717370    -0.039864649994449     0.006463364393990
     0.019619141315144     0.002628756881521    -0.038544011639128
53 40
    -0.038354230242742     0.023368266274572    -0.005416068679874
    -0.003224430302646    -0.046294271412790     0.010396929721785
     0.010291889504072     0.014089318658256    -0.020406752383459
53 41
    -0.015354239075138     0.015209566654399     0.007358908084244
     0.020055461014660     0.015878223683229     0.016261613429607
    -0.010515633155850    -0.028483065471721     0.023793439253833
53 42
    -0.022087234017546    -0.008592539370218     0.021153582640573
     0.020743618277754    -0.037474349391254    -0.017257242659579
    -0.020097353887414     0.015014888010425    -0.031176149632056
53 43
    -0.007460831397044     0.000808599272262     0.019613784624286
    -0.014216793282029    -0.039878840526372     0.002626736375320
     0.011900875500136     0.006467113033402    -0.038565516716755
53 44
    -0.038360636343798    -0.003230235994882     0.010293836917025
     0.023363771039846    -0.046305908901994     0.014089637135977
    -0.005420689217310     0.010396073486599    -0.020423302783089
53 45
    -0.097699426313038    -0.023372589218072    -0.053252722477348
    -0.020114269753281     0.000106867548903    -0.032940610186662
    -0.061708436509048    -0.027082510092068    -0.025235240108904
53 46
    -0.118187296538468    -0.026275236940155     0.032204874440341
     0.125520961347567    -0.046010753147333    -0.087620577520920
     0.072222435508720     0.051425213775761    -0.131054715376986
53 47
    -0.015372434072838     0.020049838055543    -0.010515612272065
     0.015184438240071     0.015870977009827    -0.028492071604012
     0.007356898019936     0.016264291775036     0.023780366004409
53 48
    -0.022105590864580     0.020744521501457    -0.020102731462057
    -0.008595551856207    -0.037487970840035     0.015021059168899
     0.021149922757247    -0.017252721320122    -0.031192026529619
53 49
     0.004341279462777     0.032653698306138    -0.052097436710884
     0.036491036373499    -0.103886576545382    -0.013018873268443
    -0.053696153105663     0.050359274062567     0.084510694779119
53 50
    -0.043371194128010    -0.150767750189588     0.113658308394968
    -0.155949774290723    -0.222035514791711    -0.079143791750133
     0.132325618998277    -0.037882966749938     0.252773230241018
53 51
     0.004334351267096     0.036497040461693    -0.053701400156650
     0.032629373917534    -0.103875602116353     0.050390604961046
    -0.052096037497287    -0.013018189324484     0.084514448639477
53 52
    -0.043376770098610    -0.155955595645797     0.132326501338194
    -0.150702175104620    -0.221973583927229    -0.037854617011771
     0.113653776613618    -0.079144094565015     0.252773063170738
53 53
     2.980172895191139     0.513537092621299     0.615674077867011
     0.513537092621299     3.590681180878924    -0.519831580287710
     0.615674077867011    -0.519831580287710     4.064706684775354
53 54
    -0.053070824709807    -0.030986697155284    -0.048789345965440
    -0.030987997170901     0.043328632974135     0.001159086615338
    -0.048787372447755     0.001156523130726     0.034137893244804
54 1
     0.025503471443725     0.003203405552075    -0.030197472814576
    -0.002263781412586     0.030333441917907    -0.014309532950365
    -0.013148665992354    -0.009581203857885     0.020117344890626
54 2
    -0.023973405271259    -0.002033626438806    -0.007298418200929
     0.013188976918392     0.006721874326883     0.027500368525624
     0.026473653781648     0.007066065208775     0.036720528287105
54 3
     0.079672349907144    -0.028974038036639    -0.010831510846198
     0.001340587590963     0.035401487541338     0.014811192792268
    -0.026150879221296     0.023212708180891     0.079966915694877
54 4
    -0.043932607699806    -0.030074373343764     0.012130445727935
     0.000817673276854    -0.021271523816484     0.011316421892514
     0.019685494321105    -0.006682644136720     0.080169958294752
54 5
     0.005317272713882    -0.007518783900479     0.004599695418638
    -0.012912313755369     0.016364962060734     0.004677221249585
     0.001163795908860     0.001160397072848    -0.001750828663933
54 6
     0.004190284476123    -0.029550425282297     0.019140495404335
     0.023318458447295    -0.003308644165747     0.028406453306368
     0.004679993572047     0.003355543925960    -0.018357019325455
54 7
    -0.016313071075901    -0.081159792274380     0.073101856916938
    -0.305376842912316     0.218656831631947     0.292456426248358
     0.294403421525948    -0.055248925173395    -0.415625382633514
54 8
     0.049723153970801     0.064354354640911    -0.009566125765099
     0.174997211549000     0.085465005440425     0.082702707195582
    -0.103615196979969    -0.017188973566342    -0.072702872204095
54 9
     0.046650099783885     0.075069913491722    -0.032298303273582
     0.083028577777063    -0.104343524203553     0.133131900170402
     0.004155053530791     0.101424440942658    -0.019690438557209
54 10
     0.013380444680419     0.005158127830123    -0.000959536828508
    -0.033524050930710    -0.003116529006384     0.000984221462403
     0.010565226924330     0.011513486508926    -0.004744148559634
54 11
     0.018137468093520     0.121004738417662     0.071540987161564
     0.015055188494571    -0.055199785627238    -0.022781990556707
     0.115952073701899    -0.069175872403105     0.028844636883697
54 12
     0.099244633229645     0.041547867404374    -0.042990023283790
     0.085805108321399    -0.030334856794342    -0.090926214421624
     0.057675171991559     0.012615800554682    -0.109412540922988
54 13
    -1.818801557225274    -0.577394564586131    -0.803717410802962
    -0.887377122668117    -0.935916771657943    -0.546270065775381
    -1.037713930732833    -0.369365198778826    -1.148244641715355
54 14
     0.099523917307689     0.080952870511438     0.121393839879243
     0.091188405121628    -0.191491976775538    -0.059645703294868
    -0.060137406792262     0.066445202650678    -0.035066276687006
54 15
     0.020522412005856     0.031753904765632    -0.038522553550018
     0.009170519004483     0.029808929994244     0.019290628934857
     0.029797449133428     0.035336768691555    -0.051382386353627
54 16
     0.024508834193542     0.025746062711486    -0.004488765973548
     0.011384654439126     0.051649771895155     0.036497813161739
    -0.024519735529323    -0.002140614069473    -0.028677999942062
54 17
    -0.000708106498737     0.005874154504329     0.010706495288111
    -0.024218648779717     0.003904693495003     0.002471695155318
     0.003024029501576     0.000008003710610    -0.002825456031696
54 18
    -0.052935946784243     0.162756776146301    -0.034215648797387
     0.190789822155533    -0.095850355103416    -0.019269484102523
    -0.050322184460368     0.152250096913280    -0.234479191190243
54 19
     0.007918739709326    -0.005325067586642     0.010039430647888
     0.006781309579056    -0.004958844311552     0.006981172622661
     0.002506534529680     0.001867260986376    -0.010704704503545
54 20
     0.036507931355582     0.003894329916685     0.005187051872378
    -0.006004265705962     0.006016033718822    -0.001669178285443
    -0.019081404734616     0.006533178887318    -0.010544896559612
54 21
     0.011602947423014     0.004055678039764    -0.030395278805357
    -0.015865568109506     0.016134039607855    -0.026492840759136
     0.012383813028767    -0.019865810141930     0.008041646005126
54 22
     0.047086382936777     0.014805559391258    -0.012502412043906
    -0.004509848154528     0.059383956375296     0.009043571696282
     0.027391934692844     0.002253924266056     0.020981270530357
54 23
     0.001845421768189    -0.008923923270945    -0.010366528151740
    -0.028255098074422    -0.038227058433851    -0.019511803881078
     0.026746380351195     0.016322515767677     0.014033950523216
54 24
     0.007537020665750     0.041870542766747    -0.032304876444918
    -0.002895364502057    -0.029727086440743    -0.007782895908705
     0.011390663748266    -0.040052859886013     0.055018107139441
54 25
    -0.553795031276227    -0.136321642506127     0.124416767761159
     0.136466706497835    -2.297610048300532     1.060679850005174
    -0.129109845024523     1.068400444362212    -1.376801363764620
54 26
    -0.006928728217525    -0.000083733536045    -0.002398163348256
     0.000600440145056    -0.011015037548970    -0.001094169369597
    -0.000318467279691    -0.003561019486790     0.009337145504227
54 27
    -0.001516303758137    -0.052183498788959     0.041194106527995
     0.024698359763562     0.096612837757403    -0.000914151142709
    -0.001879859129690    -0.031371867244335    -0.087530594512207
54 28
     0.019308782164988    -0.005563346352795    -0.022391166182861
     0.033530462252712     0.005505649675726    -0.023390277783985
    -0.022775276419822     0.008822720448729    -0.013960773740500
54 29
    -0.191199781297404    -0.009967506892273     0.203622881946743
    -0.074058741504747     0.143124498930379     0.000134575110681
     0.035681789703902     0.059297142480960    -0.178156520989002
54 30
    -0.181796757893326     0.066001777243308    -0.047442362715314
     0.012450051173910     0.139084582927360     0.063289683617657
    -0.184950768072879    -0.004175070638734    -0.192423816484160
54 31
     0.375652857447534    -0.125326820461058    -0.230176755567606
     0.112675292971149    -0.155371319550348    -0.213082014860229
     0.234574102772221    -0.227083746924103    -0.467520471130375
54 32
    -0.277278180050546    -0.022305751502122    -0.087349203176454
     0.034280268449191     0.120562023058983    -0.130710889961332
     0.077411471340676    -0.111356069492264    -0.071562455692566
54 33
    -0.017851897996184     0.001126638434360     0.007366765608359
     0.047477536230237     0.008776729133165     0.031353087500654
    -0.080947722658430    -0.013758529945402    -0.006623809293367
54 34
     0.000476291264048    -0.099576659306761     0.078212030355704
     0.051695648349902    -0.042615456936584    -0.021193413239556
    -0.011402724134116     0.023664544532678    -0.012035053818901
54 35
    -0.026279063893760     0.134692112086547    -0.074892986065016
     0.011650082125808     0.136948939198721    -0.039422482835127
    -0.027464072507256     0.095796454054274    -0.056161337741001
54 36
    -0.030700761591710    -0.017235434767070     0.032751173372728
    -0.129906054991320     0.135659574311471     0.096991424233226
     0.066565409717263    -0.041239231166482    -0.068160977881451
54 37
    -0.118166036845316     0.125526406794512     0.072222278880333
    -0.026257772874930    -0.046024379817060     0.051440479822612
     0.032198927782556    -0.087622827748757    -0.131044524089895
54 38
    -0.097673666164213    -0.020077117499728    -0.061703309539826
    -0.023374792457392     0.000145278050505    -0.027082839011682
    -0.053258423750659    -0.032899871143030    -0.025221263635778
54 39
    -0.038348043421429     0.023368125309023    -0.005419373538854
    -0.003226388157492    -0.046292235243751     0.010395373879801
     0.010292270633148     0.014088739133221    -0.020410380941107
54 40
    -0.007448562173343    -0.014214772775828     0.011901966677903
     0.000809439844609    -0.039867192595276     0.006462247111491
     0.019619402362457     0.002629623558599    -0.038550657903712
54 41
    -0.022086847667523    -0.008573989348172     0.021150345653894
     0.020743712254787    -0.037495050443157    -0.017257733428527
    -0.020100366373403     0.015031015513408    -0.031175356048225
54 42
    -0.015355006554238     0.015182798862947     0.007356114877998
     0.020050699511675     0.015890534674500     0.016262772479676
    -0.010515043188923    -0.028498848392251     0.023799720052178
54 43
    -0.038360093365387    -0.003231880592953     0.010290944512799
     0.023362079453260    -0.046310952336076     0.014089428298127
    -0.005422281605918     0.010396590360279    -0.020425798395399
54 44
    -0.007457980760388     0.000805398832207     0.019616301120381
    -0.014218615392272    -0.039882312455631     0.002628328763928
     0.011901136547448     0.006465938320494    -0.038564289794385
54 45
    -0.118194047221976    -0.026254259178100     0.032204639497759
     0.125524422834935    -0.046015243161113    -0.087618588340397
     0.072226027519744     0.051444708789079    -0.131052193659945
54 46
    -0.097695134695216    -0.023392674198317    -0.053258794437843
    -0.020116211945288     0.000123924380320    -0.032940756373157
    -0.061704640881121    -0.027083596048889    -0.025232922008767
54 47
    -0.022104311732747     0.020744907851479    -0.020097118944832
    -0.008596366323823    -0.037486623835901     0.015014214508358
     0.021154183049392    -0.017256104493295    -0.031191514876886
54 48
    -0.015369546889559     0.020049331623756    -0.010513581323971
     0.015181817325051     0.015875889920253    -0.028497120259041
     0.007356422913827     0.016264432740585     0.023776471178502
54 49
    -0.043371601361818    -0.150763766607595     0.113656736890145
    -0.155954922143731    -0.222038939732455    -0.079139682865430
     0.132327409782843    -0.037878649027385     0.252768437412355
54 50
     0.004337666567969     0.032654883460938    -0.052098151980521
     0.036494409104780    -0.103891536444325    -0.013017646346073
    -0.053693104073050     0.050353745080482     0.084513106856289
54 51
    -0.043377652438528    -0.155952771113873     0.132332176506774
    -0.150703198410086    -0.221972430098106    -0.037852570400839
     0.113654930442740    -0.079138743095104     0.252768938623196
54 52
     0.004337040054418     0.036494294243963    -0.053696288850266
     0.032625353788918    -0.103868094395638     0.050389163979879
    -0.052091610134863    -0.013016377656133     0.084506444928867
54 53
    -0.053070824709807    -0.030987997170901    -0.048787372447755
    -0.030986697155284     0.043328632974135     0.001156523130726
    -0.048789345965440     0.001159086615338     0.034137893244804
54 54
     2.980073895608243     0.513525888470635     0.615689980869305
     0.513525888470635     3.590732246954249    -0.519801846998785
     0.615689980869305    -0.519801846998785     4.064610958725760